show_id,type,title,director,cast,country,date_added,release_year,rating,duration,listed_in,description
s3352,TV Show,Vientos de agua,Unknown,"Ernesto Alterio, Eduardo Blanco, Héctor Alterio, Darío Valenzuela, Pablo Rago, Angie Cepeda, Marta Etura, Giulia Michelini, Carlos Kaspar","Argentina, Spain","November 1, 2019",2006,TV-MA,1 Season,"International TV Shows, Spanish-Language TV Shows, TV Dramas","José Olaya, a Spanish miner, emigrates to Argentina in 1934, while his son, an architect, moves to Spain after Argentina's economic collapse in 2001."
s557,Movie,The 8th Night,Kim Tae-hyung,"Lee Sung-min, Park Hae-joon, Kim You-jung, Nam Da-reum, Choi Jin-ho, Kim Dong-yeong, Lee Eal",South Korea,"July 2, 2021",2021,TV-14,116 min,"Horror Movies, International Movies, Thrillers","With prayer beads in one hand and an ax in the other, a monk hunts down a millennia-old spirit that's possessing humans and unleashing hell on Earth."
s1855,TV Show,Social Distance,Unknown,"Danielle Brooks, Oscar Nuñez, Mike Colter, Heather Burns, Okieriete Onaodowan, Ajay Naidu, Shakira Barrera, Steven Weber, Helena Howard, Daphne Rubin-Vega, Guillermo Díaz, Miguel Sandoval, Camila Perez, Gianna Aragon, Tom Costanzo, Luca Costanzo, Olli Haaskivi, Marsha Stephanie Blake, Isabella Ferreira, Rocco Luna, Larita Brooks, Misha Brooks, Liam Foley, Zoë Verbil, Anthony Norman, Brian Jordan Alvarez, Max Jenkins, Peter Vack, Rana Roy, Peter Scanavino, Ali Ahn, Tami Sagher, Barbara Rosenblat, Michael Mulheren, Leo Bai-Scanavino, Becky Ann Baker, Dylan Baker, Marcia DeBonis, Raymond Anthony Thomas, Sunita Mani, Kylie Liya Page, David Iacono, Lachlan Riley Watson, Niles Fitch, Will Meyers, Ava DeMary, Lydia Look, Asante Blackk, Ayize Ma'at, Lovie Simone",United States,"October 15, 2020",2020,TV-MA,1 Season,"TV Comedies, TV Dramas","Filmed in isolation, this narrative anthology series features both dark and funny takes on how people strive to stay connected while staying apart."
s2925,Movie,French Toast,"Paul Krüger, Anél Stolp","Lika Berning, Thierry Ballarin, Deon Lotz, Heléne Lombard, Paul du Toit, Roberta Fox, Trudi Conradie, Rod Alexander, Lochner De Kock, Tony Caprari",South Africa,"February 12, 2020",2015,TV-PG,86 min,"Comedies, International Movies, Romantic Movies","With only her mother's diary and a locket as clues, a South African woman travels to Paris in search of the long-lost sibling she never knew she had."
s8495,Movie,THE RUM DIARY,Bruce Robinson,"Johnny Depp, Aaron Eckhart, Michael Rispoli, Amber Heard, Richard Jenkins, Giovanni Ribisi, Amaury Nolasco, Marshall Bell, Bill Smitrovich","United States, United Kingdom","December 6, 2019",2011,R,120 min,"Comedies, Dramas",Johnny Depp stars in this adaptation of Hunter S. Thompson's novel about a boozy journalist who moves to Puerto Rico and falls for a taken woman.
s6647,TV Show,Dramaworld,Unknown,"Liv Hewson, Sean Dulake, Justin Chon, Noo-Ri Bae, Sa-hee Kim, Jimmy Shubert","United States, South Korea, China","May 23, 2016",2016,TV-14,1 Season,"Romantic TV Shows, TV Comedies, TV Dramas","A huge fan of a Korean TV drama is transported to a magical realm where she has the power to alter her favorite show's story line as a ""Facilitator."""
s5368,TV Show,Daughters of Destiny,Vanessa Roth,Unknown,United States,"July 28, 2017",2017,TV-14,1 Season,Docuseries,Five girls from India's most impoverished families attend a boarding school designed to create opportunities as they strive for a brighter future.
s4021,Movie,Finally Found Someone,Theodore Boborol,"John Lloyd Cruz, Sarah Geronimo, Enchong Dee, Christian Bables, Joey Marquez, Yayo Aguila, Tetchie Agbayani, Dennis Padilla, Leo Rialp, Alwyn Uytingco",Philippines,"March 14, 2019",2017,TV-14,125 min,"International Movies, Romantic Movies","After a woman is very publicly left at the altar, the PR expert hired to fix the situation winds up falling in love with her."
s5672,TV Show,Immortal Classic,Unknown,"Jae-suk Han, Sun-Young Park, Du-shim Ko, Ye-jin Lim, Jong-hwan Choi, Ha-Nui Lee, Yun-Hoo Ko, Byeong-Ki Kim, Sun-kyung Kim, Yoon-Sik Baek",South Korea,"December 15, 2016",2012,TV-14,1 Season,"International TV Shows, Korean TV Shows, TV Dramas","Two renowned culinary families led by legendary food icons battle for the position of greatest chef, while protecting their secret kimchee recipes."
s1196,Movie,Operation Varsity Blues: The College Admissions Scandal,Chris Smith,Matthew Modine,United States,"March 17, 2021",2021,R,100 min,Documentaries,Reenactments drive this documentary investigating the mastermind behind a scam to get the kids of rich and famous families into top US universities.
s7372,Movie,Mad World,Chun Wong,"Shawn Yue, Eric Tsang, Elaine Jin, Charmaine Fong",Hong Kong,"September 20, 2018",2016,TV-MA,102 min,"Dramas, International Movies","A stockbroker struggling with bipolar disorder goes to live with his estranged father in a cramped flat, where old resentments bubble to the surface."
s8222,Movie,The Boy,William Brent Bell,"Jim Norton, Rupert Evans, Ben Robson, Lauren Cohan, James Russell, Jett Klyne, Diana Hardcastle","United States, Canada, China","June 1, 2020",2016,PG-13,97 min,"Horror Movies, Independent Movies, Thrillers",A nanny is hired by a couple to look after their boy. She's shocked to learn that her charge is actually a doll that the couple treats like a human.
s959,Movie,Seven,Tosin Igho,"Efa Iwara, Richard Mofe-Damijo, Bimbo Manuel, Daddy Showkey, Patrick Diabuah, Uche Nwaefuna, Eriakha Edgar, Evaezi Ogoro, Sadiq Daba, Uzikwendu, Koffi tha guru, Orezi, Tomi Odunsi",Unknown,"April 30, 2021",2019,TV-14,113 min,"Dramas, International Movies","After his affluent father passes, a man must survive seven days in the Nigerian neighborhood of Ajegunle, where obstacles keep him from his inheritance."
s4589,Movie,My Friend Pinto,Raaghav Dar,"Prateik, Kalki Koechlin, Arjun Mathur, Shruti Seth, Makrand Deshpande, Divya Dutta, Rajendranath Zutshi, Amin Hajee, Karim Hajee, Shakeel Khan",India,"October 1, 2018",2011,TV-14,100 min,"Comedies, International Movies, Sci-Fi & Fantasy",A bright-eyed villager comes face-to-face with the gritty realities of modern-day Mumbai when he sets out to find his childhood friend.
s2053,Movie,"Love, Guaranteed",Mark Steven Johnson,"Rachael Leigh Cook, Damon Wayans Jr., Heather Graham, Caitlin Howden, Brendan Taylor, Sebastian Billingsley-Rodriguez, Sean Amsing, Lisa Durupt, Alvin Sanders, Jed Rees, Kandyse McClure",United States,"September 3, 2020",2020,TV-PG,91 min,"Comedies, Independent Movies, Romantic Movies",Sparks fly when a crusading but cash-strapped attorney takes on a charming client looking to sue a dating site that guarantees its users will find love.
s6985,Movie,Holidays,"Anthony Scott Burns, Nicholas McCarthy, Adam Egypt Mortimer, Gary Shore, Kevin Smith, Sarah Adina Smith, Scott Stewart, Kevin Kolsch, Dennis Widmyer","Madeleine Coghlan, Savannah Kennick, Ruth Bradley, Ava Acres, Sophie Traub, Jocelin Donahue, Harley Morenstein, Harley Quinn Smith, Ashley Greene, Olivia Roush, Seth Green, Clare Grant, Lorenza Izzo, Andrew Bowen","United States, Ireland","July 15, 2016",2016,TV-MA,106 min,"Comedies, Horror Movies","Eight gleefully grim short tales set on Halloween, Mother's Day, St. Patrick's Day and other holidays comprise this chilling horror anthology."
s865,Movie,Taxi No. 9211,Milan Luthria,"Nana Patekar, John Abraham, Sameera Reddy, Sonali Kulkarni, Shivaji Satham, Nassar Abdulla, Kurush Deboo, Smita Jaykar",Unknown,"May 20, 2021",2006,TV-14,116 min,"Dramas, International Movies, Thrillers","When an arrogant scion hails his taxi, a cabbie in desperate need of money sees an opportunity that kicks off an intensely contentious 24-hour showdown."
s7884,Movie,Rocky V,John G. Avildsen,"Sylvester Stallone, Talia Shire, Burt Young, Richard Gant, Tommy Morrison, Sage Stallone, Burgess Meredith, Tony Burton",United States,"August 1, 2019",1990,PG-13,104 min,"Dramas, Sports Movies","Inspired by the memory of his trainer, a broke and seemingly careerless Rocky finds glory in training and takes on an up-and-coming boxer."
s6962,Movie,Here Alone,Rod Blackhurst,"Lucy Walters, Gina Piersanti, Adam David Thompson, Shane West, Ryken A. Whitfield, Abel McSurely Bradshaw, Rebecca Spiro",United States,"July 1, 2017",2016,TV-MA,97 min,Horror Movies,"When she finally encounters two other survivors, a woman alone in a world decimated by a zombie epidemic struggles to trust her new companions."
s1555,TV Show,Children of Adam,Unknown,"Maguy Bou Ghosn, Daniella Rahme, Maxim Khalil, Qays Sheikh Najib, Mohamed Yaghy, Rodney Haddad, Nada Abou Farhat",Lebanon,"December 12, 2020",2020,TV-14,1 Season,"International TV Shows, TV Dramas, TV Thrillers","Amid crime and corruption, the lives of two couples intertwine as unexpected events soon reveal their dark secrets and tainted pasts."
s7882,Movie,Rocky III,Sylvester Stallone,"Sylvester Stallone, Talia Shire, Burt Young, Carl Weathers, Burgess Meredith, Tony Burton, Mr. T, Hulk Hogan, Ian Fried",United States,"August 1, 2019",1982,PG,100 min,"Dramas, Sports Movies","After taking a pounding from a powerful young fighter, humbled world champ Rocky Balboa turns to ex-rival Apollo Creed for help in regaining his form."
s7938,Movie,Sardaarji 2,Rohit Jugraj,"Jaswinder Bhalla, Sonam Bajwa, Diljit Dosanjh, Monica Gill","Australia, India","October 15, 2017",2016,TV-PG,145 min,"Action & Adventure, Comedies, International Movies",A simple farmer's life becomes complicated after he resolves to save his village from an economic crisis by traveling to Australia to earn money.
s3852,TV Show,Unchained Fate,Unknown,"Lenna Lim, Jack Tan, Rickman Chia, Rabbit Chen, Kopi Lim Guo Wei, Agnes Wang, Allan Toh, Mandy Chen, Tan Hau Yen",Unknown,"May 8, 2019",2016,TV-14,1 Season,"International TV Shows, TV Dramas, TV Sci-Fi & Fantasy","A young trio aims to protect the world from evil, armed with magic crystals that allow them to control time, commune with spirits, and more."
s3245,Movie,Shelby American,"Nate Adams, Adam Carolla",Carroll Shelby,United States,"November 22, 2019",2019,TV-MA,119 min,"Documentaries, Sports Movies","Featuring interviews and vintage footage, this documentary traces American icon Carroll Shelby's life of reinvention from farmer to racer to entrepreneur."
s8655,Movie,Una,Benedict Andrews,"Rooney Mara, Ben Mendelsohn, Riz Ahmed, Ruby Stokes, Natasha Little, Tara Fitzgerald, Tobias Menzies","United Kingdom, Canada, United States","April 1, 2018",2016,R,94 min,"Dramas, International Movies","A young woman tracks down the older man who preyed on her as a child, forcing them both to confront the damage done by what happened 15 years earlier."
s4666,Movie,Carbon,Olivier Marchal,"Benoît Magimel, Gringe, Idir Chender, Laura Smet, Michaël Youn, Dani, Patrick Catalifo, Gérard Depardieu","France, Belgium","September 1, 2018",2017,TV-MA,104 min,"Dramas, International Movies, Thrillers","On the verge of losing his business, an entrepreneur launches a carbon tax scam that thrusts him into a web of criminals, intrigue and murder."
s7082,TV Show,Inside the Mind of a Serial Killer,Unknown,Unknown,United States,"July 1, 2019",2015,TV-14,1 Season,"Crime TV Shows, Docuseries","Mixing dramatic re-enactments with real-life footage, this series delves into the tormented psyches of the world's most infamous serial killers."
s4286,Movie,Lilli,Prasobh Vijayan,"Samyuktha Menon, Aaryan Menon, Dhanesh Anand, Kannan Nayar, Sajin Cherukayil, Kevin Jose, Athulya",India,"December 17, 2018",2018,TV-MA,85 min,"Dramas, Independent Movies, International Movies","A woman who's about to give birth finds her maternal instincts kicking in when she's abducted, imprisoned and brutalized by a vicious gang."
s6590,Movie,Defying the Nazis: The Sharps' War,"Ken Burns, Artemis Joukowsky","Tom Hanks, Marina Goldman",United States,"May 1, 2017",2016,TV-14,79 min,Documentaries,"This film documents the story of minister Waitstill Sharp and his wife, Martha, who risked everything to save thousands of refugees fleeing the Nazis."
s3988,Movie,Antoine Griezmann: The Making of a Legend,Unknown,Unknown,Unknown,"March 21, 2019",2019,TV-PG,60 min,"Documentaries, International Movies, Sports Movies","With heart and determination, Antoine Griezmann overcame his small stature to become one of the world’s top soccer players and a World Cup champion."
s5299,TV Show,Gurren Lagann,Unknown,"Tetsuya Kakihara, Katsuyuki Konishi, Marina Inoue, Masaya Onosaka, Nobuyuki Hiyama, Shizuka Ito, Daiki Nakamura, Kisho Taniyama, Rina Sato, Kana Ueda, Kana Asumi, Mitsuki Saiga, Takako Honda, Yukari Fukui, Kiyoyuki Yanada, Michiko Neya, Akio Suyama, Kiyoshi Kawakubo, Narushi Ikeda, Andrea Kwan, Brett Weaver, Bridget Hoffman, Dave Bridges, David Lee Mckinney, Hynden Walch, Kyle Hebert, Michelle Ruff, Yuri Lowenthal",Japan,"September 1, 2017",2007,TV-14,1 Season,"Anime Series, International TV Shows","When a young laborer escapes to the world aboveground, he discovers a violent land in which humans battle robots controlled by a power-hungry noble."
s3252,Movie,Dorasaani,KVR Mahendra,"Anand Deverakonda, Shivatmika Rajasekhar, Kannada Kishore",India,"November 20, 2019",2019,TV-14,134 min,"Dramas, International Movies, Romantic Movies",A village landlord's daughter and an educated commoner must decide if their budding forbidden love is worth resisting a repressive social hierarchy.
s2447,Movie,Cook Off,Tomas Brickhill,"Tendaiishe Chitima, Tendai Nguni, Jesese Mungoshi, Eddie Sandifolo, Charmaine Mujeri, Kudzai Sevenzo, Fungai Majaya, Eugene Zimbudzi, Chimwemwe Chipidza, Kevin Hanssen, Zihlo, Michael Kudakwashe",Zimbabwe,"June 1, 2020",2017,TV-G,100 min,"Comedies, International Movies, Romantic Movies","Yearning for a better life, a single mother with a passion for cooking gets a shot at greatness when her son enters her into a top reality cooking show."
s3331,TV Show,Billy on the Street,Unknown,Billy Eichner,United States,"November 1, 2019",2016,TV-14,4 Seasons,"International TV Shows, Reality TV, TV Comedies","Comedian Billy Eichner sprints through New York with celebrities to stun pedestrians with unapologetic, unfiltered and unique pop culture questions."
s2173,Movie,Killing Hasselhoff,Darren Grant,"Ken Jeong, David Hasselhoff, Jim Jefferies, Jon Lovitz, Rhys Darby, Dan Bakkedahl, Jennifer Ikeda, Will Sasso, Colton Dunn",United States,"August 1, 2020",2017,R,80 min,Comedies,"In major debt to a loan shark, a nightclub owner who's entered in a celebrity death pool tries to murder a famous figure for half a million dollars."
s7602,Movie,NOVA: Building Chernobyl's MegaTomb,Martin Gorst,Eric Meyers,United States,"July 1, 2019",2017,TV-PG,53 min,Documentaries,"Thirty years after Chernobyl’s nuclear disaster, engineers race against time to complete a new dome to contain the reactor’s lethal radiation."
s373,Movie,Rurouni Kenshin: The Beginning,Keishi Otomo,"Takeru Satoh, Kasumi Arimura, Issey Takahashi, Nijiro Murakami, Masanobu Ando, Kazuki Kitamura, Yosuke Eguchi",Unknown,"July 30, 2021",2021,TV-MA,138 min,"Action & Adventure, International Movies","Before he was a protector, Kenshin was a fearsome assassin known as Battosai. But when he meets the gentle Tomoe Yukishiro, his story begins to change."
s659,TV Show,"Nevertheless,",Unknown,"Song Kang, Han So-hee, Chae Jong-hyeop, Lee Yul-eum, Yang Hye-ji",Unknown,"June 20, 2021",2021,TV-14,1 Season,"International TV Shows, Romantic TV Shows, TV Dramas",The intoxicating charm of a flirtatious art school classmate pulls a reluctant love cynic into a friends-with-benefits relationship.
s7136,Movie,John & Jane,Ashim Ahluwalia,Unknown,India,"August 15, 2016",2005,TV-14,79 min,"Documentaries, International Movies",Truth and fiction blend in this quasi-documentary about six exhausted workers at a Mumbai call center servicing U.S. customers.
s5056,Movie,Expedition Happiness,Selima Taibi,"Selima Taibi, Felix Starck",Germany,"January 31, 2018",2017,TV-PG,96 min,"Documentaries, International Movies","A filmmaker and his musician girlfriend attempt an epic road trip with their dog, traveling across North America in a refurbished school bus."
s6213,Movie,Bad Boys II,Michael Bay,"Will Smith, Martin Lawrence, Jordi Mollà, Gabrielle Union, Peter Stormare, Theresa Randle, Joe Pantoliano, Michael Shannon, Jon Seda, Yul Vazquez",United States,"October 1, 2019",2003,R,147 min,"Action & Adventure, Comedies","In this hyperkinetic sequel, a pair of Miami narcotics cops investigate a Cuban drug kingpin's connection to Florida's influx of Ecstasy."
s1431,TV Show,Pretend It’s a City,Unknown,Fran Lebowitz,United States,"January 8, 2021",2021,TV-14,1 Season,Docuseries,"Wander the New York City streets and fascinating mind of wry writer, humorist and raconteur Fran Lebowitz as she sits down with Martin Scorsese."
s3419,Movie,League of Legends Origins,Leslie Iwerks,Unknown,United States,"October 16, 2019",2019,TV-MA,78 min,Documentaries,"Fans, experts and creators of the ""League of Legends"" detail the game’s rise from free demo to global esports titan."
s2563,Movie,Arctic Dogs,Aaron Woodley,"Jeremy Renner, Heidi Klum, James Franco, John Cleese, Omar Sy, Michael Madsen, Laurie Holden, Anjelica Huston, Alec Baldwin, Donny Falsetti","India, United Kingdom, China, Canada, Japan, South Korea, United States","May 4, 2020",2019,PG,93 min,"Children & Family Movies, Comedies","When he stumbles upon evil Otto Von Walrus's scheme to melt the Arctic, ambitious delivery fox Swifty assembles a ragtag crew to protect the planet."
s5468,Movie,Without Gorky,Cosima Spender,Unknown,United Kingdom,"May 31, 2017",2011,TV-14,80 min,Documentaries,"A filmmaker trains the camera on her own family as she examines the impact her grandfather, troubled artist Arshile Gorky, had on three generations."
s765,Movie,Trippin' with the Kandasamys,Jayan Moodley,"Jailoshini Naidoo, Maeshni Naicker, Madhushan Singh, Mishqah Parthiephal, Koobeshan Naidoo, Yugan Naidoo, Mariam Bassa, Uraysha Ramrachia",South Africa,"June 4, 2021",2021,TV-14,94 min,"Comedies, International Movies, Romantic Movies","To rekindle their marriages, best friends-turned-in-laws Shanthi and Jennifer plan a couples' getaway. But it comes with all kinds of surprises."
s2610,TV Show,Nadiya’s Time to Eat,Unknown,Nadiya Hussain,United Kingdom,"April 29, 2020",2020,TV-G,1 Season,"British TV Shows, International TV Shows, Reality TV","On this cooking show, Nadiya Hussain serves up delicious shortcuts, vital ingredients and fast favorites — perfect for today's time-strapped families."
s1813,Movie,Brave Blue World: Racing to Solve Our Water Crisis,Tim Neeves,"Liam Neeson, Matt Damon, Jaden Smith","Canada, United Kingdom","October 21, 2020",2020,TV-PG,51 min,"Documentaries, International Movies","From reuse to energy generation, new innovations across five continents are explored in this documentary about building a future for sustainable water."
s1873,Movie,The Forty-Year-Old Version,Radha Blank,"Radha Blank, Peter Kim, Oswin Benjamin, Imani Lewis, Haskiri Velazquez, Antonio Ortiz, T.J. Atoms, Reed Birney",United States,"October 9, 2020",2020,R,124 min,"Comedies, Dramas, Independent Movies","Desperate for a breakthrough as she nears the big 4-0, struggling New York City playwright Radha finds inspiration by reinventing herself as a rapper."
s954,Movie,The Whole Truth,Courtney Hunt,"Keanu Reeves, Renée Zellweger, Gugu Mbatha-Raw, Gabriel Basso, Jim Belushi, Jim Klock, Ritchie Montgomery, Christopher Berry",United States,"May 1, 2021",2016,R,93 min,"Dramas, Thrillers","Trying to earn an acquittal for a teen client accused of murdering his wealthy father, a defense attorney uncovers disturbing facts about the victim."
s4726,Movie,Haider,Vishal Bhardwaj,"Shahid Kapoor, Tabu, Shraddha Kapoor, Kay Kay Menon, Irrfan Khan, Narendra Jha",India,"August 2, 2018",2014,TV-MA,154 min,"Dramas, International Movies, Romantic Movies",Shahid Kapoor delivers a searing performance in this Bollywood take on Hamlet that unfolds amid Kashmiri culture and history.
s2847,TV Show,Velvet,Carlos Sedes,"Paula Echevarría, Miguel Ángel Silvestre, Aitana Sánchez-Gijón, Manuela Velasco, Manuela Vellés, Marta Hazas, Javier Rey, Maxi Iglesias, Cecilia Freire, Adrián Lastra, Miriam Giovanelli, Natalia Millán, José Sacristán, Ingrid Rubio, Peter Vives, Llorenç González, Ángela Molina, Pastora Vega",Spain,"March 4, 2020",2016,TV-14,4 Seasons,"International TV Shows, Romantic TV Shows, Spanish-Language TV Shows","In 1950s Spain, the heir to a fashion house romances a beautiful seamstress who works for the company, despite the objections of his family."
s1224,TV Show,Dealer,"Ange Basterga, Nicolas Lopez","Abdramane Diakité, Mohamed Boudouh, Sébastien Houbani, Idir Azougli, Julien Meurice, Abdillah Assoumani, Jean-Toussaint Bernard, Romain Vissol",France,"March 10, 2021",2021,TV-MA,1 Season,"Crime TV Shows, International TV Shows, TV Action & Adventure",Tensions erupt when two filmmakers infiltrate an area ruled by gangs to shoot a music video for a rapper in this gritty found-footage series.
s2546,Movie,Andaz Apna Apna,Rajkumar Santoshi,"Aamir Khan, Salman Khan, Raveena Tandon, Karisma Kapoor, Paresh Rawal, Mehmood, Deven Verma, Jagdeep, Shakti Kapoor",India,"May 11, 2020",1994,TV-14,160 min,"Action & Adventure, Comedies, Cult Movies","Broke and with no concrete plans for the future, two young men discover that a stunning heiress lives nearby and try to charm her into marriage."
s8199,Movie,The Autopsy of Jane Doe,André Øvredal,"Emile Hirsch, Brian Cox, Ophelia Lovibond, Michael McElhatton, Parker Sawyers, Jane Perry, Olwen Catherine Kelly","United Kingdom, United States","December 30, 2018",2016,R,86 min,"Horror Movies, Independent Movies, Thrillers",A father-son team of small-town coroners performs an autopsy on an unidentified woman with mysterious injuries and a terrifying secret.
s7428,Movie,Maynard,Samuel D. Pollard,Unknown,United States,"September 2, 2018",2017,TV-PG,100 min,Documentaries,"Friends, family and political titans recall the impact of Atlanta's Maynard Jackson, the first African-American mayor of a major Southern city."
s8539,Movie,The Truth About Alcohol,David Briggs,Javid Abdelmoneim,United Kingdom,"August 1, 2017",2016,TV-14,58 min,"Documentaries, International Movies","Emergency room doctor Javid Abdelmoneim endeavors to learn the truth about alcohol, both its benefits and risks, by exploring the science of drinking."
s4409,TV Show,Westside,Unknown,Unknown,United States,"November 9, 2018",2018,TV-MA,1 Season,Reality TV,Nine struggling musicians share the spotlight in this deeply personal reality series about the challenges and thrills of staging a Hollywood showcase.
s8368,Movie,The Invitation,Karyn Kusama,"Logan Marshall-Green, Emayatzy Corinealdi, Aiden Lovekamp, Michelle Krusiec, Mike Doyle, Jordi Vilasuso, Jay Larson, Marieh Delfino, Tammy Blanchard, Michiel Huisman, Lindsay Burdge, John Carroll Lynch",United States,"July 8, 2016",2015,TV-MA,100 min,"Horror Movies, Independent Movies, Thrillers","A man accepts an invitation to a dinner party hosted by his ex-wife, an unsettling affair that reopens old wounds and creates new tensions."
s7856,Movie,Rememory,Mark Palansky,"Peter Dinklage, Julia Ormond, Martin Donovan, Anton Yelchin, Henry Ian Cusick, Evelyne Brochu, Matt Ellis, Colin Lawrence, Chad Krowchuk, Gracyn Shinyei","United Kingdom, United States, Canada","June 1, 2020",2017,PG-13,112 min,"Dramas, Sci-Fi & Fantasy","A psychologist is murdered after unveiling a breakthrough invention that extracts memories, spurring a fixated former patient to hunt for answers."
s7087,Movie,Internet Famous,Michael Gallagher,"Shane Dawson, Steve Greene, Amanda Cerny, Christian Delgrosso, Wendy McColm, Richard Ryan, Roger Bart, John Michael Higgins, Missi Pyle, Jimmy Tatro, Tay Zonday, Adam Busch",United States,"July 21, 2016",2016,TV-14,87 min,Comedies,Five viral Internet celebrities travel to a competition that will award one of them their own television series in this ensemble comedy.
s2297,Movie,I Am Not Your Negro,Raoul Peck,"Samuel L. Jackson, Joey Starr","Switzerland, France, Belgium, United States","July 3, 2020",2017,PG-13,94 min,Documentaries,"Based on James Baldwin's unfinished book, this visual essay explores racism through the stories of Medgar Evers, Malcolm X and Martin Luther King Jr."
s4699,Movie,To All the Boys I’ve Loved Before,Susan Johnson,"Lana Condor, Noah Centineo, Janel Parrish, Anna Cathcart, Andrew Bachelor, Trezzo Mahoro, Madaleine Arthur, Israel Broussard, Emilija Baranac, John Corbett",United States,"August 17, 2018",2018,TV-14,100 min,"Comedies, International Movies, Romantic Movies","When her secret love letters somehow get mailed to each of her five crushes, Lara Jean finds her quiet high school existence turned upside down."
s7018,TV Show,How to Live Mortgage Free with Sarah Beeny,Unknown,Unknown,Unknown,"September 15, 2018",2018,TV-MA,1 Season,"British TV Shows, International TV Shows, Reality TV",Real estate expert and TV presenter Sarah Beeny meets with clever property owners who share their colorful stories about living mortgage free.
s2324,Movie,The Mirror Boy,Obi Emelonye,"Edward Kagutuzi, Genevieve Nnaji, Osita Iheme, Fatima Jabbe, Victor Carvalho, Felix Ceesay, John Charles Njie, Momodu Musa Ceesay","United Kingdom, Nigeria","June 30, 2020",2011,TV-14,86 min,"Action & Adventure, Dramas, International Movies","A young boy is taken to his mother's birth home in Africa, where a mystical adventure in an ominous forest turns into a journey of self-discovery."
s5872,TV Show,Chelsea Does,Unknown,Chelsea Handler,United States,"January 23, 2016",2016,TV-MA,1 Season,"Docuseries, Science & Nature TV","In a provocative documentary series, comedian Chelsea Handler confronts personal and cultural hang-ups around four topics that fascinate her."
s1315,TV Show,Chappelle's Show,Unknown,Dave Chappelle,United States,"February 12, 2021",2005,TV-MA,2 Seasons,TV Comedies,"The brilliant Dave Chappelle performs blistering stand-up, impressions and sketches that skewer topics like racism, politics, celebrities and sex."
s8547,Movie,The Unknown Girl,"Jean-Pierre Dardenne, Luc Dardenne","Adèle Haenel, Olivier Bonnaud, Jérémie Renier, Louka Minnella, Christelle Cornil, Olivier Gourmet, Fabrizio Rongione, Thomas Doret","Belgium, France","December 12, 2017",2016,TV-MA,106 min,"Dramas, International Movies",A guilt-ridden doctor in a Belgian town tries to uncover the identity of a woman who died after being turned away from her office.
s6567,Movie,Dark Places,Gilles Paquet-Brenner,"Charlize Theron, Nicholas Hoult, Chloë Grace Moretz, Tye Sheridan, Sterling Jerins, Corey Stoll, Christina Hendricks, Drea de Matteo, Sean Bridgers, Andrea Roth","United States, United Kingdom, France","July 26, 2018",2015,R,113 min,"Dramas, International Movies, Thrillers","Years after surviving a brutal crime as a child, Libby Day comes to believe that the brother she testified against for committing it may be innocent."
s920,TV Show,The Sons of Sam: A Descent into Darkness,Joshua Zeman,Unknown,United States,"May 5, 2021",2021,TV-MA,1 Season,"Crime TV Shows, Docuseries","The Son of Sam case grew into a lifelong obsession for journalist Maury Terry, who became convinced that the murders were linked to a satanic cult."
s2381,Movie,Riding Faith,Paco Aguilar,"John Schneider, T.C. Stallings, Grace Van Dien, Marisa Brown, Jimmy Deshler",United States,"June 17, 2020",2020,TV-PG,81 min,"Children & Family Movies, Dramas, Faith & Spirituality","Following her father's death, a young woman struggles to help her mother keep the family ranch afloat while preserving a special bond with her horse."
s2230,TV Show,In The Dark,Unknown,"Perry Mattfeld, Brooke Markham, Casey Deidrick, Keston John, Morgan Krantz, Rich Sommer, Thamela Mpumlwana, Saycon Sengbloh, Kathleen York, Derek Webster",United States,"July 17, 2020",2020,TV-14,2 Seasons,"Crime TV Shows, TV Dramas",A blind woman with vices finds herself in the middle of a murder investigation when her best friend turns up dead.
s5084,Movie,Milada,David Mrnka,"Ayelet Zurer, Robert Gant, Vica Kerekes, Aňa Geislerová, Ivana Chýlková, Vladimír Javorský, Dagmar Bláhová, Jaromír Dulava, Martin Pechlát, Brian Caspe","Czech Republic, United States","January 12, 2018",2017,TV-14,124 min,"Dramas, International Movies",Politician and human rights campaigner Milada Horáková battles against all odds to defend her beliefs in a Czechoslovakia under Communist rule.
s1414,Movie,Tanda Tanya,Hanung Bramantyo,"Reza Rahadian, Revalina S. Temat, Rio Dewanto, Agus Kuncoro Adi, Endhita, Hengky Solaiman, Edmay Solaiman, Dedi Soetomo, M Ibrahim",Indonesia,"January 14, 2021",2011,TV-MA,102 min,"Dramas, International Movies","In a story of interconnected lives, three families of different religious faiths navigate conflicting beliefs, hardships and other struggles."
s6653,TV Show,Dueños del paraíso,Unknown,"Kate del Castillo, Jorge Zabaleta, José María Torre, Tony Dalton, Géraldine Bazán, Ximena Duque, Adriana Barraza, Juan Pablo Llano, Daniela Wong, Tiago Correa, Margarita Muñoz, Miguel Varoni, Ariel Texido, María Luisa Flores, Alberto Jiménez, Andrea López, Maxi Iglesias, Jorge Hernández, Alberto Mateo, Sofía Lama","United States, Chile","February 25, 2017",2015,TV-14,1 Season,"Crime TV Shows, International TV Shows, Spanish-Language TV Shows","When Anastasia Cardona's drug lord husband is murdered, she inherits his cocaine empire, leading to a life of wealth, power, violence and betrayal."
s3661,TV Show,Unrequited Love,Unknown,"Zhu Yanmanzi, Zhao Shunran, Shen Yu, Zhang Yichi, Mengqin, Esther Chen, Zhang Zhehao, He Meixuan, Yuan Baizihui",China,"July 17, 2019",2019,TV-14,1 Season,"International TV Shows, Romantic TV Shows, TV Dramas","A complicated, one-sided secret attraction sends ripples through the lives of a mild-mannered student and her dashing classmate."
s6344,Movie,Blue Streak,Les Mayfield,"Martin Lawrence, Luke Wilson, Peter Greene, Dave Chappelle, Nicole Ari Parker, Graham Beckel, Robert Miranda, Olek Krupa, Saverio Guerra, Richard C. Sarafian, William Forsythe","Germany, United States","January 1, 2021",1999,PG-13,94 min,"Action & Adventure, Comedies",A jewel thief returns to his hiding place after a stint in jail — only to find that his diamond is buried under a newly constructed police station.
s6593,Movie,Den of Thieves,Christian Gudegast,"Gerard Butler, Pablo Schreiber, O'Shea Jackson Jr., 50 Cent, Meadow Williams, Maurice Compte, Brian Van Holt, Evan Jones, Mo McRae, Kaiwi Lyman",United States,"May 1, 2020",2018,R,140 min,Action & Adventure,A highly skilled crew of bank robbers plotting a heist at the supposedly impenetrable Federal Reserve faces off against an elite unit of L.A. cops.
s7755,Movie,Pope Francis: A Man of His Word,Wim Wenders,Pope Francis,"Switzerland, Vatican City, Italy, Germany, France","January 3, 2019",2018,PG,96 min,"Documentaries, Faith & Spirituality, International Movies","Documentary filmmaker Wim Wenders travels the world with Pope Francis, recording the controversial pontiff's humanist views in a sharply divided age."
s1249,Movie,Biggie: I Got a Story to Tell,Emmett Malloy,"The Notorious B.I.G., Sean ""P. Diddy"" Combs",United States,"March 1, 2021",2021,R,98 min,"Documentaries, Music & Musicals","Featuring rare footage and in-depth interviews, this documentary celebrates the life of The Notorious B.I.G. on his journey from hustler to rap king."
s1337,Movie,Blanche Gardin: I talk to myself,Maïa Sandoz,Blanche Gardin,France,"February 5, 2021",2017,TV-MA,88 min,Stand-Up Comedy,"Touching on bulimia, death and cat sodomy, this French actress and comedian is keen to push the envelope in a one-woman show with understated flair."
s4591,Movie,My Little Pony Equestria Girls: Rollercoaster of Friendship,Ishi Rudell,"Ashleigh Ball, Andrea Libman, Rebecca Shoichet, Tabitha St. Germain, Tara Strong, Tegan Moss","United States, Canada","October 1, 2018",2018,TV-Y,44 min,Children & Family Movies,"Rarity gets a summer job at Equestria Land, making Applejack feel jealous. But when their friends start vanishing, they must work together to find them."
s2569,TV Show,Hangar 1: The UFO Files,Unknown,Unknown,Unknown,"May 2, 2020",2015,TV-PG,1 Season,Docuseries,Researchers add context and clarity to UFO mysteries and conspiracy theories as they unpack clues in a trove of files covering decades of sightings.
s6198,Movie,Auschwitz: Blueprints of Genocide,Mike Rossiter,Roy Marsden,United Kingdom,"January 19, 2019",1994,TV-PG,49 min,Documentaries,Newly released KGB files expose evidence proving how architects and engineers conspired with the Nazis to build a camp designed for genocide.
s3239,TV Show,Dolly Parton's Heartstrings,Unknown,"Dolly Parton, Julianne Hough, Kimberly Williams-Paisley, Dallas Roberts, Melissa Leo, Andy Mientus, Katie Stevens, Michael J. Willett, Aidan Langford, Ray McKinnon, Delta Burke, Gerald McRaney, Ben Lawson, Brooke Elliott, Michele Weaver, Tim Reid, Sarah Shahi, Rochelle Aytes, Jessica Collins, Tammy Lynn Michaels, Robert Taylor, Holly Taylor, Shane Paul McGhie, Mary Lane Haskell, Camryn Manheim, Bellamy Young, Patricia Wettig, Timothy Busfield, Tom Brittney, Virginia Gardner, Colin O'Donoghue, Willa Fitzgerald, David Denman, Vanessa Rubio, Mac Davis, Kathleen Turner, Ginnifer Goodwin, Kyle Bornheimer, Tyler Crumley, Mary Donnelly Haskell, Ed Amatrudo",United States,"November 22, 2019",2019,TV-14,1 Season,TV Dramas,"Eight stories celebrating family, faith, love and forgiveness come to life in this series inspired by Dolly Parton's iconic country music catalog."
s5649,Movie,Bee Movie,"Steve Hickner, Simon J. Smith","Jerry Seinfeld, Renée Zellweger, Matthew Broderick, Patrick Warburton, John Goodman, Chris Rock, Kathy Bates, Barry Levinson, Larry King, Ray Liotta",United States,"January 1, 2017",2007,PG,92 min,"Children & Family Movies, Comedies","Barry, a worker bee stuck in a dead-end job making honey, sues humans when he learns they've been stealing bees' nectar all along."
s3872,Movie,John & Yoko: Above Us Only Sky,Michael Epstein,"John Lennon, Yoko Ono",United Kingdom,"May 1, 2019",2018,TV-MA,90 min,"Documentaries, Music & Musicals","Featuring interviews and never-before-seen footage, this film tells the story behind John Lennon and Yoko Ono’s seminal 1971 album, “Imagine.”"
s3082,Movie,How High 2,Bruce Leddy,"Lil Yachty, D.C. Young Fly, Alyssa Goss, DeRay Davis, Mary Lynn Rajskub, Blac Youngsta, Lil Baby, NeNe Leakes, Mike Epps, Al Shearer",United States,"December 31, 2019",2019,TV-MA,89 min,Comedies,"When a pair of friends uncover a weed Bible, their magical stash gets stolen, sending them on a pot-fueled quest through Atlanta to find it."
s6892,Movie,Grand Masti,Indra Kumar,"Riteish Deshmukh, Vivek Oberoi, Aftab Shivdasani, Suresh Menon, Manjari Fadnis, Sonalee Kulkarni, Karishma Tanna, Kainaat Arora, Bruna Abdullah, Maryam Zakaria, Pradeep Singh Rawat",India,"March 1, 2018",2013,TV-MA,93 min,"Comedies, International Movies, Music & Musicals","Leaving their wives at home, three randy friends look forward to some raunchy extramarital fun at their college reunion."
s5034,Movie,FullMetal Alchemist,Fumihiko Sori,"Ryosuke Yamada, Tsubasa Honda, Dean Fujioka, Misako Renbutsu, Kanata Hongo, Shinji Uchiyama, Jun Kunimura, Yo Oizumi, Ryuta Sato, Fumiyo Kohinata, Yasuko Matsuyuki",Japan,"February 19, 2018",2017,TV-PG,134 min,"Action & Adventure, Dramas, International Movies","While alchemist Edward Elric searches for a way to restore his brother Al's body, the military government and mysterious monsters are watching closely."
s6351,Movie,Bobby,Raj Kapoor,"Rishi Kapoor, Dimple Kapadia, Pran, Prem Nath, Sonia Sahni, Durga Khote, Aruna Irani, Prem Chopra, Farida Jalal",India,"December 31, 2019",1973,TV-14,168 min,"Classic Movies, Dramas, International Movies","Raj, the son of strict, wealthy parents, falls in love with Bobby, the daughter of a poor Christian fisherman – a romance his parents oppose."
s7481,TV Show,Momo Salon,Unknown,"Lizzy, Jung-min Park, Sang-hee Lee",South Korea,"July 1, 2017",2014,TV-14,1 Season,"International TV Shows, Korean TV Shows, Romantic TV Shows","An aspiring hair stylist opens her own salon. It turns into a mail-holding hub for busy neighbors, but she seizes the chance to promote her business."
s5667,Movie,Eddie - Strongman,Matt Bell,Eddie Hall,United Kingdom,"December 15, 2016",2015,TV-MA,98 min,"Documentaries, Sports Movies",British strongman Eddie Hall wants to be the strongest man in the world. This documentary reveals the grueling life choices that fuel his obsession.
s3229,Movie,Mike Birbiglia: The New One,Seth Barrish,Mike Birbiglia,United States,"November 26, 2019",2019,TV-MA,86 min,Stand-Up Comedy,Comedian Mike Birbiglia hits Broadway with a hilarious yet profound one-man show that recounts his emotional and physical journey to parenthood.
s2790,Movie,El silencio es bienvenido,Gabriela García Rivas,"Eileen Yáñez, Jorge Luis Moreno, Daniela Newton, Andrea Newton, Luis Eduardo Yee, Enrique Medina, Roberto Fiesco",Mexico,"March 20, 2020",2017,TV-14,95 min,"Dramas, Independent Movies, International Movies","As a teen languishes during a spiritless road trip, she learns of the troubles in her parents' marriage as a crisis in her country looms."
s4492,Movie,Derren Brown: Sacrifice,Unknown,Derren Brown,Unknown,"October 19, 2018",2018,TV-MA,50 min,Movies,Illusionist Derren Brown concocts a psychological experiment in which he tries to manipulate an ordinary person into taking a bullet for a stranger.
s8404,Movie,The Look of Silence,Joshua Oppenheimer,Unknown,"Denmark, Indonesia, Finland, Norway, United Kingdom, Israel, France, United States, Germany, Netherlands","February 26, 2016",2014,PG-13,103 min,"Documentaries, International Movies","In a society terrorized into silence, the brother of a 1960s Indonesian genocide victim learns the identity of his murderers and confronts them."
s7290,Movie,LEGO House - Home of the Brick,"Anders Falck, Stinus Morell Vithner",Bjarke Ingels,Unknown,"June 15, 2018",2018,TV-G,48 min,"Documentaries, International Movies","In Billund, Denmark, a nearly 130,000-square-foot house is constructed with 25 million Lego bricks, capturing the awe of kids of all ages."
s6972,TV Show,Hinterland,Unknown,"Richard Harrington, Mali Harries, Hannah Daniel, Alex Harries, Aneirin Hughes, Daniel Rochford",United Kingdom,"August 1, 2017",2016,TV-14,3 Seasons,"British TV Shows, Crime TV Shows, International TV Shows","Forsaking London for the rustic landscapes of Wales, a police detective with a troubled soul finds himself in a place with secrets as dark as his own."
s7353,Movie,Love You... Love You Not,Sridhar Jetty,"Chelsea Islan, Hamish Daud, Miller Khan, Kemal Pahlevi, R.R. Melati Pinaring, Fico Fachriza, Reynold Hamzah, Rizka Dwi Septiana, Arkanda Saezario Wicaksono",Indonesia,"January 5, 2019",2015,TV-14,115 min,"Comedies, International Movies, Romantic Movies",A love triangle gets complicated when a female English tutor unknowingly gets between a hot-tempered guy and his off-to-the-United States girlfriend.
s4737,Movie,Thank You,Anees Bazmee,"Akshay Kumar, Bobby Deol, Sonam Kapoor, Irrfan Khan, Sunil Shetty, Rimi Sen, Celina Jaitly",India,"August 2, 2018",2011,TV-14,131 min,"Comedies, International Movies, Romantic Movies",Three cheating husbands end up paying the price for their infidelities when their spouses hire a private detective – who falls for one of the wives.
s5052,Movie,The Bros,You-Jeong Chang,"Dong-hwi Lee, Dong-seok Ma, Ha-Nui Lee, Woo-jin Jo, Young-chang Song, Chang-wook Ji, Man-seok Oh, Ye-ji Seo",South Korea,"February 2, 2018",2017,TV-14,102 min,"Comedies, Dramas, International Movies","Reunited in their hometown for their father's funeral, two self-interested brothers meet a peculiar woman who shares a huge secret about their family."
s7091,Movie,InuYasha: The Movie 2: The Castle Beyond the Looking Glass,Toshiya Shinohara,"Kappei Yamaguchi, Satsuki Yukino, Koji Tsujitani, Houko Kuwashima, Kumiko Watanabe, Noriko Hidaka, Kenichi Ogata, Toshiyuki Morikawa, Mieko Harada",Japan,"September 1, 2017",2002,TV-14,99 min,"Action & Adventure, Anime Features, International Movies","With their biggest foe seemingly defeated, InuYasha and his friends return to everyday life. But the peace is soon shattered by an emerging new enemy."
s7380,Movie,Magnus,Benjamin Ree,Magnus Carlsen,Norway,"February 22, 2017",2016,TV-PG,75 min,"Children & Family Movies, Documentaries, International Movies","This dramatic documentary explores the life and mind of Magnus Carlsen, the charismatic Norwegian prodigy who became world chess champion."
s3308,Movie,The Lovers,Azazel Jacobs,"Aidan Gillen, Melora Walters, Tyler Ross, Jessica Sula, Lesley Fera, Tracy Letts, Debra Winger",United States,"November 5, 2019",2017,R,98 min,"Comedies, Dramas, Independent Movies","On the verge of divorce, a middle-aged couple, each involved in a serious affair, rethink their marriage and the meaning of love and fidelity."
s2559,Movie,Si Doel the Movie,Rano Karno,"Rano Karno, Mandra Naih, Cornelia Agatha, Maudy Koesnaedi, Aminah Tjendrakasih, Suty Karno, Salman Alfarizi, Adam Jagwani",Indonesia,"May 7, 2020",2018,TV-PG,86 min,"Dramas, International Movies","Fourteen years after the woman he loved left him, a married man ventures to Amsterdam to find her but must decide where his heart lies."
s3294,TV Show,Little Things,Unknown,"Dhruv Sehgal, Mithila Palkar",India,"November 9, 2019",2019,TV-MA,3 Seasons,"International TV Shows, Romantic TV Shows, TV Comedies","A cohabiting couple in their 20s navigate the ups and downs of work, modern-day relationships and finding themselves in contemporary Mumbai."
s5231,Movie,Christina P: Mother Inferior,Jay Karas,Christina Pazsitzky,United States,"October 10, 2017",2017,TV-MA,59 min,Stand-Up Comedy,"Christina Pazsitzky hits Seattle with a biting dose of reality, telling truths about her childhood, getting older and the horrors of giving birth."
s4919,Movie,Psychokinesis,Sang-ho Yeon,"Ryu Seung-ryong, Shim Eun-kyung, Jung-min Park, Min-jae Kim, Yu-mi Jung",South Korea,"April 25, 2018",2018,TV-MA,102 min,"Action & Adventure, Comedies, International Movies","Suddenly possessed with supernatural powers, a father sets out to help his estranged daughter, who's at risk of losing everything she's lived for."
s4554,TV Show,Monty Python's Personal Best,Unknown,"John Cleese, Terry Gilliam, Terry Jones, Graham Chapman, Michael Palin, Eric Idle","United States, United Kingdom","October 2, 2018",2005,TV-MA,1 Season,"British TV Shows, TV Comedies",Original members of the iconic Monty Python comedy troupe pick their all-time favorite sketches from their groundbreaking television series.
s6166,Movie,Angry Indian Goddesses,Pan Nalin,"Amrit Maghera, Rajshri Deshpande, Pavleen Gujral, Anushka Manchanda, Sandhya Mridul, Sarah-Jane Dias, Tannishtha Chatterjee, Adil Hussain, Arjun Mathur, Anuj Choudhry","India, Germany","March 14, 2017",2015,TV-MA,104 min,"Dramas, Independent Movies, International Movies","A photographer invites a close-knit group of female pals to her Goa home to announce her engagement, which stirs up a riot of emotion in all of them."
s5049,TV Show,Coach Snoop,Unknown,Snoop Dogg,United States,"February 2, 2018",2018,TV-MA,1 Season,"Docuseries, Reality TV","Fueled by his own rough upbringing, Snoop Dogg creates a youth football league to keep at-risk kids off the streets and focused on their goals."
s7408,Movie,Maroon,Pulkit,"Manav Kaul, Devyani Cm, Saurabh Sachdeva, Sarika Singh, Suneel Sinha, Sumeet Vyas",India,"February 1, 2017",2016,TV-MA,94 min,"Dramas, Independent Movies, International Movies","When his wife goes missing, university professor Saurabh remains at home while the police investigate, but his grip on reality loosens as days pass."
s5538,TV Show,The Miracle,Unknown,"Donghyun Kim, Nahyun, Yang Hak Jin, Yoon Hwa Hong",South Korea,"April 10, 2017",2016,TV-14,1 Season,"International TV Shows, Korean TV Shows, TV Dramas","Polar opposites in personality and looks, fraternal twin sisters who live completely different lives wake up one day to find they've switched bodies."
s6945,Movie,He Named Me Malala,Davis Guggenheim,Malala Yousafzai,"United States, United Arab Emirates","June 1, 2018",2015,PG-13,89 min,Documentaries,"This documentary tells the story of a teenage Pakistani girl shot for her advocacy of women's education, her survival, and her continued efforts."
s92,Movie,The Women and the Murderer,"Mona Achache, Patricia Tourancheau",Unknown,France,"September 9, 2021",2021,TV-14,92 min,"Documentaries, International Movies",This documentary traces the capture of serial killer Guy Georges through the tireless work of two women: a police chief and a victim's mother.
s912,TV Show,Sab Jholmaal Hai,Vijay Roche,Unknown,India,"May 7, 2021",2017,TV-Y7,2 Seasons,"Kids' TV, TV Comedies","In this madcap comedy, two mischievous cats, a talking parrot and a high-strung dog keep getting into trouble while their human is away."
s766,Movie,Xtreme,Daniel Benmayor,"Teo García, Óscar Jaenada, Óscar Casas, Andrea Duro, Sergio Peris-Mencheta, Alberto Jo Lee, Luis Zahera, Andrés Herrera, Nao Albet, César Bandera, Isa Montalbán",Spain,"June 4, 2021",2021,TV-MA,112 min,"Action & Adventure, International Movies","In this fast-paced and action-packed thriller, a retired hitman — along with his sister and a troubled teen — takes revenge on his lethal stepbrother."
s1183,TV Show,Formula 1: Drive to Survive,Unknown,Unknown,United Kingdom,"March 19, 2021",2021,TV-MA,3 Seasons,Docuseries,"Drivers, managers and team owners live life in the fast lane – both on and off the track – during one cutthroat season of Formula 1 racing."
s1900,Movie,Turkish Dance School,Burak Aksak,"Binnur Kaya, Demet Özdemir, Uraz Kaygılaroğlu, Okan Çabalar, Bora Cengiz, Nergis Öztürk, Berat Yenilmez, Meltem Gülenç, Hakan Salınmış",Turkey,"October 2, 2020",2017,TV-MA,107 min,"Comedies, International Movies, Romantic Movies",A woman recovering from an attempted suicide meets an aspiring doctor who takes a keen interest in her efforts to move forward in life through dance.
s8062,Movie,Sour Grapes,"Jerry Rothwell, Reuben Atlas",Unknown,United Kingdom,"November 18, 2016",2016,NR,85 min,Documentaries,A dizzying chronicle of excess and deception dissects a fascinating case of fine-wine fraud and the con man who cheated investors out of millions.
s2583,Movie,Madagascar: Escape 2 Africa,"Eric Darnell, Tom McGrath","Ben Stiller, Chris Rock, David Schwimmer, Jada Pinkett Smith, Sacha Baron Cohen, Cedric the Entertainer, Andy Richter, Bernie Mac, Alec Baldwin, Sherri Shepherd",United States,"May 1, 2020",2008,PG,91 min,"Children & Family Movies, Comedies","A botched rescue strands Alex the lion and his companions in Africa. Sadly, Alex discovers he has little in common with the locals."
s2710,Movie,Coffee & Kareem,Michael Dowse,"Ed Helms, Taraji P. Henson, Terrence Little Gardenhigh, Betty Gilpin",United States,"April 3, 2020",2020,TV-MA,88 min,"Action & Adventure, Comedies",An inept Detroit cop must team up with his girlfriend's foul-mouthed young son when their first crack at bonding time uncovers a criminal conspiracy.
s3531,Movie,Article 15,Anubhav Sinha,"Ayushmann Khurrana, Nassar, Manoj Pahwa, Kumud Mishra, Isha Talwar, Sayani Gupta, Mohammed Zeeshan Ayyub, Subhrajyoti Barat, Sushil Pandey, Aakash Dabhade",India,"September 6, 2019",2019,TV-MA,125 min,"Dramas, International Movies, Thrillers",The grim realities of caste discrimination come to light as an entitled but upright city cop ventures into India’s heartland to investigate a murder.
s6680,Movie,El Viaje: Márama y Rombai,Federico Lemos,Unknown,Unknown,"October 18, 2017",2016,TV-PG,79 min,"Children & Family Movies, Documentaries, International Movies",Popular South American bands Márama and Rombai share footage of behind-the-scenes antics and discuss their sudden rise to stardom.
s5196,TV Show,Together,Unknown,"Jeanette Aw, Dai Xiangyu, Elvin Ng, Eelyn Kok, Zheng Geping, Aileen Tan, Zhou Ying, Hong Hui Fang, Zhang Zhenhuan",Singapore,"November 1, 2017",2009,TV-14,1 Season,"International TV Shows, TV Dramas","Spanning 30 years, a group of dedicated and diverse friends experiences happiness and hardship in a newly independent Singapore."
s134,Movie,Chappie,Neill Blomkamp,"Sharlto Copley, Hugh Jackman, Sigourney Weaver, Dev Patel, Ninja, Yo-Landi Visser, Jose Pablo Cantillo, Brandon Auret, Johnny Selema, Maurice Carpede","South Africa, United States","September 1, 2021",2015,R,121 min,"Action & Adventure, Sci-Fi & Fantasy","In a futuristic society where an indestructible robot police force keeps crime at bay, a lone droid evolves to the next level of artificial intelligence."
s1879,TV Show,The 100,Unknown,"Eliza Taylor, Paige Turco, Bob Morley, Marie Avgeropoulos, Christopher Larkin, Henry Ian Cusick, Isaiah Washington, Lindsey Morgan, Devon Bostick, Richard Harmon, Ricky Whittle, Jarod Joseph, Chelsey Reist, Sachin Sahel, Adina Porter","United States, Canada","October 8, 2020",2020,TV-MA,7 Seasons,"TV Action & Adventure, TV Dramas, TV Sci-Fi & Fantasy","A century after Earth was devastated by a nuclear apocalypse, 100 space station residents are sent to the planet to determine whether it's habitable."
s8757,Movie,Woodstock,Barak Goodman,Unknown,United States,"August 13, 2019",2019,TV-MA,97 min,"Documentaries, Music & Musicals","For the 50th anniversary of the legendary Woodstock festival, organizers and attendees reminisce about one of the defining moments of the 1960s."
s32,TV Show,Chicago Party Aunt,Unknown,"Lauren Ash, Rory O'Malley, RuPaul Charles, Jill Talley, Ike Barinholtz, Jon Barinholtz, Matthew Craig, Bob Odenkirk, Mike Hagerty, Katie Rich, Chris Witaske",Unknown,"September 17, 2021",2021,TV-MA,1 Season,TV Comedies,Chicago Party Aunt Diane is an idolized troublemaker with a talent for avoiding adulthood — and a soft spot for her soul-searching nephew.
s4230,Movie,Bill Hicks: One Night Stand,John Fortenberry,Bill Hicks,United Kingdom,"December 31, 2018",1991,TV-MA,28 min,Stand-Up Comedy,"Bill Hicks remembers a wild night in 1989 and offers his views on puffing cigarettes, smoking weed, drinking, sex, commercials and music."
s1721,Movie,What We Wanted,Ulrike Kofler,"Lavinia Wilson, Elyas M'Barek, Anna Unterberger, Lukas Spisser, Iva Höpperger, Fedor Teyml, Marta Manduca, Maria Hofstätter, Tina Haller",Austria,"November 11, 2020",2020,TV-MA,93 min,"Dramas, International Movies",A couple facing fertility issues finds their marriage tested on a vacation to a Sardinian resort — and the family next door only adds to the tension.
s6104,Movie,Ahista Ahista,Shivam Nair,"Abhay Deol, Soha Ali Khan, Shayan Munshi, Kamini Khanna, Sohrab Ardeshir, Murad Ali, Shakeel Khan, Natasha Sinha, Brijendra Kala",India,"December 31, 2019",2006,TV-14,122 min,"Dramas, International Movies, Romantic Movies","Stood up by her groom at the altar, a young woman finds help and healing from another man – until her ex-fiancé returns, hoping to win her back."
s8067,Movie,Speed Is My Need,Mark Sloper,Unknown,United Kingdom,"January 9, 2020",2019,TV-14,75 min,"Documentaries, Sports Movies","This daredevil documentary trails behind and into the minds of the biggest names in one of the world's most dangerous sports, superbike racing."
s6641,Movie,Dr. Seuss' The Grinch,"Scott Mosier, Yarrow Cheney","Benedict Cumberbatch, Cameron Seely, Rashida Jones, Pharrell Williams, Kenan Thompson, Angela Lansbury","France, China, Japan, United States","June 5, 2019",2018,PG,86 min,"Children & Family Movies, Comedies",A grump with a mean streak plots to bring Christmas to a halt in the cheerful town of Whoville. But a generous little girl could change his heart.
s2385,Movie,The Show Must Go On: The Queen + Adam Lambert Story,Unknown,"Adam Lambert, Brian May, Roger Taylor","United Kingdom, United States","June 15, 2020",2019,TV-MA,85 min,"Documentaries, Music & Musicals","With rare footage and candid interviews, this documentary details the serendipitous pairing of legendary rock band Queen and powerhouse Adam Lambert."
s8255,Movie,The Congress,Ari Folman,"Robin Wright, Harvey Keitel, Jon Hamm, Paul Giamatti, Kodi Smit-McPhee, Danny Huston, Sami Gayle, Michael Stahl-David, Michael Landes, Sarah Shahi","Israel, Germany, Poland, Luxembourg, Belgium, France, United States","August 23, 2019",2013,TV-MA,123 min,"Dramas, International Movies, Sci-Fi & Fantasy",Actress Robin Wright plays herself in this surreal drama about a film star who agrees to have her digital image recorded for reuse in future films.
s938,Movie,Motu Patlu in Dragon's World,Suhas Kadav,Saurav Chakrabarty,Unknown,"May 1, 2021",2017,TV-Y7,78 min,"Children & Family Movies, Comedies","A trip to a magical land of dragons turns action-packed when Motu, Patlu and friends must help protect the kingdom from an evil neighbor."
s2515,TV Show,The Big Flower Fight,Unknown,"Natasia Demetriou, Vic Reeves, Kristen Griffith-Vanderyacht",United Kingdom,"May 18, 2020",2020,TV-PG,1 Season,"British TV Shows, International TV Shows, Reality TV","Ten pairs of florists, sculptors and garden designers face off in a friendly floral fight to see who can build the biggest, boldest garden sculptures."
s5739,Movie,Into the Inferno,Werner Herzog,Werner Herzog,"United Kingdom, Germany, Canada","October 28, 2016",2016,TV-PG,107 min,Documentaries,"With stunning views of eruptions and lava flows, Werner Herzog captures the raw power of volcanoes and their ties to indigenous spiritual practices."
s2825,TV Show,The Valhalla Murders,Unknown,"Nína Dögg Filippusdóttir, Björn Thors, Bergur Ebbi, Aldís Amah Hamilton, Sigurður Skúlason, Tinna Hrafnsdóttir, Arndís Hrönn Egilsdóttir, Edda Björgvinsdóttir, Valur Freyr Einarsson, Damon Younger",Iceland,"March 13, 2020",2020,TV-MA,1 Season,"Crime TV Shows, International TV Shows, TV Dramas",An Oslo detective with a painful past returns to his native Iceland to help a dedicated cop hunt a serial killer with a link to a mysterious photo.
s4443,Movie,Himmatwala,Sajid Khan,"Ajay Devgn, Tamannaah Bhatia, Paresh Rawal, Zarina Wahab, Mahesh Manjrekar",India,"November 1, 2018",2013,TV-14,140 min,"Action & Adventure, Comedies, International Movies",A young man returns to his native village on a mission of vengeance after his father commits suicide in the wake of false accusations.
s441,TV Show,Explained,Unknown,Unknown,United States,"July 16, 2021",2021,TV-MA,3 Seasons,"Docuseries, Science & Nature TV","This enlightening series from Vox digs into a wide range of topics such as the rise of cryptocurrency, why diets fail, and the wild world of K-pop."
s2020,Movie,Cycle,Prakash Kunte,"Hrishikesh Joshi, Bhalchandra Kadam, Priyadarshan Jadhav, Deepti Lele, Manoj Kolhatkar, Maithili Patwardhan",India,"September 10, 2020",2018,TV-PG,96 min,"Comedies, Dramas, International Movies","When his prized bicycle is stolen, an astrologer’s search turns into a journey of self-realization — while the thieves learn a few lessons of their own."
s4089,Movie,Shonar Pahar,Parambrata Chatterjee,"Tanuja, Jishu Sengupta, Parambrata Chatterjee, Arunima Ghosh, Shrijato Banerjee, Soumitra Chatterjee, Gargi Roychowdhury",India,"February 22, 2019",2018,TV-PG,131 min,"Dramas, Independent Movies, International Movies",An older woman's unique friendship with a young boy inspires her to examine the strained relationship she shares with her married son.
s4373,TV Show,Paap-O-Meter,Unknown,Unknown,Unknown,"November 20, 2018",2017,TV-Y7,1 Season,"Kids' TV, TV Comedies","A trio of sky-dwelling ghosts must travel to Earth to teach sinning humans a lesson, but they somehow manage to botch each well-intentioned mission."
s4607,Movie,The Birth Reborn,Eduardo Chauvet,Unknown,Unknown,"October 1, 2018",2018,TV-MA,91 min,"Documentaries, International Movies","Featuring experts in their fields and raw and moving footage, this documentary makes a case for increased autonomy in women's choices for childbirth."
s2734,Movie,Kapoor & Sons,Shakun Batra,"Rishi Kapoor, Sidharth Malhotra, Fawad Khan, Alia Bhatt, Ratna Pathak Shah, Rajat Kapoor",India,"April 1, 2020",2016,TV-14,138 min,"Comedies, Dramas, International Movies","Returning home to visit their ill grandfather, two estranged brothers must confront their unresolved rivalry while their parents’ marriage frays."
s762,TV Show,Human: The World Within,Unknown,Unknown,Unknown,"June 4, 2021",2021,TV-PG,1 Season,"Docuseries, Science & Nature TV",Cutting-edge science and captivating personal stories collide in this illuminating docuseries about the incredible workings of the human body.
s1070,Movie,Uppena,Buchi Babu Sana,"Panja Vaisshnav Tej, Krithi Shetty, Vijay Sethupathi",India,"April 14, 2021",2020,TV-14,145 min,"Dramas, International Movies, Romantic Movies","The son of a fishing community falls for a village head's daughter, but they face violent opposition from the girl’s doggedly old-fashioned father."
s4580,Movie,Kismat Konnection,Aziz Mirza,"Shahid Kapoor, Vidya Balan, Juhi Chawla, Om Puri, Vishal Malhotra, Karanvir Bohra, Amit Varma",India,"October 1, 2018",2008,TV-14,145 min,"Comedies, Dramas, International Movies","A man finds his lucky charm in the form of a woman whom he had once clashed with on every level, but on whose presence he must now rely to succeed."
s7650,TV Show,Ollie & Moon,Unknown,"Mattea Conforti, Kobi Frumer",France,"March 28, 2018",2018,TV-Y,1 Season,Kids' TV,"Two quirky cats, Ollie and Moon, and their friend Stanley the snail travel the world, solving everyday problems and learning about different cultures."
s7608,Movie,NOVA: Extreme Animal Weapons,Peter Fison,Doug Averill,United States,"July 1, 2019",2017,TV-PG,53 min,Documentaries,"From huge tusks to giant horns, some animals sport weaponry that’s larger than life. Researchers explain the science behind this biological arms race."
s8335,TV Show,The Great Train Robbery,Unknown,"Luke Evans, Jim Broadbent, Paul Anderson, Martin Compston, Neil Maskell, Jack Roth, George Costigan, Robert Glenister, Nick Moran, Tim Pigott-Smith, James Fox, James Wilby, Jack Gordon, Nicholas Murchie, Del Synnott, Richard Hope, John Salthouse",United Kingdom,"March 31, 2017",2013,NR,1 Season,"British TV Shows, Crime TV Shows, International TV Shows","This two-part tale delivers the true story of the Great Train Robbery of 1963, the biggest one in England's history."
s2379,TV Show,The Order,Unknown,"Jake Manley, Sarah Grey, Max Martini, Matt Frewer, Adam DiMarco, Katharine Isabelle, Louriza Tronco, Aaron Hale, Devery Jacobs, Thomas Elms, Dylan Playfair, Ian Tracey, Sam Trammell",United States,"June 18, 2020",2020,TV-MA,2 Seasons,"International TV Shows, TV Dramas, TV Horror","Out to avenge his mother's death, a college student pledges a secret order and lands in a war between werewolves and practitioners of dark magic."
s2961,Movie,Justice,Richard Gabai,"Nathan Parsons, Jamie-Lynn Sigler, Ellen Hollman, John Lewis, Niko Foster, Quinton Aaron, Jackson Rathbone, Robert Carradine, Lesley-Anne Down, Stephen Lang",United States,"February 1, 2020",2017,R,92 min,Movies,"A U.S. Marshal arrives at a small town in Nevada, only to learn that his preacher brother is dead after standing up to the town's mayor and outlaws."
s6419,Movie,Cappuccino,Noushad,"Dharmajan Bolgatty, Aneesh Menon, Sunil Sukhada, Anita Lukmance, Kottayam Pradeep, Natasha Doshi, Hareesh Perumanna, Sharanya, Vineeth Mohan, Sudhi Koppa",India,"July 1, 2018",2017,TV-PG,126 min,"Comedies, Dramas, International Movies","Richi is a director of commercials whose computer memory drive is accidentally switched with that of Sneha, a woman he soon falls in love with."
s5171,TV Show,The Method,Unknown,"Konstantin Khabenskiy, Paulina Andreeva, Alexander Tsekalo, Alexander Petrov, Ivan Dobronravov, Kirill Poluhin",Russia,"November 15, 2017",2015,TV-MA,1 Season,"Crime TV Shows, International TV Shows, TV Dramas",An ambitious young law enforcement graduate is thrilled when her idol takes her on as a trainee. But his methods aren't anything like she imagined.
s5826,TV Show,La Esclava Blanca,Unknown,"Nerea Camacho, Orián Suárez, Miguel de Miguel, Modesto Lacen, Norma Martínez, Ricardo Vesga, Viña Machado, Andrés Suárez, Natasha Klauss, Miroslava Morales",Colombia,"August 1, 2016",2016,TV-MA,1 Season,"International TV Shows, Spanish-Language TV Shows, TV Dramas","In Colombia in 1821, a white orphan is taken in by black slaves. Years after being torn from them, she returns to find her family and childhood love."
s4226,Movie,Taramani,Ram,"Andrea Jeremiah, Anjali, Vasanth Ravi, Adrian Knight Jesly, Azhagamperumal, Lizzie Antony, Nivas Adithan, Abhishek D Shah",India,"January 1, 2019",2017,TV-MA,148 min,"Dramas, Independent Movies, International Movies","A traditional man and an independent woman share a connection, but they must learn to navigate their vastly different experiences and expectations."
s2934,Movie,Polaroid,Lars Klevberg,"Kathryn Prescott, Mitch Pileggi, Grace Zabriskie, Tyler Young, Samantha Logan, Javier Botet, Katie Stevens, Madelaine Petsch, Priscilla Quintana, Davi Santos, Keenan Tracey","United States, Norway, Canada","February 9, 2020",2019,PG-13,88 min,Horror Movies,A teen's discovery of a vintage Polaroid camera develops into a darker tale when she finds that whoever takes their photo with it dies soon afterward.
s1516,Movie,Guest House,Sam Macaroni,"Pauly Shore, Mike Castle, Aimee Teegarden, Billy Zane, Charlotte McKinney, Louis Ferrigno,  Jr., Erik Griffin, Bobby Lee, Punkie Johnson, Mikaela Hoover, Chris Kattan, Steve-O",United States,"December 18, 2020",2020,R,84 min,Comedies,The only downside to a young couple’s new dream home — and fresh start — is the nightmare of the raucous houseguest in back who refuses to leave.
s696,Movie,Besieged Bread,Soudade Kaadan,"Lama Hakeim, Gabriel Malki, Ehab Shaaban",Unknown,"June 17, 2021",2015,TV-14,12 min,"Dramas, International Movies","In battle-ridden Syria, a woman trying to smuggle bread into a blockaded area crosses paths with a soldier who has deserted the regime's forces."
s3435,Movie,The Influence,Dennis Rovira van Boekholt,"Manuela Vellés, Maggie Civantos, Alain Hernández, Claudia Placer, Daniela Rubio, Emma Suárez, Ramón Esquinas, Felipe García Vélez, Mariana Cordero","Spain, France","October 11, 2019",2019,TV-MA,102 min,"Horror Movies, International Movies","Back in her childhood home to help her sister care for their comatose mother, Alicia must face a dark force from her past that now threatens her child."
s1368,Movie,Hell Fest,Gregory Plotkin,"Amy Forsyth, Reign Edwards, Bex Taylor-Klaus, Tony Todd, Christian James, Matt Mercurio, Michael Tourek, Courtney Dietz, Stephen Conroy",United States,"January 31, 2021",2018,R,89 min,Horror Movies,"A serial killer picks off a group of friends, one by one, as they make their way through a hell-themed amusement park."
s1842,TV Show,The Last Kids on Earth,Unknown,"Nick Wolfhard, Charles Demers, Garland Whitt, Montse Hernandez, Brian Drummond, Giles Panton, Keith David",United States,"October 16, 2020",2020,TV-Y7,3 Seasons,"Kids' TV, TV Comedies","When zombies and monsters invade his hometown, a scrappy 13-year-old orphan teams up with his friends in hopes of surviving the chaos."
s5571,Movie,Howards End,James Ivory,"Anthony Hopkins, Vanessa Redgrave, Helena Bonham Carter, Emma Thompson, James Wilby, Samuel West, Jemma Redgrave, Joseph Bennett, Nicola Duffett, Susie Lindeman","United Kingdom, Japan, United States","March 16, 2017",1992,PG,143 min,"Classic Movies, Dramas, Independent Movies","When a husband, acting in his family's ""best interest,"" does not accept his wife's deathbed wish, providence dictates that he pay for his duplicity."
s307,Movie,'76,Izu Ojukwu,"Ramsey Nouah, Rita Dominic, Chidi Mokeme, Ibinabo Fiberesima, Daniel K. Daniel, Memry Savanhu, Adonijah Owiriwa, Pat Nebo, Nelly Ekwereogu, Shuaibu Ebenesi Adams, Debo Oguns, Ben Nwosu, Ada Ofoegbu",Nigeria,"August 4, 2021",2016,TV-PG,118 min,"Dramas, International Movies","When her husband is accused of taking part in an attempted military coup, a pregnant woman's life takes an emotional turn. Inspired by true events."
s7685,Movie,Our House,Anthony Scott Burns,"Thomas Mann, Nicola Peltz, Percy Hynes White, Kate Moyer, Carlyn Burchell, John Ralston, Christine Horne, Allison Hossack, Lucius Hoyos, Marcia Bennett","Canada, United States, Germany","June 1, 2020",2018,PG-13,90 min,"Horror Movies, Thrillers","A young man invents a device he hopes will generate wireless energy, but instead, it proves to spark sinister, supernatural activity in his home."
s6332,Movie,Blaze,Ethan Hawke,"Benjamin Dickey, Alia Shawkat, Josh Hamilton, Charlie Sexton, Sam Rockwell, Wyatt Russell, Steve Zahn, Kris Kristofferson, Richard Linklater, David Kallaway, Ritchie Montgomery",United States,"August 30, 2020",2018,R,129 min,"Dramas, Independent Movies, Music & Musicals","An influential, if unsung country songwriter reflects on his career, and how the love of his life drove him to write his most personal music."
s4066,Movie,The Spiderwick Chronicles,Mark Waters,"Freddie Highmore, Mary-Louise Parker, Sarah Bolger, Joan Plowright, David Strathairn, Nick Nolte, Seth Rogen, Andrew McCarthy, Martin Short",United States,"March 1, 2019",2008,PG,97 min,Children & Family Movies,"When city-raised twins move to a tumbledown country mansion, it's quite an adjustment – especially after they uncover a magical fantasy world."
s2375,Movie,Stray Bullet,Georges Hachem,"Nadine Labaky, Takla Chamoun, Hend Taher, Badih Abou Chakra, Rodrigue Sleiman, Nazih Youssef, Patricia Nammour, Pauline Haddad, Nasri Sayegh, Joelle Hannah, Inaam Germanos",Lebanon,"June 18, 2020",2010,TV-MA,76 min,"Dramas, International Movies, Romantic Movies","In 1976 Beirut, after a rendezvous with her old flame, soon-to-wed Noha witnesses a violent incident and changes course on a path to self-realization."
s8760,Movie,World's Weirdest Homes,Storm Theunissen,Charlie Luxton,Unknown,"February 1, 2019",2015,TV-PG,49 min,Movies,"From a bubble-shaped palace to an island built on plastic bottles, tour the world’s most fantastically bizarre residences."
s2783,Movie,Tom Segura: Ball Hog,Rami Hachache,Tom Segura,United States,"March 24, 2020",2020,TV-MA,70 min,Stand-Up Comedy,"Tom Segura scores laughs with uncomfortably candid stories about mothers, fathers, following your dreams — and other things you'd rather not think about."
s8173,TV Show,Th Eena Meena Deeka Chase Comedy Show,Dheeraj Berry,"Sanjay Keni, Priya Raina",India,"March 31, 2018",2015,TV-Y7,1 Season,"Kids' TV, TV Comedies","A hungry fox and three resourceful, surprisingly formidable birds turn the animal kingdom on its head in this lively animated series."
s5485,Movie,Natascha Kampusch: The Whole Story,Alina Teodorescu,Unknown,United States,"May 15, 2017",2010,TV-14,51 min,Movies,A Viennese child who was kidnapped and held captive in a basement before escaping after eight years reveals her headline-making story of survival.
s3355,Movie,Grego Rossello: Disculpe las molestias,Juani Libonatti,Grego Rossello,Argentina,"October 31, 2019",2019,TV-MA,65 min,Stand-Up Comedy,"Argentine comedian Grego Rossello takes the stage in Buenos Aires to share his takes on modern stardom, airline dining, brotherly love and more."
s8393,TV Show,The Liar,Unknown,"Aenie Wong, Janelle Chin, Karena Teo, Goh Wee Ping, Sam Chong",Unknown,"October 21, 2017",2013,TV-14,1 Season,"Crime TV Shows, International TV Shows, TV Dramas","At the CARE detective agency, investigators see a lot of action but must always keep their cases secret, even when it affects their personal lives."
s2553,TV Show,Restaurants on the Edge,Unknown,"Nick Liberato, Karin Bohn, Dennis Prescott",Canada,"May 8, 2020",2020,TV-14,2 Seasons,"International TV Shows, Reality TV",Three food and design experts travel the world to revive failing restaurants by connecting them to the local culture beyond their gorgeous views.
s5031,TV Show,Hitler's Circle of Evil,Unknown,"Alisdair Simpson, Henrik Jørgensen, James Lowe, Blake Scott, Peter Turnbull",United Kingdom,"February 22, 2018",2017,TV-14,1 Season,"British TV Shows, Docuseries, International TV Shows","Surviving power struggles, betrayals and plots, Hitler's inner circle of Nazi leaders seizes control of Germany and designs its disastrous future."
s698,TV Show,Elite Short Stories: Carla Samuel,Unknown,"Ester Expósito, Itzan Escamilla",Unknown,"June 17, 2021",2021,TV-MA,1 Season,"International TV Shows, Romantic TV Shows, Spanish-Language TV Shows","Samuel attempts a big, romantic gesture at the airport in order to persuade Carla not to board her flight to London."
s2689,Movie,Moms at War,Omoni Oboli,"Omoni Oboli, Funke Akindele, Yul Edochie, Abayomi Alvin, Adebukola Oladipupo, Sharon Ooja, Eucharia Anunobi, Harriet Akinola, Michelle Dede",Nigeria,"April 13, 2020",2018,TV-14,92 min,"Comedies, Dramas, International Movies","Two fierce mothers become rivals when a school contest forces their kids, both model students, to compete against one another to be the best in class."
s1767,TV Show,The Good Detective,Unknown,"Son Hyun-joo, Jang Seung-jo, Lee Elijah, Oh Jung-se",South Korea,"November 1, 2020",2020,TV-MA,1 Season,"Crime TV Shows, International TV Shows, TV Dramas","When doubts rise about a five-year-old murder conviction, a veteran detective partners with a young hotshot to hunt down the case's hidden truths."
s7923,Movie,Sairat,Nagraj Manjule,"Rinku Rajguru, Akash Thosar, Arbaz Shaikh, Tanaji Galgunde, Suresh Vishwakarma",India,"April 1, 2018",2016,TV-14,173 min,"Dramas, International Movies, Romantic Movies","When two college students – a rich man’s daughter and a fisherman’s son – defy social edicts by falling in love, violence erupts in their village."
s6524,Movie,Compulsion,Craig Goodwill,"Analeigh Tipton, Jakob Cedergren, Marta Gastini, Jan Bijvoet, Anita Kravos, Valentin Merlet","United Kingdom, Canada, Italy","October 4, 2018",2016,TV-MA,84 min,"Dramas, Thrillers","Lured to a majestic, remote villa by an old lover, an erotic novelist finds herself falling for a mysterious woman and descending into a moral abyss."
s2548,Movie,Have a Good Trip: Adventures in Psychedelics,Donick Cary,"Nick Offerman, Adam Scott",United States,"May 11, 2020",2020,TV-MA,86 min,Documentaries,"Explore hallucinogenic highs and lows as celebrities share funny, mind-blowing tales via animations, reenactments and more in this documentary."
s6937,Movie,Haseena Maan Jaayegi,David Dhawan,"Sanjay Dutt, Govinda, Karisma Kapoor, Pooja Batra, Kader Khan, Paresh Rawal, Satish Kaushik, Aruna Irani, Anupam Kher, Ashish Vidyarthi, Aashif Sheikh, Asrani, Razak Khan, Shakti Kapoor, Bindu, Mahavir Shah, Mohan Joshi, Anil Dhawan",India,"March 1, 2018",1999,TV-PG,151 min,"Action & Adventure, Comedies, Dramas","A millionaire opens the door to comic complications when he punishes his spoiled sons for trying to make money through shady, get-rich-quick schemes."
s8218,Movie,The Book of Eli,"Albert Hughes, Allen Hughes","Denzel Washington, Gary Oldman, Mila Kunis, Ray Stevenson, Jennifer Beals, Evan Jones, Joe Pingue, Frances de la Tour, Michael Gambon, Tom Waits",United States,"July 1, 2019",2010,R,118 min,"Action & Adventure, Sci-Fi & Fantasy","Determined to protect a sacred text that promises to save humanity, Eli goes on a quest westward across the barren, postapocalyptic country."
s8679,Movie,Vincent N Roxxy,Gary Michael Schultz,"Emile Hirsch, Zoë Kravitz, Emory Cohen, Zoey Deutch, Beau Knapp, Jason Mitchell, Scott Mescudi, Jeff Gum, Joey Bicicchi",United States,"September 2, 2017",2016,R,101 min,"Dramas, Thrillers","In rural Louisiana, a terse loner forges a redemptive bond with a woman he saved from a killer, but a violent past soon catches up with both of them."
s8030,Movie,Skin Trade,Ekachai Uekrongtham,"Dolph Lundgren, Tony Jaa, Ron Perlman, Celina Jade, Peter Weller, Michael Jai White, Sahajak Boonthanakit, Mike Dopud","Thailand, Canada, United States","December 17, 2018",2014,R,96 min,Action & Adventure,A New Jersey detective whose family was killed by an international gangster teams up with a Bangkok cop on a quest to bring down a criminal empire.
s8116,Movie,Suicide (Hitabdut),Benny Fredman,"Mali Levi, Rotem Keinan, Dror Keren, Igal Naor",Israel,"July 1, 2016",2014,TV-MA,114 min,"International Movies, Thrillers","A failed businessman must kill himself to pay off a loan shark or his family will die, but a detective discovers the case turns on a shocking secret."
s3018,Movie,Jezebel,Numa Perrier,"Tiffany Tenille, Numa Perrier, Stephen Barrington, Bobby Field, Rockwelle Dortch, Zoe Tyson, Dennis Jaffee, Jessa Zarubica, RiRia, Charlie Taylor, Amy Aitken, Brett Gelman",United States,"January 16, 2020",2019,TV-MA,86 min,"Dramas, Independent Movies","During the internet's infancy, a vulnerable woman follows her sister into the sex industry as a webcam model but her sudden popularity tests their bond."
s5252,TV Show,The Royal House of Windsor,Unknown,Unknown,United Kingdom,"September 30, 2017",2017,TV-MA,1 Season,"British TV Shows, Docuseries, International TV Shows","Drawing on newly available info, this show traces how the British royal family has survived the last 100 years of power struggles, politics and more."
s5486,Movie,Ram Jaane,Rajiv Mehra,"Shah Rukh Khan, Juhi Chawla, Vivek Mushran, Pankaj Kapur, Puneet Issar, Tinnu Anand, Deven Verma, Gulshan Grover, Amrit Pal, Arun Bali",India,"May 15, 2017",1995,TV-14,142 min,"Dramas, International Movies, Music & Musicals","Two boyhood pals – one righteous, the other a criminal – take very different paths to adulthood. Their love for the same woman may prove disastrous."
s7364,Movie,Ma Chu Ka,Jayan Vannery,"Pasupathy, Janani Iyer, Pratap Pothen",India,"July 1, 2018",2017,TV-14,117 min,"International Movies, Thrillers",The relationship between a journalist and a lawyer she meets while investigating a story grows complicated as she uncovers layers of deception.
s2021,Movie,Dhh,Manish Saini,"Naseeruddin Shah, Kahaan, Kuldeep Sodha",India,"September 10, 2020",2017,TV-G,127 min,"Children & Family Movies, Dramas, International Movies","Convinced only a miracle can save them from failing school exams, a trio of friends seek help from a magician. To their surprise, he gamely complies."
s3523,Movie,Shanghai Fortress,Teng Huatao,"Lu Han, Shu Qi, Shi Liang, Godfrey Gao, Wang Gongliang, Wang Sen, Sun Jialing, Vincent Matile",China,"September 13, 2019",2019,TV-14,107 min,"Dramas, International Movies, Romantic Movies",A young man falls for a heroic general and soon follows her footsteps as humans defend Earth against extraterrestrials seeking a precious energy source.
s6473,Movie,Chittagong,Bedabrata Pain,"Manoj Bajpayee, Barry John, Delzad Hiwale, Vega Tamotia, Nawazuddin Siddiqui, Rajkummar Rao, Jaideep Ahlawat, Vijay Varma, Dibyendu Bhattacharya","United States, India, Bangladesh","January 1, 2018",2012,NR,105 min,"Dramas, Independent Movies, International Movies","In the turbulent 1930s of British colonial India, a teenager joins a ragtag army of schoolboys determined to overthrow their foreign conquerors."
s5446,TV Show,Flaked,Unknown,"Will Arnett, David Sullivan, Ruth Kearney, George Basil, Lina Esco, Travis Mills, Robert Wisdom, Mark Boone Junior, Matthew Willig, Heather Graham, Kirstie Alley, Sab Shimono, Christopher Mintz-Plasse, Minerva Garcia, Jeff Daniel Phillips",United States,"June 2, 2017",2017,TV-MA,2 Seasons,"TV Comedies, TV Dramas","In his funky California beach enclave, Chip's the go-to guy for personal insights. But he isn't quite as enlightened when it comes to his own baggage."
s2735,Movie,Kuch Kuch Hota Hai,Karan Johar,"Shah Rukh Khan, Kajol, Rani Mukerji, Farida Jalal, Reema Lagoo, Salman Khan, Archana Puran Singh, Himani Shivpuri, Johny Lever, Anupam Kher, Sana Saeed",India,"April 1, 2020",1998,TV-14,185 min,"Comedies, Dramas, International Movies","Per her mother’s last wish, a girl sets out to reunite her father with the college best friend who loved him – only to discover the woman is engaged."
s4214,Movie,El Potro: Unstoppable,Lorena Munoz,"Jimena Barón, Rodrigo Romero, Diego Cremonesi, Daniel Aráoz, Malena Sánchez, Julieta Vallina, Florencia Peña, Simja Dujov, Adan Otero, Fernán Mirás",Unknown,"January 4, 2019",2018,TV-MA,122 min,"Dramas, International Movies, Music & Musicals","Argentine cuarteto singer Rodrigo ""El Potro"" Bueno rises to fame amid personal struggles in this dramatization of the charismatic superstar's life."
s921,TV Show,Selena: The Series,Unknown,"Christian Serratos, Gabriel Chavarria, Ricardo Chavira, Noemi Gonzalez, Seidy Lopez, Hunter Reese Peña, Julio Macias, Carlos Alfredo Jr., Jesse Posey, Madison Taylor Baez, Juan Martinez, Daniela Estrada, Paul Rodriguez Jr.","Mexico, United States","May 4, 2021",2020,TV-PG,2 Seasons,TV Dramas,Iconic Mexican-American performer Selena rises to fame as she and her family make sacrifices in order to achieve their lifelong dreams.
s6054,Movie,A Princess for Christmas,Michael Damian,"Katie McGrath, Sir Roger Moore, Sam Heughan, Travis Turner, Leilah de Meza, Miles Richardson, Charlotte Salt",United States,"August 28, 2020",2011,TV-PG,91 min,"Children & Family Movies, Dramas, Romantic Movies","At the invitation of a relative, young Jules Daly travels with her niece and nephew to a castle in Europe, where Jules falls for a dashing prince."
s237,Movie,Boomika,Rathindran R Prasad,"Aishwarya Rajesh, Vidhu, Surya Ganapathy, Madhuri, Pavel Navageethan, Avantika Vandanapu",Unknown,"August 23, 2021",2021,TV-14,122 min,"Horror Movies, International Movies, Thrillers","Paranormal activity at a lush, abandoned property alarms a group eager to redevelop the site, but the eerie events may not be as unearthly as they think."
s2607,TV Show,Extracurricular,Unknown,"Kim Dong-hee, Jung Da-bin, Park Ju-hyun, Nam Yoon-su, Choi Min-soo, Kim Yeo-jin, Park Hyuk-kwon",South Korea,"April 29, 2020",2020,TV-MA,1 Season,"Crime TV Shows, International TV Shows, Korean TV Shows",A model high school student who's steeped in a world of serious crime finds his double life upended when a classmate takes an interest in his secret.
s5176,TV Show,Lady Dynamite,Unknown,"Maria Bamford, Fred Melamed, Mary Kay Place, Ed Begley Jr., Ana Gasteyer, Lennon Parham, Bridget Everett, Mo Collins, June Diane Raphael, Dean Cain, Ólafur Darri Ólafsson, Patton Oswalt, Keith Lucas, Kenny Lucas, Sarah Silverman, Mira Sorvino, Jon Cryer, Brandon Routh, Adam Pally, Tig Notaro, Andy Samberg, David Spade, Fred Armisen, Jason Mantzoukas, Jenny Slate, Judd Apatow, Judy Greer, Weird Al Yankovic",United States,"November 10, 2017",2017,TV-MA,2 Seasons,TV Comedies,Comedian Maria Bamford stars in a series inspired by her own life. It's the sometimes surreal story of a woman who loses – and then finds – her s**t.
s4498,Movie,Oddbods: Party Monsters,Unknown,"Nadia Ramlee, Chio Su-Ping, Jeremy Linn, Marlon Dance-Hooi",Unknown,"October 19, 2018",2018,TV-Y,23 min,Movies,"Dressed up as detective Sherlock Holmes, Slick must crack the case when a magician turns Jeff's spooky-costume party guests into their scary alter egos."
s2025,Movie,Night of Knots,Hakan Algül,"Şahin Irmak, İrem Sak, Gonca Vuslateri, Emre Karayel, Duygu Yetiş, Onur Buldu, Salih Kalyon, Bilge Şen, Nilgün Belgün, Hakan Akın",Turkey,"September 10, 2020",2018,TV-MA,93 min,"Comedies, International Movies, Romantic Movies",Two exes run into each other at a wedding hall and realize they still harbor romantic feelings. The one problem? They just got married to other people.
s4796,Movie,I Am Kalam,Nila Madhab Panda,"Gulshan Grover, Harsh Mayar, Pitobash, Hussan Saad, Beatrice Ordeix, Sanjay Chauhan",India,"July 1, 2018",2010,TV-PG,87 min,"Children & Family Movies, Comedies, Dramas",An intelligent boy born into poverty befriends the son of a once noble family and is inspired by the life of India's president to pursue an education.
s122,TV Show,Hotel Del Luna,Unknown,"Lee Ji-eun, Yeo Jin-goo, Shin Jung-geun, Seo Yi-sook, Bae Hae-sun, Pyo Ji-hoon, Cho Hyun-chul, Kang Hong-suk, Lee Do-hyun, Lee Tae-seon, Kang Mina, Park You-na, Oh Ji-ho",Unknown,"September 2, 2021",2019,TV-14,1 Season,"International TV Shows, Romantic TV Shows, TV Comedies","When he's invited to manage a hotel for dead souls, an elite hotelier gets to know the establishment's ancient owner and her strange world."
s4417,Movie,ReMastered: Tricky Dick & The Man in Black,Sara Dosa,Unknown,United States,"November 2, 2018",2018,TV-14,59 min,"Documentaries, Music & Musicals","This documentary chronicles Johnny Cash's 1970 visit to the White House, where Cash's emerging ideals clashed with Richard Nixon's policies."
s8430,TV Show,The Most Beautiful Hands of Delhi,Unknown,"Björn Kjellman, Joy Sengupta, Natasha Jayetileke",Sweden,"July 20, 2017",2017,TV-MA,1 Season,"International TV Shows, TV Comedies, TV Dramas","A stalled career, failed marriage and receding hairline drive a middle-aged Swedish man to try to revitalize his life by visiting India."
s2857,Movie,Bhangra Paa Le,Sneha Taurani,"Sunny Kaushal, Rukshar Dhillon, Shriya Pilgaonkar, Parmeet Sethi, Samir Soni, Chaitanya Sharma, Sheeba Chaddha, Akarsh Khurana",India,"March 1, 2020",2019,TV-14,130 min,"Comedies, Dramas, International Movies","Determined to bring traditional bhangra to the world stage, a dancer preps for an international competition against a rival with dreams of her own."
s8795,Movie,اشتباك,Mohamed Diab,"Nelly Karim, Hany Adel, Tarek Abdel Aziz, Ahmed Malek, Ahmed Dash, Husni Sheta, Aly Eltayeb, Amr El Kady, Mohamed Abd El Azim, Gameel Barsoum, Ashraf Hamdy","Egypt, France","October 11, 2018",2016,TV-14,98 min,"Dramas, Independent Movies, International Movies","Amid the tumult following Egyptian President Morsi's ouster, demonstrators from divergent backgrounds are brought together inside a police truck."
s6243,Movie,Barbie: The Princess & the Popstar,Ezekiel Norton,"Kelly Sheridan, Jennifer Waris, Ashleigh Ball, Tiffany Kathryn, Ellie King, Peter Kelamis, Jonathan Holmes, Allison Warnyca, Christopher Gaze, Lauren Lavoie",United States,"October 1, 2017",2012,TV-Y,75 min,Children & Family Movies,"Barbie stars as a princess who would rather sing and dance than be a royal. When a famous pop star visits the kingdom, they decide to switch places."
s8039,Movie,Sling Blade,Billy Bob Thornton,"Billy Bob Thornton, Dwight Yoakam, J.T. Walsh, John Ritter, Lucas Black, Natalie Canerday, James Hampton, Robert Duvall, Rick Dial, Brent Briscoe",United States,"November 1, 2019",1996,R,135 min,"Dramas, Independent Movies","A man returns home after being released from a psychiatric hospital, where he'd been confined since age 12 for murdering his mother and her lover."
s5189,Movie,Hajwala: The Missing Engine,"Ali Bin Matar, Ibrahim Bin Mohamed","Yasser Al Jarraf, Haleem Aljabri, Anwar Aljabri, Omar Aljabri, Ali Almarzouqi, Majed Aldheeb, Yousef Almahmodi, Reem Ali",United Arab Emirates,"November 1, 2017",2016,TV-PG,97 min,"Action & Adventure, Dramas, International Movies",A competitive streetcar racer's obsession with winning drive him to develop a vehicle with an innovative engine that's never been used before.
s1405,TV Show,Henry Danger,Unknown,"Jace Norman, Cooper Barnes, Riele Downs, Sean Ryan Fox, Ella Anderson, Michael D. Cohen",United States,"January 15, 2021",2016,TV-G,3 Seasons,"Kids' TV, TV Comedies","A new part-time job forces Henry Hart to balance two lives, one as a typical teenager and the other as secret superhero sidekick Kid Danger."
s6110,Movie,Albion: The Enchanted Stallion,Castille Landon,"Daniel Sharman, Jennifer Morrison, Debra Messing, Stephen Dorff, John Cleese, Liam McIntyre, Richard Kind, Avery Arendes, Castille Landon","United States, Bulgaria","July 1, 2017",2016,TV-PG,106 min,Children & Family Movies,"After a magical horse transports her to a fantasy world ruled by an evil general, a brave girl sets out to save the land once and for all."
s7356,Movie,LoveTrue,Alma Har'el,Unknown,United States,"May 7, 2017",2016,TV-MA,82 min,Documentaries,"In this blend of documentary and dramatization, circumstances test notions of love held by a young stripper, a single-dad surfer and a teen musician."
s1925,Movie,We Have Always Lived in the Castle,Stacie Passon,"Taissa Farmiga, Alexandra Daddario, Crispin Glover, Sebastian Stan, Paula Malcomson, Peter Coonan, Ian Toner, Joanne Crawford",United States,"October 1, 2020",2018,TV-14,95 min,"Dramas, Thrillers",The fragile and secretive world of two sisters and their uncle crumbles when their charming cousin arrives with eyes toward the family fortune.
s4733,Movie,Rang De Basanti,Rakeysh Omprakash Mehra,"Aamir Khan, Siddharth, Atul Kulkarni, Sharman Joshi, Kunal Kapoor, Alice Patten, Soha Ali Khan, Waheeda Rehman, Kiron Kher, Om Puri, Anupam Kher, Madhavan",India,"August 2, 2018",2006,TV-14,159 min,"Dramas, International Movies",An idealistic English filmmaker casts a group of student actors in her docudrama about India's revolution against British rule in the 1920s.
s5757,Movie,Justin Timberlake + the Tennessee Kids,Jonathan Demme,Justin Timberlake,United States,"October 12, 2016",2016,TV-MA,90 min,Music & Musicals,"On the final nights of a world tour, director Jonathan Demme captures what makes the show soar: gifted musicians, deft dancers and a magnetic star."
s44,Movie,Jaws 3,Joe Alves,"Dennis Quaid, Bess Armstrong, Simon MacCorkindale, Louis Gossett Jr., John Putch, Lea Thompson, P.H. Moriarty, Dan Blasko, Liz Morris, Lisa Maurer",United States,"September 16, 2021",1983,PG,98 min,"Action & Adventure, Horror Movies, Thrillers","After the staff of a marine theme park try to capture a young great white shark, they discover its mother has invaded the enclosure and is out for blood."
s3441,TV Show,Rhythm + Flow,Unknown,"Cardi B, Chance The Rapper, T.I.",United States,"October 9, 2019",2019,TV-MA,1 Season,Reality TV,"In this music competition show, judges Tip “T.I.” Harris, Cardi B and Chance the Rapper hit the streets to find the next rap superstar."
s460,TV Show,Never Have I Ever,Unknown,"Maitreyi Ramakrishnan, Poorna Jagannathan, Richa Moorjani, Jaren Lewison, Darren Barnet, John McEnroe, Ramona Young, Lee Rodriguez, Sendhil Ramamurthy, Adam Shapiro, Niecy Nash, Cocoa Brown, Lily D. Moore, Eddie Liu",United States,"July 15, 2021",2021,TV-14,2 Seasons,"TV Comedies, TV Dramas, Teen TV Shows","After a traumatic year, all an Indian-American teen wants is to go from pariah to popular — but friends, family and feelings won’t make it easy on her."
s2033,TV Show,Get Organized with The Home Edit,Unknown,Unknown,United States,"September 9, 2020",2020,TV-PG,1 Season,Reality TV,"Expert home organizers Clea and Joanna help celebrities and everyday clients edit, categorize and contain their clutter to create stunning spaces."
s7995,Movie,Shakti: The Power,Krishna Vamshi,"Karisma Kapoor, Nana Patekar, Sanjay Kapoor, Shah Rukh Khan, Deepti Naval, Vijay Raaz, Tiku Talsania, Jaspal Bhatti, Divya Dutta, Prakash Raj",India,"March 1, 2018",2002,TV-MA,168 min,"Dramas, International Movies, Thrillers",A young mother must break free of the clutches of her husband's feudal family and bring herself and her young child to safety.
s8578,Movie,This Was Tomorrow,Wim Bonte,Unknown,Belgium,"December 15, 2015",2015,NR,77 min,"Documentaries, International Movies, Music & Musicals","The Tomorrowland music festival marks its 10th anniversary in Belgium, the U.S. and Brazil, with all the diverse excitement of the annual event."
s1743,Movie,Felix Lobrecht: Hype,Jan-Peter Horns,Felix Lobrecht,Germany,"November 3, 2020",2020,TV-MA,60 min,Stand-Up Comedy,"Felix Lobrecht aims his dark humor at overly polite culture, weird laughter, the sheer awkwardness of a walking baby and more in this stand-up special."
s3377,Movie,My Next Guest with David Letterman and Shah Rukh Khan,Michael Steed,"Shah Rukh Khan, David Letterman",Unknown,"October 25, 2019",2019,TV-PG,61 min,International Movies,"""King of Bollywood"" Shah Rukh Khan opens up about his rise to fame, his family and his billions of fans as he and Dave meet up in Mumbai and New York."
s3242,TV Show,Nailed It! Holiday!,Unknown,"Nicole Byer, Jacques Torres",United States,"November 22, 2019",2019,TV-PG,2 Seasons,Reality TV,"It's the ""Nailed It!"" holiday special you've been waiting for, with missing ingredients, impossible asks and desserts that look delightfully sad."
s3892,Movie,ReMastered: Devil at the Crossroads,Brian Oakes,Unknown,United States,"April 26, 2019",2019,TV-14,49 min,"Documentaries, Music & Musicals","Cloaked in mystery, bluesman Robert Johnson left his mark on American music. Now family, critics and famous fans look for the real man behind the music."
s7701,Movie,Palm Trees in the Snow,Fernando González Molina,"Mario Casas, Adriana Ugarte, Macarena García, Alain Hernández, Laia Costa, Emilio Gutiérrez Caba, Berta Vázquez, Daniel Grao",Spain,"May 1, 2016",2015,TV-MA,163 min,"Dramas, International Movies, Romantic Movies","Finding a tantalizing clue in an old letter, a young woman journeys to her family's tropical plantation to uncover generations of secrets."
s6136,Movie,American Beauty,Sam Mendes,"Kevin Spacey, Annette Bening, Thora Birch, Wes Bentley, Mena Suvari, Chris Cooper, Peter Gallagher, Allison Janney, Scott Bakula, Sam Robards",United States,"January 1, 2020",1999,R,122 min,Dramas,"While struggling to endure his tightly wound wife, an unfulfilling job and a surly teen, a man becomes obsessed with one of his daughter's friends."
s6125,Movie,Alpha and Omega 2: A Howl-iday Adventure,Richard Rich,"Ben Diskin, Kate Higgins, Blackie Rose, Lindsay Torrance, Liza West, Tracy Pfau, Bill Lader, Meryl Leigh, Shaun Gerardo",United States,"October 1, 2019",2013,TV-G,45 min,Children & Family Movies,"In this animated outdoor adventure, wolf couple Humphrey and Kate face a crisis when one of their three cubs disappears without explanation."
s3722,TV Show,Girls Incarcerated,Unknown,Unknown,United States,"June 21, 2019",2019,TV-MA,2 Seasons,"Docuseries, Reality TV","Fights, friendships, dating, rules. Teenage life is full of drama. But behind bars, the stakes are so much higher."
s3397,Movie,ChuChuTV Surprise Eggs Learning Videos (English),Unknown,Unknown,Unknown,"October 18, 2019",2019,TV-Y,61 min,Children & Family Movies,"From colors and letters to animals of all kinds, each egg holds a fun-filled lesson waiting to be learned. ChuChu and friends are opening them all!"
s8538,Movie,The Trust,"Ben Brewer, Alex Brewer","Nicolas Cage, Elijah Wood, Sky Ferreira, Jerry Lewis, Eric Heister, Alexandria Lee, Ethan Suplee, Kenna James, Steven Williams, Carl Windom Carlito",United States,"April 1, 2019",2015,R,91 min,Thrillers,"Discovering the location of a vault where a drug ring keeps its riches, two run-of-the-mill Las Vegas cops hatch a dicey plan to burgle it."
s5067,Movie,Ricardo Quevedo: Hay gente así,"Raúl Campos, Jan Suter",Ricardo Quevedo,Colombia,"January 24, 2018",2018,TV-MA,59 min,Stand-Up Comedy,"Droll comic Ricardo Quevedo hits Bogotá with a set that touches on embarrassing misunderstandings, sex talk, the thrill of being scared and more."
s1034,Movie,Rush,Ron Howard,"Chris Hemsworth, Daniel Brühl, Olivia Wilde, Alexandra Maria Lara, Pierfrancesco Favino, David Calder, Natalie Dormer, Stephen Mangan, Christian McKay, Alistair Petrie","United Kingdom, Germany, United States","April 16, 2021",2013,R,123 min,"Action & Adventure, Dramas, International Movies","In the 1970s, a rivalry propels race car drivers Niki Lauda and James Hunt to fame and glory — until a horrible accident threatens to end it all."
s7642,Movie,Off Course,Nacho G. Velilla,"Yon González, Julián López, Blanca Suárez, Malena Alterio, Úrsula Corberó, Miki Esparbé, Younes Bachir, Javier Cámara, Carmen Machi, José Sacristán",Spain,"September 1, 2016",2015,TV-MA,107 min,"Comedies, International Movies","Fed up with the uselessness of their degrees and swayed by a TV commercial, two Spaniards head to Berlin for work but find it not quite as advertised."
s8078,Movie,Spy Time,Javier Ruiz Caldera,"Imanol Arias, Quim Gutiérrez, Alexandra Jiménez, Berto Romero, Carlos Areces, Eduardo Gómez, Dani El Rojo, Emilio Gutiérrez Caba, Rossy de Palma, Sílvia Abril",Spain,"June 1, 2016",2015,TV-MA,93 min,"Action & Adventure, Comedies, International Movies","When his girlfriend dumps him for being a bore, a working stiff discovers that his father is a secret agent and a dangerous thug is targeting them."
s7629,TV Show,Nurse Jackie,Unknown,"Edie Falco, Merritt Wever, Paul Schulze, Peter Facinelli, Stephen Wallem, Eve Best, Dominic Fumusa, Ruby Jerins, Anna Deavere Smith",United States," December 31, 2015",2015,TV-MA,7 Seasons,"TV Comedies, TV Dramas",A flawed but dedicated ER nurse works in a New York City hospital and relies on pain meds to get through exhausting days in this Emmy-winning show.
s7148,Movie,Julie & Julia,Nora Ephron,"Meryl Streep, Amy Adams, Stanley Tucci, Chris Messina, Linda Emond, Helen Carey, Mary Lynn Rajskub, Jane Lynch, Joan Juliet Buck",United States,"January 1, 2021",2009,PG-13,123 min,"Comedies, Dramas","In this heartwarming tale, Julie Powell decides to spice up her uneventful life by cooking all 524 recipes outlined in Julia Child's classic cookbook."
s879,Movie,Ferry,Cecilia Verheyden,"Frank Lammers, Elise Schaap, Huub Stapel, Monic Hendrickx, Raymond Thiry, Maarten Heijmans, Yannick van de Velde","Belgium, Netherlands","May 14, 2021",2021,TV-MA,107 min,"Dramas, International Movies, Thrillers","Before he built a drug empire, Ferry Bouman returns to his hometown on a revenge mission that finds his loyalty tested — and a love that alters his life."
s6148,Movie,American Psycho,Mary Harron,"Christian Bale, Willem Dafoe, Jared Leto, Reese Witherspoon, Samantha Mathis, Chloë Sevigny, Justin Theroux, Josh Lucas, Matt Ross, Bill Sage, Cara Seymour, Guinevere Turner","United States, Canada","September 1, 2019",2000,R,102 min,"Comedies, Cult Movies, Dramas","With chiseled good looks that belie his insanity, a businessman takes pathological pride in yuppie pursuits and indulges in sudden homicidal urges."
s1781,Movie,Rogue City,Olivier Marchal,"Lannick Gautry, Stanislas Merhar, Kaaris, David Belle, Jean Reno, Claudia Cardinale, Gérard Lanvin, Patrick Catalifo, Moussa Maaskri, Catherine Marchal",France,"October 30, 2020",2020,TV-MA,116 min,"Dramas, International Movies, Thrillers","Caught in the crosshairs of police corruption and Marseille’s warring gangs, a loyal cop must protect his squad by taking matters into his own hands."
s256,Movie,Memories of a Murderer: The Nilsen Tapes,Michael Harte,Unknown,Unknown,"August 18, 2021",2021,TV-MA,86 min,"Documentaries, International Movies",Serial killer Dennis Nilsen narrates his life and horrific crimes via a series of chilling audiotapes recorded from his jail cell.
s2539,Movie,Wedy Atkalam,Sadeq Behbehani,"Abdulmohsen Al-Qaffas, Jamal Alradhan, Jassim Al Nabhan, Layla Abdullah, Khaled Al-Buraiki",Kuwait,"May 14, 2020",2018,TV-PG,72 min,"Comedies, Dramas, International Movies","A socially conscious film director struggles with his career as he faces numerous obstacles, including his social media-friendly significant other."
s4679,TV Show,Undercover Law,Unknown,"Viña Machado, Juana del Río, Luna Baxter, Valeria Gálviz, Tommy Vasquez, Luis Mesa, Katherine Vélez, Juan Manuel Mendoza, Patrick Delmas, Ricardo Vesga, Toto Vega",Colombia,"August 31, 2018",2017,TV-MA,1 Season,"Crime TV Shows, International TV Shows, Spanish-Language TV Shows",Female intelligence agents infiltrate the disparate aspects of a Colombian cartel in an attempt to take down the drug lords and their associates.
s5078,TV Show,Godzilla,"Kobun Shizuno, Hiroyuki Seshita","Mamoru Miyano, Takahiro Sakurai, Kana Hanazawa, Tomokazu Sugita, Yuki Kaji, Junichi Suwabe, Daisuke Ono, Kenta Miyake, Kenyu Horiuchi, Kazuya Nakai, Kazuhiro Yamaji",Japan,"January 17, 2018",2017,TV-14,1 Season,TV Shows,"A desperate group of refugees attempts to recolonize Earth 20,000 years after Godzilla took over. But one young man wants revenge above all else."
s304,Movie,Esperando la carroza,Alejandro Doria,"Luis Brandoni, China Zorrilla, Antonio Gasalla, Julio De Grazia, Betiana Blum, Monica Villa, Juan Manuel Tenuta, Andrea Tenuta, Cecilia Rossetto, Enrique Pinti",Argentina,"August 5, 2021",1985,TV-MA,95 min,"Comedies, Cult Movies, International Movies",Cora has three sons and a daughter and she´s almost 80. One day during a family reunion the big question comes up: who will be her heir?
s6700,Movie,Enlighten Us,Jenny Carchman,James Arthur Ray,United States,"January 18, 2017",2016,TV-14,93 min,Documentaries,This documentary digs deep to recount the saga of the superstar self-help guru convicted of negligent homicide in the deaths of three followers.
s621,TV Show,Droppin' Cash: Los Angeles,Unknown,Unknown,United States,"June 30, 2021",2019,TV-MA,1 Season,Reality TV,This Complex series follows the paper trail of musicians and athletes in Los Angeles as they blow through stacks on the finer things in life.
s711,TV Show,Penguin Town,Unknown,Unknown,Unknown,"June 16, 2021",2021,TV-PG,1 Season,"Docuseries, Science & Nature TV","In a picturesque South African town, an eclectic group of endangered penguins flock together to find mates, raise families and mix with the locals."
s2055,TV Show,Chef's Table: BBQ,Unknown,Unknown,United States,"September 2, 2020",2020,TV-14,1 Season,"Docuseries, Reality TV","The Emmy-nominated series delves into the juicy, smoky world of barbecue, visiting acclaimed chefs and pitmasters in the US, Australia and Mexico."
s6720,Movie,Executive Decision,Stuart Baird,"Kurt Russell, Halle Berry, John Leguizamo, Oliver Platt, Steven Seagal, Joe Morton, David Suchet, BD Wong, Len Cariou, Whip Hubley",United States,"November 1, 2019",1996,R,133 min,Action & Adventure,"When terrorists hijack a 747 and turn it into a nerve gas bomb aimed at Washington, D.C., commandos use an experimental plane to try to stop them."
s2359,Movie,Lost Bullet,Guillaume Pierret,"Alban Lenoir, Nicolas Duvauchelle, Ramzy Bedia, Stéfi Celma, Rod Paradot, Sébastien Lalanne, Pascale Arbillot, Arthur Aspaturian, Patrick Médioni",France,"June 19, 2020",2020,TV-MA,93 min,"Action & Adventure, Dramas, International Movies","Facing a murder charge, a genius mechanic with a criminal past must track down a missing car containing the proof of his innocence: a single bullet."
s500,TV Show,Dogs,Unknown,Unknown,United States,"July 7, 2021",2021,TV-PG,2 Seasons,Docuseries,"These six intimate stories explore the abiding emotional bonds that form between dogs and their caregivers, no matter the circumstances."
s3494,Movie,Oh! Baby (Tamil),B. V. Nandini Reddy,"Samantha Ruth Prabhu, Lakshmi, Rajendraprasad, Naga Shourya, Rao Ramesh, Teja Sajja, Pragathi, Jagapathi Babu, Aishwarya, Urvashi",Unknown,"September 25, 2019",2019,TV-14,146 min,"Comedies, International Movies, Music & Musicals",A surly septuagenarian gets another chance at her 20s after having her photo snapped at a studio that magically takes 50 years off her life.
s6083,Movie,Abzurdah,Daniela Goggi,"Eugenia Suárez, Esteban Lamothe, Gloria Carrá, Rafael Spregelburd, Tomás Ottaviano, Julieta Gullo, Zoe Hochbaum, Lucia Carolina Pecrul",Argentina,"August 25, 2016",2015,TV-MA,90 min,"Dramas, International Movies",A disenfranchised 16-year-old girl connects to an older man on the internet and after a brief one-sided affair descends into obsession and anorexia.
s5373,TV Show,Ari Shaffir: Double Negative,Eric Abrams,Ari Shaffir,United States,"July 18, 2017",2017,TV-MA,1 Season,Stand-Up Comedy & Talk Shows,"Wry yet thoughtful, comedian Ari Shaffir brings his edgy humor to two fast-paced stand-up specials about children and adulthood."
s6630,Movie,Don't Crack Under Pressure III,Thierry Donard,"Temarii Buillard, Davide Carrera, Jesse Richman, Loic Collomb-Patton, Wille Lindberg, Matt Annetts",France,"June 12, 2020",2017,TV-14,94 min,"Action & Adventure, Documentaries, International Movies","Through deserts, above mountains and deep into oceans, elite athletes — both veteran and new — form bonds and pursue adventure in sumptuous landscapes."
s1174,TV Show,Men on a Mission,Jung-ah Im,"Ho-dong Kang, Soo-geun Lee, Sang-min Lee, Young-chul Kim, Jang-hoon Seo, Hee-chul Kim, Kyung-hoon Min",South Korea,"March 23, 2021",2021,TV-14,6 Seasons,"International TV Shows, Korean TV Shows, Stand-Up Comedy & Talk Shows","Male celebs play make-believe as high schoolers, welcoming star transfer students every week and engaging in battles of witty humor and slapstick."
s228,Movie,Really Love,Angel Kristi Williams,"Kofi Siriboe, Yootha Wong-Loi-Sing, Michael Ealy, Uzo Aduba",United States,"August 25, 2021",2020,TV-MA,95 min,"Dramas, Independent Movies, Romantic Movies",A rising Black painter tries to break into a competitive art world while balancing an unexpected romance with an ambitious law student.
s4388,TV Show,Vai Anitta,Unknown,Anitta,Brazil,"November 16, 2018",2018,TV-MA,1 Season,"Docuseries, International TV Shows, Reality TV","Go behind the scenes with Brazilian pop icon Anitta, along with her friends and family, as she aims to create a new song and music video each month."
s3366,Movie,A 3 Minute Hug,Everardo González,Unknown,"Mexico, United States","October 28, 2019",2019,TV-PG,28 min,"Documentaries, International Movies",This documentary captures the joy and heartbreak of families separated by the U.S.-Mexico border sharing a short but bittersweet reunion in 2018.
s6165,Movie,Anger Management,Peter Segal,"Adam Sandler, Jack Nicholson, Marisa Tomei, Luis Guzmán, Allen Covert, Lynne Thigpen, Kurt Fuller, Jonathan Loughran, Krista Allen, January Jones, Woody Harrelson, John Turturro, Kevin Nealon",United States,"November 1, 2019",2003,PG-13,105 min,Comedies,"After a gentle businessman is forced to get anger management counseling, his therapist moves in – but turns out to have anger issues of his own."
s6031,Movie,A Bridge Too Far,Richard Attenborough,"Dirk Bogarde, James Caan, Michael Caine, Sean Connery, Edward Fox, Elliott Gould, Gene Hackman, Anthony Hopkins, Hardy Krüger, Laurence Olivier, Ryan O'Neal, Robert Redford, Maximilian Schell, Liv Ullmann","United States, United Kingdom","July 1, 2020",1977,PG,176 min,"Action & Adventure, Classic Movies, Dramas",This wartime drama details a pivotal day in 1944 when an Allied task force tried to win World War II by seizing control of key bridges in Holland.
s5823,TV Show,Cocaine,Unknown,Unknown,United Kingdom,"August 1, 2016",2005,TV-14,1 Season,"British TV Shows, Crime TV Shows, Docuseries","Three films chronicle the cocaine trade's sweeping impact on the citizens of Peru, Brazil and Colombia, from poor farmers to powerful drug lords."
s3575,Movie,Simon Amstell: Set Free,Julia Knowles,Simon Amstell,United Kingdom,"August 20, 2019",2019,TV-MA,52 min,Stand-Up Comedy,"Honest, introspective comic Simon Amstell digs deep and delivers a uniquely vulnerable stand-up set on love, ego, intimacy and ayahuasca."
s2344,TV Show,Crazy Delicious,Unknown,"Jayde Adams, Carla Hall, Heston Blumenthal, Niklas Ekstedt",United Kingdom,"June 24, 2020",2020,TV-PG,1 Season,"British TV Shows, International TV Shows, Reality TV","In this competition show, daring home chefs tempt the food gods with reinvented classics and fanciful feasts in their quest to win a golden apple."
s433,Movie,Trollhunters: Rise of the Titans,"Johane Matte, Andrew L. Schmidt, Francisco Ruiz Velasco","Emile Hirsch, Lexi Medrano, Charlie Saxton, Kelsey Grammer, Fred Tatasciore, Steven Yeun, Cole Sand, Amy Landecker, Jonathan Hyde, Thomas F. Wilson, Lauren Tom, Diego Luna, Tatiana Maslany, Nick Offerman, Nick Frost, Colin O'Donoghue, Alfred Molina, Piotr Michael, Kay Bess, Angel Lin, James Hong",Unknown,"July 21, 2021",2021,TV-Y7,106 min,Children & Family Movies,"Heroes from ""Trollhunters,"" ""3Below"" and ""Wizards"" join forces to fight a shadowy enemy threatening to take over their worlds — and reset Earth itself."
s1356,TV Show,Love Daily,Unknown,"Kamil McFadden, Alexandra Peters, Laura Marano, Paul Karmiryan, Brianne Tju, Alexis G. Zall, Leo Howard, Stephanie Nogueras",United States,"February 1, 2021",2018,TV-14,1 Season,"Romantic TV Shows, Teen TV Shows","This anthology follows 12 different love stories involving fateful encounters, magical moments and unexpected romances over the course of a year."
s3079,Movie,Albert Pinto Ko Gussa Kyun Aata Hai?,Soumitra Ranade,"Nandita Das, Manav Kaul, Saurabh Shukla, Kishore Kadam, Omkar Das Manikpuri, Amarjeet Amle, Yusuf Hussain, Sushma Bakshi",India,"December 31, 2019",2019,TV-MA,85 min,"Dramas, Independent Movies, International Movies","As the police investigate his disappearance, a young man heads to Goa to carry out an act of vengeance fueled by years of pent-up anger toward society."
s3203,Movie,Wandering Stars,"Syrine Boulanouar, Nekfeu",Nekfeu,France,"December 1, 2019",2019,TV-MA,95 min,"Documentaries, International Movies, Music & Musicals","Navigating creative pressures and personal upsets, French rapper Nekfeu sets out on a global quest for musical inspiration in this documentary."
s2446,Movie,Chippa,Safdar Rahman,"Sunny Pawar, Chandan Roy Sanyal, Gautam Sarkar, Sumeet Thakur, Mala Mukherjee, Masood Akhtar, Veer Rajwant Singh, Joyraj Bhattacharya",India,"June 1, 2020",2020,TV-14,92 min,"Comedies, Dramas, Independent Movies","At midnight on his 10th birthday, a boy scours the lesser-known Kolkata streets in search of a father he’s never met, carrying a letter he can’t read."
s2022,TV Show,Greenleaf,Unknown,"Merle Dandridge, Kim Hawthorne, Desiree Ross, Lamman Rucker, Tye White, Lynn Whitfield, Deborah Joy Winans, Keith David, Lovie Simone, Gregory Alan Williams, Oprah Winfrey",United States,"September 10, 2020",2020,TV-14,5 Seasons,TV Dramas,"Although members of the Greenleaf family run a Memphis megachurch, their business and personal lives are tainted with greed, adultery and other sins."
s7253,Movie,La Bamba,Luis Valdez,"Lou Diamond Phillips, Esai Morales, Rosanna DeSoto, Elizabeth Peña, Danielle von Zerneck, Joe Pantoliano, Rick Dees, Marshall Crenshaw, Howard Huntsberry, Brian Setzer",United States,"January 1, 2020",1987,PG-13,109 min,"Classic Movies, Dramas, Music & Musicals","The plane crash that killed Buddy Holly also took Ritchie Valens, whose modest upbringing and rise to fame are depicted in this exhilarating biopic."
s3411,TV Show,Toon,Unknown,"Joep Vermolen, Amy van der Weerden, Loulou Hameleers, Robbert Bleij",Netherlands,"October 18, 2019",2017,TV-MA,2 Seasons,"International TV Shows, TV Comedies","Reclusive, socially awkward jingle composer Toon must navigate the nightmarish world of show biz after a viral video skyrockets him to fame."
s1966,Movie,High & Low The Movie 2 / End of Sky,"Shigeaki Kubo, Tsuyoshi Nakakuki","Takanori Iwata, Keiji Kuroki, Aoi Nakamura, Yuki Yamada, Masataka Kubota, Kento Hayashi, Naoto, Akira, Sho Aoyagi, Takahiro, Hiroomi Tosaka, Nobuyuki Suzuki, Keita Machida, Elly, Mandy Sekiguchi, Reo Sano, Masahiko Tsugawa",Japan,"September 20, 2020",2017,TV-MA,124 min,"Action & Adventure, International Movies","The peaceful truce in the SWORD district is violently disrupted by the intrusion of two brutal gangs, causing loyalties and rivalries to erupt."
s6266,TV Show,Beauty and the Bitches,Unknown,"Methinee Kingpayome, Son Songpaisarn, Yingying Sarucha, Pim Pimjira Jaroenlak, Jespipat Tilapornputt, Groupz Chutharut Anusin, Aon Korakot Tunkaew, Raviyanun Takerd, Nat Thephussadin Na Ayutthaya, Bam Pakakanya Charoenyos, Eye Warapairin Laphatsanitirot, Pemy Peramin Thabkaew, Darin Hansen, Hongyok Pornphan Rerkatakarn, Rattanapond Klinkulabhiran, Oliver Pupart, Organ Wacharapolmek, Patiparn Pataweekarn, Yuthana Puengklarng, Ak Akarat, Point Cholawit Meetongcom, Copter Phumin, Koii Korakod, Mila Thanapa, Mild Anis Suwit",Unknown,"April 23, 2019",2016,TV-MA,2 Seasons,"International TV Shows, Romantic TV Shows, TV Comedies",Beauty pageant contestants from all over Thailand fight for the crown as they contend with drama and intrigue behind the scenes.
s947,Movie,Stargate,Roland Emmerich,"Kurt Russell, James Spader, Jaye Davidson, Viveca Lindfors, Alexis Cruz, Mili Avital, Leon Rippy, John Diehl, Carlos Lauchu, Djimon Hounsou","United States, France","May 1, 2021",1994,PG-13,121 min,"Action & Adventure, Sci-Fi & Fantasy",An Egyptologist joins a mission into the unknown when he helps the military unlock the mystery of a stone archway that's a portal to another universe.
s1285,Movie,The Conjuring 2,James Wan,"Patrick Wilson, Vera Farmiga, Madison Wolfe, Frances O'Connor, Lauren Esposito, Benjamin Haigh, Patrick McAuley, Simon McBurney, Maria Doyle Kennedy, Simon Delaney, Franka Potente","Canada, United States, United Kingdom","February 21, 2021",2016,R,134 min,Horror Movies,"After her daughter unwittingly releases a malevolent spirit in their house in London, a woman enlists the Warrens' help to confront the evil presence."
s2466,Movie,Intuition,Alejandro Montiel,"Luisana Lopilato, Joaquín Furriel, Rafael Ferro, Maite Lanata, Juan Manuel Guilera, Abel Ayala, Sebastián Mogordoy, Delfina Chaves, Marita Ballesteros, Miriam Odorico",Argentina,"May 28, 2020",2020,TV-MA,116 min,"Dramas, International Movies, Thrillers","Police officer Pipa works on her first big case while simultaneously investigating her boss, who is suspected of murder. The prequel to ""Perdida""."
s6938,TV Show,Hati Perempuan,Unknown,"Saharul Ridzwan, Mia Ahmad, Hafreez Adam, Hafeez Mikhail, Nadzmi Adhwa, Bella Nazari",Indonesia,"August 21, 2017",2015,TV-14,1 Season,"International TV Shows, Romantic TV Shows, TV Dramas",Sparks of both passion and contempt fly when a self-sufficient architect is forced to work with a snobbish industrialist.
s8250,Movie,The Cincinnati Kid,Norman Jewison,"Steve McQueen, Edward G. Robinson, Ann-Margret, Karl Malden, Tuesday Weld, Joan Blondell, Rip Torn, Jack Weston, Cab Calloway, Jeff Corey, Theo Marcuse",United States,"November 1, 2019",1965,TV-14,103 min,"Classic Movies, Dramas","In Depression-era New Orleans, cocksure stud poker player Eric Stoner – the titular Cincinnati Kid – challenges longtime champ Lancey ""The Man"" Howard to a showdown at the table, where a war of wills – and nerve – ensues."
s7979,Movie,Secrets of Underground London,"Vicky Matthews, Gareth Sacala",Samuel West,United Kingdom,"April 22, 2017",2014,TV-PG,55 min,"Documentaries, International Movies","Experts examine the ruins and relics hidden beneath London's surface, unearthing a Roman amphitheater, plague pits, air raid shelters and more."
s7332,TV Show,LoliRock,Unknown,"Kazumi Evans, Kelly Sheridan, Vincent Tong, Ashleigh Ball, Tabitha St. Germain, Mackenzie Gray, Matt Ellis, James Kirk, Chiara Zanni","South Korea, France"," May 1, 2018",2016,TV-Y,2 Seasons,Kids' TV,A teenager with a beautiful voice becomes a pop star but discovers she has powers that come from a magical realm where she's a lost princess.
s1448,Movie,Case 39,Christian Alvart,"Renée Zellweger, Jodelle Ferland, Ian McShane, Bradley Cooper, Callum Keith Rennie, Adrian Lester, Kerry O'Malley, Cynthia Stevenson, Alexander Conti, Philip Cabrita","United States, Canada","January 1, 2021",2009,R,111 min,"Horror Movies, Thrillers",A naïve social worker brings a 10-year-old child into her home to rescue the girl from abusive parents – only to learn that she isn't what she seems.
s3871,TV Show,Code Geass: Lelouch of the Rebellion,Unknown,"Jun Fukuyama, Takahiro Sakurai, Yukana, Ami Koshimizu, Kaori Nazuka, Fumiko Orikasa, Sayaka Ohara, Noriaki Sugiyama, Takahiro Mizushima, Soichiro Hoshi, Yuko Goto",Japan,"May 1, 2019",2008,TV-MA,2 Seasons,"Anime Series, International TV Shows",A high-schooler who's granted powers to make anyone instantly obedient dons a mask to lead Japan's rebellion against a long-invading Britannia.
s5867,TV Show,Cooked,Unknown,Michael Pollan,United States,"February 19, 2016",2016,TV-14,1 Season,Docuseries,"As he tries his hand at baking, brewing and braising, acclaimed food writer Michael Pollan explores how cooking transforms food and shapes our world."
s6728,Movie,Eyyvah Eyyvah 3,Hakan Algül,"Demet Akbağ, Ata Demirer, Özge Borak, Salih Kalyon, Tanju Tuncel, Serra Yılmaz, Tarık Ünlüoğlu, Ayşenil Şamlıoğlu",Turkey,"March 10, 2017",2014,TV-PG,103 min,"Comedies, International Movies","Life is tough for Hüseyin after marrying his true love. He works day and night to support his growing family, while singer Firuzan copes with fame."
s5767,TV Show,Fall in Love with Me,Unknown,"Aaron Yan, Tia Lee, Jack Lee, Katherine Wang, Beatrice Fang, Vince Kao, Chen Bor Jeng",Taiwan,"October 1, 2016",2014,TV-14,1 Season,"International TV Shows, Romantic TV Shows, TV Comedies",The head of a struggling ad agency finds herself torn between a hotshot executive and a kind stranger – not realizing they're the same person.
s4561,Movie,Bathinda Express,Deep Joshi,"Deep Joshi, Jasmine Kaur, Mohit Bhaskar, Vijay S. Kumar, Prince Kanwaljit Singh, Tarlochan Singh, Harsh Sethi",India,"October 1, 2018",2016,TV-14,118 min,"Dramas, International Movies, Sports Movies",An ambitious young athlete endeavors to revive his floundering running career after falling prey to negative influences.
s6814,Movie,Frozen River,Courtney Hunt,"Melissa Leo, Misty Upham, Charlie McDermott, Michael O'Keefe, Mark Boone Junior, James Reilly, Jay Klaitz, John Canoe, Dylan Carusona, Michael Sky",United States,"July 1, 2019",2008,R,97 min,"Dramas, Independent Movies","On a Mohawk reservation on the Canadian border, Ray Eddy teams with a widowed tribe member to smuggle illegal immigrants into the United States."
s1148,Movie,Not a Game,Jose Gomez,Brendon Mcdonnell,United Kingdom,"March 31, 2021",2020,TV-MA,98 min,"Documentaries, International Movies, Sports Movies","This documentary offers an honest look at our fraught, complex relationship to video games from the perspectives of gamers and their concerned parents."
s3686,TV Show,Stranger Things,Unknown,"Winona Ryder, David Harbour, Finn Wolfhard, Millie Bobby Brown, Gaten Matarazzo, Caleb McLaughlin, Natalia Dyer, Charlie Heaton, Cara Buono, Noah Schnapp, Matthew Modine, Joe Keery, Dacre Montgomery, Sadie Sink, Paul Reiser, Sean Astin",United States,"July 4, 2019",2019,TV-14,3 Seasons,"TV Horror, TV Mysteries, TV Sci-Fi & Fantasy","When a young boy vanishes, a small town uncovers a mystery involving secret experiments, terrifying supernatural forces and one strange little girl."
s3694,Movie,Katherine Ryan: Glitter Room,Linda Mendoza,Katherine Ryan,United States,"July 1, 2019",2019,TV-MA,66 min,Stand-Up Comedy,"Fresh from a tour, comedian Katherine Ryan shares shrewd observations about school bullies, revenge bodies and raising a very fancy child."
s4006,Movie,Girl,Lukas Dhont,"Victor Polster, Arieh Worthalter, Oliver Bodart, Tijmen Govaerts, Katelijne Damen, Valentijn Dhaenens, Magali Elali, Alice de Broqueville, Chris Thys, Angelo Tijssens","Netherlands, Belgium","March 15, 2019",2018,R,106 min,"Dramas, International Movies, LGBTQ Movies",Fifteen-year-old ballet dancer Lara faces physical and emotional hurdles as she prepares for gender confirmation surgery. Inspired by a true story.
s299,Movie,Quam's Money,Kayode Kasum,"Falz, Nse Ikpe-Etim, Williams Uchemba, Toni Tones, Michelle Dede, Karibi Fubara, Buchi Ojei, Jemima Osunde, Blossom Chukwujekwu, Gbubemi Ejeye, Badmus Olakunle",Nigeria,"August 6, 2021",2020,TV-MA,115 min,"Comedies, Dramas, International Movies","In this sequel to ""New Money,"" Quam, a security guard turned multimillionaire, lives the good life with his fortune until he falls victim to fraud."
s769,Movie,Dancing Queens,Helena Bergström,"Molly Nutley, Fredrik Quiñones, Marie Göranzon, Mattias Nordkvist, Claes Malmberg, Christopher Wollter, Emil Almén, Razmus Nyström, André Christenson, Louie Indriana, Max Ulveson",Sweden,"June 3, 2021",2021,TV-MA,111 min,"Comedies, Dramas, International Movies","A dancer who gets a job cleaning at a struggling drag club dreams of being in the show, and her talent catches an ambitious choreographer's eye."
s2194,Movie,Uma Maheswara Ugra Roopasya,Venkatesh Maha,"Satya Dev, VK Naresh, Raghavan, Suhas P, Ravindra Vijay, Chandana Koppisetti, Roopa Koduvayur, Kushalini Pulapa",India,"July 30, 2020",2020,TV-MA,137 min,"Comedies, Dramas, Independent Movies","Defeated and humiliated in a fight while trying to defuse a conflict among his fellow villagers, a photographer vows revenge on his attacker."
s2077,Movie,The Boss Baby: Get That Baby!,"Dan Forgione, Pete Jacobs, Matt Whitlock","JP Karliak, Pierce Gagnon, Alex Cazares, Kevin Michael Richardson, Flula Borg, Rhys Darby, Wendie Malick, Jake Green",United States,"September 1, 2020",2020,TV-Y7,115 min,"Children & Family Movies, Comedies",Think you've got what it takes to be the boss? This interactive special puts your skills to the test and matches you up with one of 16 jobs at Baby Corp.
s6416,Movie,Candyman,Bernard Rose,"Virginia Madsen, Tony Todd, Xander Berkeley, Kasi Lemmons, Vanessa Williams, DeJuan Guy, Michael Culkin, Stanley DeSantis","United States, United Kingdom","October 1, 2019",1992,R,99 min,"Cult Movies, Horror Movies","Grad student Helen Lyle unintentionally summons the Candyman, a hook-handed creature made flesh by other people's belief in him."
s1805,TV Show,The Queen's Gambit,Unknown,"Anya Taylor-Joy, Bill Camp, Marielle Heller, Thomas Brodie-Sangster, Moses Ingram, Harry Melling, Isla Johnston, Christiane Seidel, Rebecca Root, Chloe Pirrie, Jacob Fortune-Lloyd",United States,"October 23, 2020",2020,TV-MA,1 Season,TV Dramas,"In a 1950s orphanage, a young girl reveals an astonishing talent for chess and begins an unlikely journey to stardom while grappling with addiction."
s7409,TV Show,Married at First Sight,Unknown,"Viviana Coles, Calvin Roberson, Pepper Schwartz",United States,"April 13, 2020",2019,TV-14,1 Season,"Reality TV, Romantic TV Shows","Set up by experts, four couples meet at the altar for the first time and test their compatibility after the wedding."
s89,Movie,Blood Brothers: Malcolm X & Muhammad Ali,Marcus Clarke,"Malcolm X, Muhammad Ali",Unknown,"September 9, 2021",2021,PG-13,96 min,"Documentaries, Sports Movies","From a chance meeting to a tragic fallout, Malcolm X and Muhammad Ali's extraordinary bond cracks under the weight of distrust and shifting ideals."
s4215,Movie,Lionheart,Genevieve Nnaji,"Genevieve Nnaji, Nkem Owoh, Pete Edochie, Onyeka Onwenu, Kanayo O. Kanayo",Nigeria,"January 4, 2019",2018,TV-PG,95 min,"Comedies, Dramas, Independent Movies","When her father falls ill, Adaeze steps up to run the family business – alongside her uncle – and prove herself in a male-dominated world."
s7554,Movie,Nacho Libre,Jared Hess,"Jack Black, Ana de la Reguera, Héctor Jiménez, Darius Rose, Moises Arias, Diego Eduardo Gomez, Carlos Maycotte, Richard Montoya, Cesar Gonzalez, Rafael Montalvo","United States, Mexico","November 1, 2019",2006,PG,92 min,"Comedies, Sports Movies","When Ignacio learns of an orphanage's financial woes, he pitches in to help – by disguising himself and joining the professional wrestling circuit."
s2150,Movie,We Summon the Darkness,Marc Meyers,"Alexandra Daddario, Amy Forsyth, Keean Johnson, Maddie Hasson, Logan Miller, Austin Swift, Johnny Knoxville, Allison McAtee, Tanner Beard","United States, Canada, United Kingdom","August 8, 2020",2020,R,90 min,"Horror Movies, Thrillers",A night at a 1980s heavy metal concert hits a grisly note when new friends find themselves in the middle of a satanic murder spree.
s7562,Movie,National Bird,Sonia Kennebeck,Unknown,United States,"May 8, 2017",2016,TV-MA,92 min,Documentaries,"Three former military operatives offer disturbing, firsthand accounts of the deadly impact that U.S. drone warfare has had on civilians overseas."
s6299,Movie,Bhool Bhulaiyaa,Priyadarshan,"Akshay Kumar, Vidya Balan, Ameesha Patel, Shiney Ahuja, Paresh Rawal, Rajpal Yadav, Manoj Joshi, Asrani, Vikram Gokhale, Rasika Joshi",India,"October 22, 2017",2007,TV-14,148 min,"Dramas, International Movies, Thrillers","Siddharth dismisses warnings that his palace might be haunted, until ghostly occurrences force him to reconsider his beliefs."
s8018,Movie,Silencer,Timothy Woodward Jr.,"Johnny Messner, Danny Trejo, Tito Ortiz, Chuck Liddell, Robert LaSardo, Nikki Leigh, Kai Scarlett Williams, Marlene Marquez",United States,"December 3, 2018",2018,TV-MA,88 min,"Action & Adventure, Independent Movies","When a drug lord kidnaps his girlfriend’s daughter, a retired assassin leaves his newly peaceful life to go on a ruthless rampage to rescue the child."
s7514,Movie,Motu Patlu: King of Kings,Suhas Kadav,"Saurav Chakrabarty, Vinay Pathak",India,"July 6, 2017",2016,TV-Y7-FV,109 min,"Children & Family Movies, Comedies","Motu and Patlu want to help a circus lion get back to the jungle. On the way, the three become caught up in an exciting adventure in the forest."
s1584,TV Show,100 Days My Prince,Unknown,"Doh Kyung-soo, Nam Ji-hyun, Cho Seong-ha, Cho Han-cheul, Kim Seon-ho, Han So-hee",South Korea,"December 7, 2020",2018,TV-14,1 Season,"International TV Shows, Romantic TV Shows, TV Dramas","Upon losing his memory, a crown prince encounters a commoner’s life and experiences unforgettable love as the husband to Joseon’s oldest bachelorette."
s463,Movie,This Changes Everything,Tom Donahue,Unknown,United States,"July 15, 2021",2019,TV-MA,96 min,Documentaries,This documentary takes a deep look at gender disparity in Hollywood through the eyes of well-known actresses and female filmmakers.
s454,TV Show,BEASTARS,Unknown,"Chikahiro Kobayashi, Sayaka Senbongi, Yuki Ono, Atsumi Tanezaki, Junya Enoki, Yuma Uchida, Takeo Otsuka, Naoto Kobayashi, Yoshiyuki Shimozuma, Nobuhiko Okamoto, Fukushi Ochiai, Takaaki Torashima, Sayumi Watabe, Genki Muro, Yuichi Iguchi, Yuko Hara, Ikuto Kanemasa, Ouchi Akane, Hibiku Yamamura, Sakura Ando, Akio Otsuka, Mitsuaki Hoshino, Kenyu Horiuchi",Japan,"July 15, 2021",2021,TV-MA,2 Seasons,"Anime Series, International TV Shows","In a world where beasts of all kinds coexist, a gentle wolf awakens to his own predatory urges as his school deals with a murder within its midst."
s4521,TV Show,Ordinary Heroes,Unknown,"Giorgio Tirabassi, Marco Bocci, Cristiana Capotondi, Greta Scarano, Michela Cescon, Diane Fleri, Carlo Calderone, Claudio Gioè, Romina Mondello, Orlando Cinque, Luigi Maria Burruano, Riccardo Scamarcio, Lorenza Indovina, Ivana Lotito, Pierfrancesco Poggi, Marco Leonardi, Anna Ferruzzo, Peppino Mazzotta, Giorgio Marchesi",Unknown,"October 11, 2018",2018,TV-MA,1 Season,"Crime TV Shows, International TV Shows, TV Dramas","Get an intimate look at four engaged citizens whose courage, sense of civic duty and ultimate sacrifice helped to transform Italian society."
s2367,Movie,Alexandria: Again and Forever,Youssef Chahine,"Youssef Chahine, Yousra, Hussein Fahmy, Amr Abdel-Geleel, Taheya Cariocca, Hesham Selim, Huda Sultan, Ragaa Hussein","France, Egypt","June 18, 2020",1989,TV-MA,109 min,"Classic Movies, Dramas, International Movies","At the peak of his career, Yehia joins a hunger strike, becomes smitten and reckons with a creative crisis — but finds a new muse."
s4119,TV Show,Iron Ladies,Unknown,"Aviis Zhong, Ben Wu, Ada Pan, Jacqueline Zhu, Gabriel Lan, Jack Lee, Wu Ting-chien, Wills Sia, Su Yen-ti, Jenny Huang",Taiwan,"February 9, 2019",2018,TV-14,1 Season,"International TV Shows, Romantic TV Shows, TV Dramas",Three 30-something women in high-level jobs at a beauty e-commerce firm seem to have it all – except when it comes to love and romantic chemistry.
s1727,TV Show,Country Ever After,Unknown,Unknown,United States,"November 6, 2020",2020,TV-PG,1 Season,Reality TV,"Country artist Coffey Anderson and his wife, hip-hop dancer Criscilla, juggle family life, career goals and tests of faith in this reality series."
s3452,Movie,Kids on the Block,Tugçe Soysop,"Selim Bayraktar, Berat Efe Parlar, Esat Polat Güler, Eda Döğer, Dora Dalgıç, Taha Sönmezisik, Zeynep Ilgin Çelik, Arda Taşarcan, Alperen Efe Esmer, İlknur Külahlıoglu, İkra Külahlıoğlu",Turkey,"October 4, 2019",2019,TV-PG,102 min,"Children & Family Movies, Comedies","When their fun in the park is threatened by a neighborhood nagger, a group of friends declares war to play freely on their turf."
s70,TV Show,Stories by Rabindranath Tagore,Unknown,Unknown,India,"September 15, 2021",2015,TV-PG,1 Season,"International TV Shows, TV Dramas",The writings of Nobel Prize winner Rabindranath Tagore come to life in this collection of tales set in early-20th-century Bengal.
s8623,Movie,Tremors 2: Aftershocks,S.S. Wilson,"Fred Ward, Chris Gartin, Helen Shaver, Michael Gross, Marcelo Tubert, Marco Hernandez, José Ramón Rosario, Thomas Rosales Jr.",Unknown,"January 1, 2020",1995,PG-13,100 min,"Comedies, Horror Movies, Sci-Fi & Fantasy",A rag-tag team of survivalists and scientists battle supersucking desert creatures that are worming their way through the oil fields of Mexico.
s4422,Movie,Aamir,Raj Kumar Gupta,"Rajeev Khandelwal, Gajraj Rao, Shashanka Ghosh, Jhilmil Hazrika, Gazala Amin, Allauddin Khan",India,"November 1, 2018",2008,TV-14,95 min,"International Movies, Thrillers","In this high-tension thriller, an anonymous caller on a cell phone threatens to harm a man's family if he doesn't carry out every order."
s3232,Movie,True: Winter Wishes,Unknown,"Michela Luci, Jamie Watson, Eric Peterson, Anna Claire Bartlam, Nicolas Aqui, Cory Doran, Julie Lemieux, Derek McGrath",Unknown,"November 26, 2019",2019,TV-Y,46 min,Children & Family Movies,"An ice crystal from a frosty realm is freezing everything in the Rainbow Kingdom, its citizens too! Can True save Winter Wishfest – and her friends?"
s3928,TV Show,New Girl,Unknown,"Zooey Deschanel, Jake Johnson, Max Greenfield, Hannah Simone, Lamorne Morris, Damon Wayans Jr.",United States,"April 11, 2019",2018,TV-14,7 Seasons,"Romantic TV Shows, TV Comedies","Still rebounding from a breakup, Jessica Day moves in with three single guys, all of whom are ready to help her understand the ways of the world."
s6078,Movie,Abdo Mota,Unknown,Mohamed Ramadan,Egypt,"April 19, 2019",2012,TV-MA,100 min,"Action & Adventure, Dramas, International Movies","Following the mysterious death of his parents, a young man finds himself enmeshed in the dark world of drugs and crime."
s5725,Movie,"Dana Carvey: Straight White Male, 60",Marcus Raboy,Dana Carvey,United States,"November 4, 2016",2016,TV-MA,64 min,Stand-Up Comedy,Emmy-winning comedian Dana Carvey blends pitch-perfect takes on big personalities with so-true-it-hurts stories from his life as a dad of millennials.
s3621,Movie,Jim Jefferies : BARE,Shannon Hartman,Jim Jefferies,United States,"August 6, 2019",2014,TV-MA,77 min,Stand-Up Comedy,"Nothing is sacred in this show from Australian comic Jim Jefferies, whether it’s the mother of his child, auditioning disabled actors, or gun control."
s8341,Movie,The Heat: A Kitchen (R)evolution,Maya Gallus,Unknown,Canada,"May 7, 2019",2018,TV-MA,71 min,Documentaries,Seven female chefs describe what it’s like breaking into the restaurant industry's notorious boys' club.
s1502,Movie,After We Collided,Roger Kumble,"Josephine Langford, Hero Fiennes Tiffin, Dylan Sprouse, Selma Blair, Louise Lombard, Shane Paul McGhie, Candice King, Charlie Weber, Khadijha Red Thunder, Inanna Sarkis, Pia Mia, Samuel Larsen, Dylan Arnold, Karimah Westbrook, Rob Estes",United States,"December 22, 2020",2020,R,105 min,"Dramas, Romantic Movies","Tessa fell hard and fast for Hardin, but after a betrayal tears them apart, she must decide whether to move on — or trust him with a second chance."
s4117,TV Show,Velvet Colección,Unknown,"Marta Hazas, Asier Etxeandía, Adrián Lastra, Diego Martín, Fernando Guallar, Llorenç González, Megan Montaner, Mónica Cruz, Marta Torné, Andrea Duro, Aitana Sánchez-Gijón, Adriana Ozores, Imanol Arias",Spain,"February 14, 2019",2018,TV-14,2 Seasons,"International TV Shows, Romantic TV Shows, Spanish-Language TV Shows","In the late '60s, fashion designer Ana enlists friends Clara, Pedro and Raúl to open a store and design school in Barcelona in this ""Velvet"" spinoff."
s5837,TV Show,Marco Polo,Unknown,"Lorenzo Richelmy, Benedict Wong, Chin Han, Joan Chen, Michelle Yeoh, Rick Yune, Claudia Kim, Remy Hii, Zhu Zhu, Tom Wu, Mahesh Jadu, Olivia Cheng, Uli Latukefu, Pierfrancesco Favino, Jacqueline Chan, Leonard Wu, Gabriel Byrne",United States,"July 1, 2016",2016,TV-MA,2 Seasons,"TV Action & Adventure, TV Dramas","Set in a world of greed, betrayal, sexual intrigue and rivalry, “Marco Polo” is based on the famed explorer’s adventures in Kublai Khan’s court."
s8639,Movie,Tucker and Dale vs. Evil,Eli Craig,"Tyler Labine, Alan Tudyk, Katrina Bowden, Jesse Moss, Philip Granger, Brandon Jay McLaren, Christie Laing, Chelan Simmons, Travis Nelson, Alex Arsenault","Canada, United States, India, United Kingdom","March 29, 2019",2010,R,89 min,"Comedies, Horror Movies, Independent Movies","Expecting to relax at their ""vacation"" cabin, two backwoods boys see their trip turn into a nightmare when they're accused of being psychotic killers."
s1992,TV Show,Criminal: UK,Unknown,"Katherine Kelly, Lee Ingleby, Mark Stanley, Rochenda Sandall, Shubham Saraf, Nicholas Pinnock, David Tennant, Hayley Atwell, Youssef Kerkour, Clare-Hope Ashitey, Isabella Laughland","United Kingdom, France, Germany, Spain","September 16, 2020",2020,TV-MA,2 Seasons,"British TV Shows, Crime TV Shows, International TV Shows","Within the walls of an interrogation room and with time running out, London investigators go after three suspects, each accused of a grievous crime."
s1802,Movie,Over the Moon,Glen Keane,"Cathy Ang, Phillipa Soo, Ken Jeong, Robert G. Chiu, John Cho, Sandra Oh, Ruthie Ann Miles, Margaret Cho, Kimiko Glenn, Artt Butler, Irene Tsu, Clem Cheung, Conrad Ricamora","China, United States","October 23, 2020",2020,PG,100 min,"Children & Family Movies, Music & Musicals","Fueled by memories of her mother, resourceful Fei Fei builds a rocket to the moon on a mission to prove the existence of a legendary moon goddess."
s6871,Movie,Golmaal: Fun Unlimited,Rohit Shetty,"Ajay Devgn, Tusshar Kapoor, Arshad Warsi, Sharman Joshi, Paresh Rawal, Rimi Sen, Sushmita Mukherjee, Vrajesh Hirjee",India,"December 31, 2019",2006,TV-14,148 min,"Comedies, International Movies","Between thwarting crooks and wooing the belle next door, four pranksters get in over their heads when they bamboozle their way into a couple’s bungalow."
s2504,Movie,Game Over,Ahmed Al-Badry,"Yousra, Mai Ezz El-Din, Ezzat Abou Aouf, Mohamed Nour",Egypt,"May 19, 2020",2012,TV-14,96 min,"Comedies, International Movies, Romantic Movies",A woman ends up working at the same nightclub as her son’s girlfriend — who she doesn’t like — and tries to break up their relationship.
s6281,Movie,Below Her Mouth,April Mullen,"Erika Linder, Natalie Krill, Sebastian Pigott, Mayko Nguyen, Tommie-Amber Pirie, Melanie Leishman, Andrea Stefancikova, Daniela Barbosa",Canada,"August 1, 2017",2016,TV-MA,91 min,"Dramas, Independent Movies, International Movies",An engaged fashion editor begins a torrid affair with a female roofer that threatens to turn both of their lives upside down.
s2670,TV Show,El Dragón: Return of a Warrior,Unknown,"Sebastián Rulli, Renata Notni, Roberto Mateos, Irina Baeva, Cassandra Sánchez Navarro, Manuel Balbi, Javier Gómez, Alejandro Ávila, Sofía Castro, Juan Pablo Gil",Mexico,"April 17, 2020",2020,TV-MA,2 Seasons,"Crime TV Shows, International TV Shows, Spanish-Language TV Shows","To replace his grandfather as head of a cartel, a Tokyo financier returns to his home country of Mexico, where he must battle two rivals for control."
s8468,Movie,The Prison,Na Hyeon,"Suk-kyu Han, Rae-won Kim, Kyeong-yeong Lee, Woong-in Jeong, Jae-yun Jo, Sung-rok Shin, Kim Sung-kyun, Kwak Min-ho",South Korea,"November 18, 2017",2017,TV-MA,125 min,"Action & Adventure, Dramas, International Movies",A cop-turned-convict discovers a crime syndicate inside a prison lorded over by an inmate crime boss – and joins in on their nightly heists.
s1409,TV Show,The Magicians,Unknown,"Jason Ralph, Arjun Gupta, Hale Appleman, Stella Maeve, Summer Bishil, Olivia Taylor Dudley, Jade Tailor, Rick Worthy, Mackenzie Astin, Kacey Rohl, Charles Mesure, Keegan Connor Tracy, Trevor Einhorn","United States, Canada","January 15, 2021",2020,TV-MA,5 Seasons,"TV Dramas, TV Sci-Fi & Fantasy","When grad student Quentin Coldwater enters a college specializing in magic, he learns that the mythic fantasy world he once read about is very real."
s7664,Movie,One Last Thing,Tim Rouhana,"Wendell Pierce, Jurnee Smollett-Bell, Joanne Froggatt, April Billingsley, Elizabeth Ludlow, David Kronawitter, Adora Dei, Eric Mendenhall, Ed Amatrudo, Kate Kovach",United States,"August 25, 2019",2018,TV-MA,92 min,Dramas,"After 25 years of searching, a lonely dentist finds his long-lost daughter but learns that she suffers from a rare medical condition."
s2793,TV Show,She,Unknown,"Aaditi Pohankar, Vijay Varma, Vishwas Kini, Kishore Kumar G., Shivani Rangole, Suhita Thatte, Sandeep Dhabale, Saqib Ayub",India,"March 20, 2020",2020,TV-MA,1 Season,"Crime TV Shows, International TV Shows, TV Dramas",An undercover assignment to expose a drug ring becomes a timid Mumbai constable’s road to empowerment as she realizes her dormant sexuality's potential.
s885,TV Show,Move to Heaven,Unknown,"Lee Je-hoon, Tang Jun-sang, Hong Seung-hee, Ji Jin-hee, Lim Won-hee, Choi Soo-young",South Korea,"May 14, 2021",2021,TV-MA,1 Season,"International TV Shows, TV Dramas","Finding life in all that’s left behind, a detail-oriented trauma cleaner and his estranged uncle deliver untold stories of the departed to loved ones."
s7111,Movie,Jack and the Cuckoo-Clock Heart,"Mathias Malzieu, Stéphane Berla","Orlando Seale, Samantha Barks, Harry Sadeghi, Stephane Cornicard, Jessie Buckley, Sophia Ellis, Barbara Scaff, Michelle Fairley, Richard Ridings, Howard Samuels","France, Belgium","February 8, 2017",2013,PG,93 min,"Children & Family Movies, Music & Musicals","Equipped with a mechanical heart and determined to stay out of death's shadow, young Jack understands that love could prove fatal."
s7837,Movie,Reaction,Husam El-Gohari,"Mahmoud Abdel Moghny, Amr Youssef, Horeya Farghaly, Mahmoud El Gendy, Entessar, Donia El Masry, Sabry Abdel Moniem, Raouf Mustafa, Alaa Zenhom",Egypt,"June 20, 2019",2011,TV-14,99 min,"Dramas, International Movies","When a series of seemingly random people are murdered, baffled police search for a killer who may have a connection to them all."
s4864,Movie,Ali Wong: Hard Knock Wife,Jay Karas,Ali Wong,United States,"May 13, 2018",2018,TV-MA,64 min,Stand-Up Comedy,"Two years after the hit ""Baby Cobra,"" Ali Wong is back with another baby bump – and a torrent of hilarious truths about marriage and motherhood."
s1429,Movie,Is Love Enough? Sir,Rohena Gera,"Tillotama Shome, Vivek Gomber, Geetanjali Kulkarni, Rahul Vohra, Divya Seth, Chandrachoor Rai, Dilnaz Irani, Bhagyashree Pandit, Anupriya Goenka, Rashi Mal","India, France","January 8, 2021",2018,TV-MA,99 min,"Dramas, Independent Movies, International Movies","A young widow is hired as the domestic helper for a wealthy architect, but social divides come to the fore as an unlikely attraction grows between them."
s1329,TV Show,Crime Scene: The Vanishing at the Cecil Hotel,Joe Berlinger,Unknown,United States,"February 10, 2021",2021,TV-MA,1 Season,"Crime TV Shows, Docuseries","The notorious Cecil Hotel grows in infamy when guest Elisa Lam vanishes. From the creator of ""The Ted Bundy Tapes,"" a dive into crime's darkest places."
s8545,TV Show,The Underwear,Unknown,"Thanabordee Jaiyen, Emika Grant Emma, Tantimedh Chisanusha, Siribanchawan Jidapa, Supanut Sudjinda",Unknown,"June 19, 2018",2017,TV-MA,1 Season,"International TV Shows, TV Dramas, Teen TV Shows",Virtual and real worlds collide as a group of teenagers who are grappling with matters of the heart cross paths in a cafe and on an anonymous website.
s8140,Movie,Sweet Virginia,Jamie M. Dagg,"Jon Bernthal, Christopher Abbott, Imogen Poots, Rosemarie DeWitt, Odessa Young, Joseph Lyle Taylor, Jonathan Tucker, Garry Chalk, Jared Abrahamson, Gabrielle Rose","United States, Canada","December 1, 2019",2017,R,93 min,"Dramas, Independent Movies, Thrillers","In a remote Alaskan town reeling from a sudden triple murder, a former rodeo champ befriends a lone newcomer with a violent occupation."
s3149,TV Show,What's New Scooby-Doo?,Unknown,"Frank Welker, Casey Kasem, Mindy Cohn, Grey DeLisle",United States,"December 15, 2019",2005,TV-Y7,3 Seasons,"Kids' TV, TV Comedies",Scooby-Doo and the gang enter the 21st century with this updated edition of the original series with more ghoulish mysteries to solve.
s1027,Movie,Barbie & Chelsea: The Lost Birthday,Cassi Simonds,"America Young, Cassidy Naber, Kirsten Day, Cassandra Morris, Lisa Fuson, Greg Chun, Benjamin Pronsky, Laila Berzins, Nakia Burrise, Jacob Craner",United States,"April 16, 2021",2021,TV-Y,60 min,Children & Family Movies,"When Barbie’s sister Chelsea thinks her birthday has been skipped, she hunts for a magic gem on a jungle island that will grant her wish to get it back."
s5514,TV Show,What in the World Happened?,Unknown,"Eun-mi Go, Jaehyo, Eun-Hyung Jo, Ha-yeon Kim, Shin Yi, Kwang-sun Park",South Korea,"April 28, 2017",2015,TV-14,1 Season,"International TV Shows, Korean TV Shows, Romantic TV Shows",A happy secret romance between a 40-year-old woman and a 25-year-old man is complicated after a greeting card grants her wish to be young again.
s6304,Movie,Big Daddy,Dennis Dugan,"Adam Sandler, Joey Lauren Adams, Jon Stewart, Cole Sprouse, Dylan Sprouse, Josh Mostel, Leslie Mann, Allen Covert, Rob Schneider, Kristy Swanson",United States,"October 1, 2020",1999,PG-13,93 min,Comedies,"Dumped by his girlfriend because he refuses to accept responsibility, overgrown adolescent Sonny Koufax adopts a 5-year-old to prove he's a grownup."
s5340,Movie,Baahubali: The Beginning (Tamil Version),S.S. Rajamouli,"Prabhas, Rana Daggubati, Anushka Shetty, Tamannaah Bhatia, Sathyaraj, Nassar, Ramya Krishnan, Sudeep",Unknown,"August 7, 2017",2015,TV-14,159 min,"Action & Adventure, Dramas, International Movies",Villagers in the kingdom of Mahismati rescue a baby who is destined to embark on a heroic quest in this Tamil version of S.S. Rajamouli's epic.
s4872,Movie,My Fuhrer,Dani Levy,"Helge Schneider, Ulrich Mühe, Sylvester Groth, Adriana Altaras, Stefan Kurt, Ulrich Noethen, Lambert Hamel, Udo Kroschwald, Torsten Michaelis, Axel Werner",Germany,"May 7, 2018",2007,TV-14,91 min,"Comedies, International Movies",Germany's most celebrated actor is commissioned by Nazi propagandist Joseph Goebbels to prepare the leader of the Third Reich to deliver a speech.
s5103,Movie,Goon: Last of the Enforcers,Jay Baruchel,"Seann William Scott, Alison Pill, Liev Schreiber, Marc-André Grondin, Wyatt Russell, Elisha Cuthbert, Callum Keith Rennie, Jason Jones, Kim Coates, T.J. Miller",Canada,"December 30, 2017",2016,R,102 min,"Comedies, International Movies, Sports Movies","Injury and family push hockey player Doug Glatt into retirement, but his plans change when his beloved former team appoints his nemesis as captain."
s7498,Movie,Monster High: Great Scarrier Reef,William Lau,"Larissa Galagher, Kate Higgins, Debi Derryberry, Salli Saffioti, America Young, Evan Smith, Lyndsy Kail, Rachel Staman, Cherami Leigh, Paula Rhodes, Erin Fitzgerald",United States,"October 1, 2017",2016,TV-Y7,72 min,Children & Family Movies,"At a Monster High party, Lagoona and pals are sucked into the reef, where she'll have to come to terms with her flaws and confront an old frenemy."
s7458,TV Show,Mini Wolf,Unknown,Unknown,France," September 16, 2018",2014,TV-G,2 Seasons,Kids' TV,Mini-Wolf and his fun-loving pals friends are always on the look out for a new adventure – even if it includes a little bit of mischief.
s1897,Movie,Òlòtūré,Kenneth Gyang,"Beverly Osu, Sharon Ooja, Omowunmi Dada, Pearl Okorie, Wofai Samuel, Ikechukwu Onunaku, Kemi Lala Akindoju, Blossom Chukwujekwu, Adebukola Oladipupo, Omoni Oboli, Segun Arinze, Ada Ameh, Sambasa Nzeribe, Patrick Doyle, Gregory Ojefua",Nigeria,"October 2, 2020",2020,TV-MA,107 min,"Dramas, International Movies","In Lagos, a journalist goes undercover as a prostitute to expose human trafficking. What she finds is a world of exploited women and ruthless violence."
s7465,Movie,Miss Hokusai,Keiichi Hara,"Anne Watanabe, Yutaka Matsushige, Gaku Hamada, Kengo Kora, Jun Miho, Shion Shimizu, Michitaka Tsutsui, Ethan Murray, Kevin T. Collins, Barbara Goodson, Cindy Robinson, Mike Pollock, Robbie Daymond, Marc Diraison, Richard Epcar, Erica Lindbeck",Japan,"October 1, 2017",2015,PG-13,90 min,Anime Features,"Herself a talented artist, O-Ei works with her father, Tetsuzo, later known as Hokusai, on the woodblock prints that would make Edo famous worldwide."
s1158,Movie,Bad Trip,Unknown,"Eric André, Lil Rel Howery, Tiffany Haddish, Michaela Conlin",United States,"March 26, 2021",2021,TV-MA,87 min,Comedies,"In this hidden-camera prank comedy, two best friends bond on a wild road trip to New York as they pull real people into their raunchy, raucous antics."
s7140,Movie,Jonathan,Bill Oliver,"Ansel Elgort, Suki Waterhouse, Douglas Hodge, Patricia Clarkson, Matt Bomer, Souleymane Sy Savane, Shunori Ramanathan, Joe Egender",United States,"April 16, 2019",2018,TV-MA,101 min,"Dramas, Independent Movies, Sci-Fi & Fantasy","Two siblings share a body, each getting it for 12 hours a day. But when one of them breaks the rules, their whole way of life comes crashing down."
s5625,Movie,Journey to Greenland,Sébastien Betbeder,"Thomas Blanchard, Thomas Scimeca, François Chattot, Ole Eliassen, Adam Eskilden",France,"January 29, 2017",2016,TV-14,99 min,"Comedies, International Movies","When they flee Paris for a remote village in Greenland, two part-time actors become immersed in the archaic Inuit culture and forge unexpected bonds."
s3285,TV Show,Westside Story,Unknown,"Tony Sun, Wallace Huo, Esther Liu, Cyndi Wang, Zax Wang, Sam Wang, Jason Hsu, Whyn Wu, Ben Lee, Vicky Chen",Unknown,"November 15, 2019",2003,TV-14,1 Season,"International TV Shows, Romantic TV Shows, TV Action & Adventure","Spirited high school misfits with hearts of gold begin their journeys into adulthood as they navigate school, friendship, romance and heartbreak."
s6639,Movie,Down The Fence,M.J. Isakson,Unknown,United States,"January 15, 2018",2017,TV-PG,94 min,Documentaries,"The human-equine bond propels the unique and challenging sport of reined cow horse, in which dedicated trainers compete for the national championship."
s5235,Movie,Rodney Carrington: Here Comes the Truth,Brandon Jones,Rodney Carrington,United States,"October 3, 2017",2017,TV-MA,66 min,Stand-Up Comedy,"Raunchy country comic and musician Rodney Carrington jokes and sings about life in his 40s, poking fun at sex, relationships and gaining weight."
s608,Movie,The Strangers,Bryan Bertino,"Liv Tyler, Scott Speedman, Gemma Ward, Kip Weeks, Laura Margolis, Glenn Howerton, Alex Fisher, Peter Clayton-Luce",United States,"July 1, 2021",2008,R,85 min,"Horror Movies, Thrillers","A quiet stay at a remote vacation home spirals into terror for a couple when they come under attack by three masked, mysterious, murderous intruders."
s8605,TV Show,Top 10 Secrets and Mysteries,Unknown,Unknown,"United Kingdom, United States, Czech Republic","March 15, 2019",2018,TV-14,1 Season,"British TV Shows, Docuseries, Science & Nature TV","This series investigates mysteries that persistently elude scientific explanation, such as mythical creatures, UFOs, sacred sites and more."
s2901,TV Show,Spectros,Unknown,"Danilo Mesquita, Cláudia Okuno, Mariana Sena, Enzo Barone, Drop Dashi, Miwa Yanagizawa, Carlos Takeshi, Daniel Rocha, Kelzy Ecard, Norival Rizzo, Nicolas Trevijano, Jui Huang, Jimmy Wong, Fania Espinosa, Wallie Ruy, Begê Muniz, Antonio Miano, Ricardo Iazzetta, Mayhara Ribeiro, Jairo Mattos",Brazil,"February 20, 2020",2020,TV-MA,1 Season,"International TV Shows, TV Horror, TV Mysteries",A group of teens get caught up in a supernatural clash as vengeful spirits from centuries past rise up in the Liberdade district of São Paulo.
s5206,TV Show,The Mist,Unknown,"Morgan Spector, Alyssa Sutherland, Gus Birney, Danica Curcic, Okezie Morro, Luke Cosgrove, Darren Pettie, Russell Posner, Frances Conroy, Dan Butler, Isiah Whitlock Jr.","Canada, United States","October 24, 2017",2017,TV-MA,1 Season,"TV Dramas, TV Horror, TV Mysteries","Trapped by a mysterious fog, residents of a Maine village discover that it hides nightmarish creatures. A new series based on Stephen King's novella."
s4651,TV Show,Show Me the Money,Unknown,"Afdlin Shauki, Patrick Teoh, Mano Maniam, Rashid Salleh, Soefira Jaafar, Nell Ng, Juliana Ibrahim, Wandy She",Unknown,"September 9, 2018",2004,TV-14,2 Seasons,"International TV Shows, TV Comedies",Four ordinary family members find their lives turned upside down when they become overnight millionaires thanks to an unlikely benefactor.
s7668,Movie,Only God Forgives,Nicolas Winding Refn,"Ryan Gosling, Kristin Scott Thomas, Vithaya Pansringarm, Gordon Brown, Yayaying Rhatha Phongam, Tom Burke, Sahajak Boonthanakit, Pitchawat Petchayahon, Charlie Ruedpokanon, Kowit Wattanakul, Wannisa Peungpa, Narucha Chaimareung","Denmark, France, United States, Sweden","May 15, 2018",2013,R,90 min,"Cult Movies, Independent Movies, Thrillers","When a cop kills the brother of an expat American gangster who runs a Bangkok fight club, his crime-boss mother flies in to supervise revenge."
s5062,Movie,Mau Nieto: Viviendo sobrio… desde el bar,Unknown,Mau Nieto,Mexico,"January 26, 2018",2018,TV-MA,57 min,Stand-Up Comedy,"Performing at a bar, Mexican stand-up comedian Mau Nieto dishes on his modest upbringing, his failed relationships and his attempts to stay sober."
s3125,Movie,"Sincerely Yours, Dhaka","Nuhash Humayun, Syed Ahmed Shawki, Rahat Rahman, Robiul Alam Robi, Golam Kibria Farooki, Mir Mukarram Hossain, Tanvir Ahsan, Mahmudul Islam, Abdullah Al Noor, Krishnendu Chattopadhyay, Syed Saleh Ahmed Sobhan","Mostafizur Noor Imran, Orchita Sporshia, Allen Shubhro, Shamol Mawla, Sarder Saniat Hossain, Manoj Kumar Pramanik, Trapa Majumder, Intekhab Dinar, Iresh Zaker, Lutfur Rahman George",Bangladesh,"December 16, 2019",2018,TV-MA,136 min,"Comedies, Dramas, Independent Movies",Eleven emerging Bangladeshi filmmakers present a collection of gritty shorts centered on the capital city and the people living in its margins.
s1604,TV Show,Alien Worlds,Unknown,Unknown,United Kingdom,"December 2, 2020",2020,TV-PG,1 Season,"British TV Shows, Docuseries, International TV Shows","Applying the laws of life on Earth to the rest of the galaxy, this series blends science fact and fiction to imagine alien life on other planets."
s1083,TV Show,Don't be the First one,Unknown,"Park Mi-sun, Jang Do-youn",Unknown,"April 11, 2021",2021,TV-14,1 Season,"International TV Shows, Reality TV","Is marriage just better between funny people? Revealing their day-to-day lives, celebrity comedian couples explore the bonds that keep them together."
s253,Movie,Black Island,Miguel Alexandre,"Philip Froissant, Alice Dwyer, Hanns Zischler, Mercedes Müller, Sammy Scheuritzel, Lieselotte Voß, Katharina Schütz, Jodie Leslie Ahlborn, Marco Wittorf, Ilknur Boyraz",Unknown,"August 18, 2021",2021,TV-MA,105 min,"International Movies, Thrillers",The dark secrets of a seemingly peaceful island threaten to swallow up an orphaned student when he grows close to a mysterious new teacher.
s323,TV Show,You're My Destiny,Unknown,"Joe Chen, Ethan Juan, Baron Chen, Bianca Bai, Na Wei-hsun, Tan Ai-Chen",Taiwan,"August 3, 2021",2008,TV-MA,1 Season,"International TV Shows, Romantic TV Shows, TV Comedies","A young woman's romantic cruise ends in a twist when she gets pregnant after a one-night stand with a rich executive, turning their lives upside down."
s3409,Movie,Tell Me Who I Am,Ed Perkins,Unknown,United Kingdom,"October 18, 2019",2019,TV-MA,86 min,Documentaries,"In this documentary, Alex trusts his twin, Marcus, to tell him about his past after he loses his memory. But Marcus is hiding a dark family secret."
s6914,Movie,Hamburger Hill,John Irvin,"Anthony Barille, Michael Boatman, Don Cheadle, Michael Dolan, Don James, Dylan McDermott, Michael A. Nickles, Harry O'Reilly, Daniel O'Shea, Tim Quill, Tommy Swerdlow, Courtney B. Vance, Steven Weber, Tegan West",United States,"November 23, 2019",1987,R,110 min,"Action & Adventure, Dramas",The Vietnam War's horrors come brutally to life through the eyes of American soldiers trying to take a heavily fortified hill under Vietcong control.
s8305,Movie,The Flintstones,Brian Levant,"John Goodman, Elizabeth Perkins, Rick Moranis, Rosie O'Donnell, Kyle MacLachlan, Halle Berry, Elizabeth Taylor, Dann Florek, Sam Raimi, Harvey Korman",United States,"October 1, 2019",1994,PG,91 min,"Children & Family Movies, Comedies",The Flintstones hit the big screen in this live-action comedy that finds Fred and Barney struggling to cope with the pressures of work and family.
s1330,Movie,The Misadventures of Hedi and Cokeman,Julien Royal,"Hedi Bouchenafa, Nassim Lyes, Fred Testot, Julie Ferrier, Benjamin Tranié, Hugues Jourdain, Charlotte Gabris, Vincent Desagnat, Nina Kepekian, Hakim Jemili, Bun-hay Mean",France,"February 10, 2021",2021,TV-MA,99 min,"Comedies, International Movies","In Paris, two dysfunctional dealers use family ties to try to boost their small drug business in this crass comedy based on the webseries."
s5198,Movie,The B-Side: Elsa Dorfman's Portrait Photography,Errol Morris,Elsa Dorfman,United States,"October 31, 2017",2016,R,76 min,Documentaries,"Filmmaker Errol Morris probes the life, work and studio of his pal Elsa Dorfman, a Polaroid photographer who's shot luminaries and regular folk alike."
s847,Movie,Home,Tim Johnson,"Jim Parsons, Rihanna, Steve Martin, Jennifer Lopez, Matt Jones, Brian Stepanek, April Lawrence",United States,"May 25, 2021",2015,PG,94 min,"Children & Family Movies, Comedies, Sci-Fi & Fantasy","When misfit alien Oh mistakenly sends a party invite to the entire galaxy, he goes on the run to avoid trouble and befriends spunky human girl Tip."
s1334,Movie,War Dogs,Todd Phillips,"Jonah Hill, Miles Teller, Ana de Armas, Kevin Pollak, Bradley Cooper, Shaun Toub, Steve Lantz, Gregg Weiner, JB Blanc, Patrick St. Esprit","United States, Cambodia, Romania","February 8, 2021",2016,R,114 min,"Comedies, Dramas",A massage therapist gets in over his head when he partners with a charismatic childhood pal in the lucrative but shady business of global arms dealing.
s4845,TV Show,Unbreakable Kimmy Schmidt,Unknown,"Ellie Kemper, Jane Krakowski, Tituss Burgess, Carol Kane",United States,"May 30, 2018",2019,TV-14,4 Seasons,TV Comedies,"When a woman is rescued from a doomsday cult and lands in New York City, she must navigate a world she didn’t think even existed anymore."
s7908,Movie,Russell Madness,Robert Vince,"David Milchard, John Ratzenberger, Will Sasso, Mason Vale Cotton, John Hennigan, Sean Giambrone, Charles Robinson, Mckenna Grace, Kate Reinders, Fred Willard",United States,"May 10, 2015",2015,PG,93 min,"Children & Family Movies, Comedies, Sports Movies","A spunky terrier named Russell with serious wrestling chops becomes a sports phenomenon with the help of his coach, a monkey named Hunk."
s1988,Movie,Residue,Merawi Gerima,"Obinna Nwachukwu, Dennis Lindsey, Taline Stewart, Derron Scott, Jamal Graham, JaCari Dye, Julian Selman, Melody Tally, Ramon Thompson, Hasinatu Camara",United States,"September 17, 2020",2020,TV-MA,90 min,"Dramas, Independent Movies",A young screenwriter returns to his hometown to write a script based on his childhood and discovers his neighborhood has been gentrified.
s816,Movie,The Girl King,Mika Kaurismäki,"Malin Buska, Sarah Gadon, Michael Nyqvist, Lucas Bryant, Laura Birn, Hippolyte Girardot, Peter Lohmeyer, François Arnaud, Patrick Bachau, Ville Virtanen, Martina Gedeck",Unknown,"June 2, 2021",2015,TV-MA,106 min,"Dramas, International Movies, LGBTQ Movies","Sweden's forward-thinking Queen Kristina resists her country's conservative ideals, which only grow more restrictive when she falls for a woman."
s6607,Movie,Diana: 7 Days That Shook the World,Ben Ryder,James D'Arcy,United Kingdom,"July 28, 2017",2017,TV-PG,93 min,Documentaries,"This illuminating documentary examines the aftermath of Princess Diana’s tragic death and the tense, dramatic week leading up to her funeral."
s7476,Movie,Moh Maya Money,Munish Bhardwaj,"Ranvir Shorey, Neha Dhupia, Devendra Chowhan, Ashwath Bhatt, Vidushi Mehra, Anant Raina",India,"May 1, 2017",2016,TV-MA,109 min,"Dramas, Independent Movies, International Movies","After investing in a shady deal that quickly falls apart, a morally flexible real estate agent involves his wife in a dangerous recovery plan."
s6646,Movie,Dragonkala Ka Rahasya,Rajiv Chilaka,Unknown,Unknown,"June 18, 2019",2018,TV-Y,68 min,Children & Family Movies,"Bheem helps to reopen Dragonpur's abandoned magic and martial arts school, but is tested like never before when an ex-student returns seeking revenge!"
s4169,TV Show,Examination of Conscience,Unknown,Unknown,Spain,"January 25, 2019",2019,TV-MA,1 Season,"Crime TV Shows, Docuseries, International TV Shows","Allegations of child sexual abuse in Spain's Catholic institutions are examined in interviews with survivors, clergy, journalists and other experts."
s5616,Movie,Imperial Dreams,Malik Vitthal,"John Boyega, Rotimi, Glenn Plummer, De'Aundre Bonds, Keke Palmer, Nora Zehetner, Todd Louiso",United States,"February 3, 2017",2014,TV-MA,86 min,Dramas,"A young father returns home from jail eager to care for his son and become a writer, but crime, poverty and a flawed system threaten his plans."
s2113,TV Show,DeMarcus Family Rules,Unknown,Unknown,United States,"August 19, 2020",2020,TV-14,1 Season,Reality TV,Rascal Flatts bassist Jay DeMarcus and ex-beauty queen Allison DeMarcus write their own rules for juggling family and fun in this reality show.
s7775,Movie,"Power Rangers Samurai: Christmas Together, Friends Forever (Christmas Special)",Unknown,"Alex Heartman, Erika Fong, Hector David Jr., Najee De-Tiege, Brittany Anne Pirtle, Steven Skyler, Rene Naufahu, Felix Ryan, Paul Schrier",United States,"January 1, 2016",2011,TV-Y7,24 min,Movies,"On Christmas Eve, as the teens at Shiba House reflect on their first year together, they get an unexpected lesson on the true spirit of the holidays."
s4238,Movie,Sam Kinison: Breaking the Rules,Walter C. Miller,Sam Kinison,United States,"December 31, 2018",1987,TV-MA,50 min,Stand-Up Comedy,"The one-time preacher shakes and shudders as he tears into subjects including sex, marriage, religion, drugs and famine in this HBO special."
s8347,Movie,The Holy Man,Note Chern-Yim,"Pongsak Pongsuwan, Note Chern-Yim, Sarawut Phumthong, Savika Chaiyadej, Somlek Sakdikul, Petchtai Wongkamlao",Thailand,"July 25, 2018",2005,TV-14,92 min,"Comedies, Faith & Spirituality, International Movies","Formerly a troubled youth, a monk is given charge of a Buddhist temple neglected by superstitious villagers under the spell of a fake psychic."
s2841,Movie,Angu Vaikuntapurathu (Malayalam),Trivikram Srinivas,"Allu Arjun, Pooja Hegde, Tabu, Sushanth, Nivetha Pethuraj, Jayaram, Murli Sharma",Unknown,"March 5, 2020",2020,TV-14,162 min,"Action & Adventure, Comedies, Dramas","After growing up enduring criticism from his father, a young man finds his world shaken upon learning he was switched at birth with a millionaire’s son."
s3137,Movie,Game,Abhinay Deo,"Abhishek Bachchan, Kangana Ranaut, Anupam Kher, Boman Irani, Jimmy Shergill, Shahana Goswami, Gauhar Khan, Sarah-Jane Dias",India,"December 15, 2019",2011,TV-14,135 min,"International Movies, Thrillers","A tycoon accuses three strangers of killing his daughter but mysteriously dies before he can expose them, sparking a tangled hunt for the real culprit."
s3790,TV Show,Killer Ratings,Unknown,Unknown,Unknown,"May 31, 2019",2019,TV-MA,1 Season,"Crime TV Shows, Docuseries, International TV Shows",Brazilian TV personality and politician Wallace Souza faces accusations of masterminding the violent crimes he reported on and rallied against.
s6118,Movie,All Good Ones Get Away,Víctor García,"Claire Forlani, Jake Abel, Titus Welliver, Melina Matthews","Spain, Italy","July 30, 2019",2019,TV-MA,83 min,"International Movies, Thrillers","When a mysterious figure blackmails an adulterous couple during a romantic getaway, their secret affair turns into a fight for survival."
s5594,TV Show,Love Me As I Am,Unknown,"Alper Saldıran, Zeynep Çamcı, Burcu Altın, Umut Kurt, Eda Ece, Ozan Osmanpaşaoğlu, Mert Turak, Burcu Biricik, Yusuf Akgün, Selen Uçer",Turkey,"February 22, 2017",2015,TV-PG,3 Seasons,"International TV Shows, Romantic TV Shows, TV Comedies","After wealthy college boy Ömer and lower class college girl Aysem fall in love and quickly marry, they learn that love and life aren't always perfect."
s3292,TV Show,Put Your Head on My Shoulder,Unknown,"Fair Xing, Lin Yi, Daddi Tang, Yi Sha, Zhou Zixin, Zheng Yingchen, Cai Gang, Liang Aiqi, Rong Rong, He Qiang",China,"November 11, 2019",2019,TV-14,1 Season,"International TV Shows, Romantic TV Shows, Teen TV Shows","On the cusp of graduation, an accounting major searching for her career winds up living with a genius physics student who shakes up her daily routine."
s918,Movie,Framing John DeLorean,"Don Argott, Sheena M. Joyce","Alec Baldwin, Josh Charles, Morena Baccarin, Dean Winters, Michael Rispoli, Dana Ashbrook, Jason Jones, Josh Cooke, Sean Cullen, William Hill",United States,"May 5, 2021",2019,TV-MA,109 min,"Documentaries, Dramas","From his rise in the auto industry to his fall from grace, John DeLorean's legacy of power, fast cars and drugs comes to life in this documentary."
s1155,Movie,Lawless,John Hillcoat,"Shia LaBeouf, Jessica Chastain, Jason Clarke, Guy Pearce, Lew Temple, Gary Oldman, Tim Tolin, Dane DeHaan, Mia Wasikowska, Chris McGarry, Tom Hardy",United States,"March 28, 2021",2012,R,116 min,Dramas,"This true-to-life action saga profiles Virginia's bootlegging Bondurant brothers, whose exploits during the Prohibition era made them outlaw heroes."
s2871,TV Show,Queen Sono,Unknown,"Pearl Thusi, Vuyo Dabula, Loyiso Madinga, Kate Liquorish, Sechaba Morojele, Rob van Vuuren, Chi Mhende, Otto Nobela, Khathu Ramabulana, Enhle Mlotshwa",South Africa,"February 28, 2020",2020,TV-MA,1 Season,"International TV Shows, TV Action & Adventure, TV Dramas",South African spy Queen Sono finds herself in a nefarious web of business and politics as she seeks to uncover the truth behind her mother's death.
s3153,Movie,My Wife and I,Bunmi Ajakaiye,"Ramsey Nouah, Omoni Oboli, Dorcas Shola Fapson, Sambasa Nzeribe, Jemima Osunde, Dozie Onyiriuka, Rotimi Adelagan, Seyilaw",South Africa,"December 13, 2019",2017,TV-MA,100 min,"Comedies, International Movies, Romantic Movies","When a couple leaning toward divorce meets with a pastor for counseling, an unexpected development shakes up their marriage."
s8076,Movie,Spy Kids 2: The Island of Lost Dreams,Robert Rodriguez,"Antonio Banderas, Carla Gugino, Alexa PenaVega, Daryl Sabara, Steve Buscemi, Mike Judge, Danny Trejo, Cheech Marin, Matt O'Leary, Emily Osment, Ricardo Montalban, Holland Taylor, Alan Cumming",United States,"March 8, 2019",2002,PG,100 min,"Children & Family Movies, Comedies","Spy kids Carmen and Juni Cortez team up with two other pint-size secret agents, Gary and Gerti Giggles, in order to take on an evil scientist."
s1209,Movie,Çarsi Pazar,Muharrem Gülmez,"Erdem Yener, Ayhan Taş, Emin Olcay, Muharrem Gülmez, Elif Nur Kerkük, Tarık Papuççuoğlu, Suzan Aksoy, Doğa Konakoğlu, Esin Eden, Deniz Özerman",Turkey,"March 12, 2021",2015,TV-MA,97 min,"Comedies, International Movies",The slacker owner of a public bath house rallies his community to save it when a big developer comes to town to close it down and open a new mall.
s286,Movie,The Railway Man,Jonathan Teplitzky,"Colin Firth, Nicole Kidman, Jeremy Irvine, Stellan Skarsgård, Sam Reid, Hiroyuki Sanada, Michael MacKenzie, Tom Stokes","Switzerland, United Kingdom, Australia","August 11, 2021",2013,R,108 min,"Dramas, International Movies","Decades after World War II, a still-shattered soldier unexpectedly falls in love and sees a bizarre coincidence bring his past back into focus."
s6973,Movie,Hiroshima: The Real History,Lucy van Beek,John Sessions,United Kingdom,"March 31, 2017",2015,TV-PG,95 min,Documentaries,This detailed examination of the 1945 Hiroshima bombing includes the prelude to and aftermath of history's controversial first use of atomic weapons.
s6677,TV Show,El Clon,Unknown,"Mauricio Ochmann, Sandra Echeverría, Saúl Lisazo, Roberto Moll, Geraldine Zivic, Andrea López, Juan Pablo Raba, Daniel Lugo",United States,"May 18, 2017",2010,TV-14,1 Season,"Romantic TV Shows, Spanish-Language TV Shows, TV Dramas","Religion thwarted Lucas and Jade's young love. They reunite decades later, but Jade's heart is torn between the man she knew and his younger clone."
s36,Movie,The Father Who Moves Mountains,Daniel Sandu,"Adrian Titieni, Elena Purea, Judith State, Valeriu Andriuță, Tudor Smoleanu, Virgil Aioanei, Radu Botar, Petronela Grigorescu, Bogdan Nechifor, Cristian Bota",Unknown,"September 17, 2021",2021,TV-MA,110 min,"Dramas, International Movies, Thrillers","When his son goes missing during a snowy hike in the mountains, a retired intelligence officer will stop at nothing — and risk everything — to find him."
s5303,Movie,Little Evil,Eli Craig,"Adam Scott, Evangeline Lilly, Bridget Everett, Owen Atlas, Chris D'Elia, Donald Faison, Clancy Brown, Tyler Labine, Kyle Bornheimer, Carla Gallo, Brad Williams, Sally Field",United States,"September 1, 2017",2017,TV-MA,95 min,"Comedies, Horror Movies","In this horror-comedy, a recently married man who wants to bond with his stepson begins to fear that the boy is a demon."
s1889,Movie,Good Game: The Beginning,Umut Aral,"Mert Yazıcıoğlu, Afra Saraçoğlu, Yiğit Kirazcı, Orkun Işıtmak, Bahar Şahin, Tolga Canbeyli, Bada Oh Deniz, Hakan Kurtaş, Doğaç Yildiz",Turkey,"October 3, 2020",2018,TV-14,115 min,"Dramas, International Movies, Sports Movies",New high school grad and avid gamer Cenk is recruited to an intense esports team that trains for a tournament with a life-changing prize.
s2325,Movie,#FriendButMarried 2,Rako Prijanto,"Adipati Dolken, Mawar de Jongh, Sari Nila, Vonny Cornellya, Clay Gribble, Ivan Leonardy, Sarah Sechan, Jourdy Pranata",Indonesia,"June 28, 2020",2020,TV-G,104 min,"Dramas, International Movies, Romantic Movies","As Ayu and Ditto finally transition from best friends to newlyweds, a quick pregnancy creates uncertainty for the future of their young marriage."
s127,Movie,Shikara,Vidhu Vinod Chopra,"Aadil Khan, Sadia Khateeb, Zain Khan Durrani, Priyanshu Chatterjee, Bhavna Chauhan, Ashwin Dhar, Farid Azad Khan, Saghar Sehrai",India,"September 2, 2021",2020,TV-14,115 min,"Dramas, International Movies, Romantic Movies",A couple must strive to remain resilient after regional hostilities drive them from their beloved home into a refugee camp.
s4439,Movie,Ghanchakkar,Raj Kumar Gupta,"Emraan Hashmi, Vidya Balan, Rajesh Sharma, Namit Das, Parvin Dabas",India,"November 1, 2018",2013,TV-MA,129 min,"Comedies, International Movies, Thrillers","Former con artist Sanju surrounds himself with the finer things, a blissful life troubled by only one thing: his wife, who wants even more."
s7382,TV Show,Maharakshak Devi,Unknown,"Umang Jain, Indraneil Sengupta, Rohit Bakshi, Karan Suchak, Shresth Kumar, Ankit Gera, Rushiraj Pawar, Nikita Sharma, Varun Kapoor, Kamalika Guha Thakurta, Sahil Uppal, Charu Asopa",India,"April 15, 2017",2015,TV-14,1 Season,"International TV Shows, TV Action & Adventure, TV Sci-Fi & Fantasy","After years spent in isolation, a young girl with extraordinary powers returns to human society to battle dark, mythological beings."
s4953,Movie,Main Hoon Na,Farah Khan,"Shah Rukh Khan, Sunil Shetty, Sushmita Sen, Zayed Khan, Amrita Rao, Kiron Kher, Boman Irani, Bindu, Naseeruddin Shah, Kabir Bedi",India,"April 1, 2018",2004,TV-14,171 min,"Action & Adventure, Comedies, Dramas",Major Ram Prasad Sharma yearns to see project Mission Milaap come to fruition and usher in an era of peace between two warring countries. But the evil Raghavan will do anything to stop the peace process.
s4463,Movie,The Untold Tales of Armistead Maupin,Jennifer M. Kroot,"Armistead Maupin, Neil Gaiman, Laura Linney, Ian McKellen, Amy Tan, Margaret Cho, Jonathan Groff, Amanda Palmer",United States,"November 1, 2018",2017,TV-MA,91 min,"Documentaries, LGBTQ Movies","This documentary traces the life of ""Tales of the City"" author Armistead Maupin, from his conservative roots to his rise as an LGBTQ champion."
s7532,Movie,My Babysitter's a Vampire: The Movie,Bruce McDonald,"Matthew Knight, Vanessa Morgan, Atticus Mitchell, Cameron Kennedy, Kate Todd, Joe Dinicol, Ella Jonas Farlinger, Ari Cohen, Laura de Carteret, Hrant Alianak",Canada,"October 17, 2018",2010,TV-PG,80 min,"Children & Family Movies, Comedies","When their parents head out for the evening, Ethan and his little sister get the babysitter of their nightmares: a fledgling vampire named Sarah."
s6566,Movie,Dark Crimes,Alexandros Avranas,"Jim Carrey, Marton Csokas, Charlotte Gainsbourg, Agata Kulesza, Kati Outinen, Zbigniew Zamachowski, Danuta Kowalska, Vlad Ivanov, Robert Więckiewicz, Piotr Głowacki","United Kingdom, Poland, United States","October 15, 2019",2016,R,93 min,"Dramas, Thrillers",A detective on a cold murder case discovers that a famous writer’s latest novel contains details chillingly similar to the crime he’s investigating.
s1269,TV Show,El final del paraíso,Unknown,"Carmen Villalobos, Catherine Siachoque, Fabián Ríos, Gregorio Pernía, Kimberly Reyes, Stephanía Duque, Elianis Garrido, Carolina Gaitán, Juan Pablo Urrego, Juan Pablo Gamboa","United States, Colombia","February 25, 2021",2019,TV-MA,1 Season,"Crime TV Shows, International TV Shows, Spanish-Language TV Shows","In Colombia, the DEA's new director targets a gang of dealers pushing a powerful drug while contending with an enemy who possesses a deep network."
s5415,TV Show,Little Witch Academia,Unknown,"Megumi Han, Fumiko Orikasa, Michiyo Murase, Yoko Hikasa, Arisa Shida, Rie Murakawa, Reina Ueda, Ryosuke Kanemoto, Junko Takeuchi, Noriko Hidaka",Japan,"June 30, 2017",2017,TV-Y7,2 Seasons,"Anime Series, International TV Shows","Akko enrolls at the Luna Nova Witchcraft Academy. She's not the best student, but her bright attitude is the key to her and her friends' success."
s7572,TV Show,Nature's Great Events (2009),Unknown,David Attenborough,"United States, United Kingdom","October 10, 2015",2009,TV-PG,1 Season,"British TV Shows, Docuseries, Science & Nature TV","This series looks at how seasonal changes cause shifting weather patterns and ocean currents, creating the conditions for spectacular wildlife events."
s754,TV Show,"Newly Rich, Newly Poor",Unknown,"Martín Karpan, Carolina Acevedo, Jhon Álex Toro, María Cecilia Botero, Andrés Toro, Andrea Noceti, Diana Neira, Hugo Gómez, Isabel Cristina Estrada, Mauricio Vélez",Colombia,"June 6, 2021",2007,TV-MA,1 Season,"International TV Shows, Romantic TV Shows, Spanish-Language TV Shows","After learning they were switched at birth, wealthy Andrés and working-class Brayan must adjust to the families and lifestyles they were meant to have."
s6715,TV Show,Everyday Miracles,Unknown,Mark Miodownik,United Kingdom,"August 1, 2017",2014,TV-PG,1 Season,"British TV Shows, Docuseries, International TV Shows",Materials scientist Mark Miodownik takes us into the world of everyday objects that make our lives more comfortable than those of our ancestors.
s6953,Movie,Hedgehogs,Huang Jianming,"Anthony Padilla, Ian Hecox, Jenn McAllister, Jon Heder, Chevy Chase","United States, China","April 1, 2019",2016,PG,94 min,Children & Family Movies,"When a hedgehog suffering from memory loss forgets his identity, he ends up on a big city journey with a pigeon to save his habitat from a human threat."
s4432,Movie,Dhan Dhana Dhan Goal,Vivek Agnihotri,"John Abraham, Bipasha Basu, Arshad Warsi, Shernaz Patel, Boman Irani, Dibyendu Bhattacharya, Gilbert Montoya, Dalip Tahil, Rajendranath Zutshi","United Kingdom, India","November 1, 2018",2007,TV-14,157 min,"Dramas, International Movies, Music & Musicals","In a last-ditch effort, the jaded coach of the Southall United Football Club assembles a ragtag team and helps lead the team to a comeback season."
s6205,Movie,Babam ve Oğlum,Çagan Irmak,"Çetin Tekindor, Fikret Kuşkan, Hümeyra, Ege Tanman, Şerif Sezer, Yetkin Dikinciler, Binnur Kaya, Mahmut Gökgöz, Nergis Çorakçi, Bilge Sen",Turkey,"April 30, 2018",2005,TV-14,112 min,"Dramas, International Movies","Following Turkey's bloody coup of 1980, a widowed reporter returns to his Aegean hometown, bringing his son and a last wish for his estranged father."
s3192,Movie,Dead Kids,Mikhail Red,"Khalil Ramos, Vance Larena, Kelvin Miranda, Jan Silverio, Markus Paterson, Gabby Padilla, Sue Ramirez","Philippines, United States","December 1, 2019",2019,TV-MA,94 min,"Dramas, International Movies, Thrillers",A socially awkward teen bonds with a group of misfits who plot to abduct the school's arrogant rich kid – until their kidnapping scheme turns deadly.
s8274,Movie,The Desert Bride,"Cecilia Atán, Valeria Pivato","Paulina García, Claudio Rissi","Argentina, Chile","November 8, 2018",2017,TV-14,78 min,"Dramas, International Movies","While traveling across Argentina to a new job, a longtime maid encounters a salesman who opens her eyes to life's beauty and possibilities."
s4678,TV Show,Ultimate Beastmaster México,Unknown,"Luis Ernesto Franco, Inés Sainz, Tiki Barber, Chris Distefano, Francesco Facchinetti, Bianca Balti, Vidyut Jammwal, Sarah-Jane Dias, BIn Gu, Qinyi Du, Paula Vázquez, Saúl Craviotto, Gilles Marini, Sandy Heribert, Terry Crews, Charissa Thompson, Yuji Kondo, Sayaka Akimoto, Luke Mockridge, Hans Sarpei, Kyung-seok Seo, Kyeong-rim Park, Rafinha Bastos, Anderson Silva, Sylvester Stallone",Unknown,"August 31, 2018",2018,TV-PG,3 Seasons,"Reality TV, Spanish-Language TV Shows",Competitors representing countries from around the world battle it out on a grueling obstacle course. Luis Ernesto Franco and Inés Sainz host.
s7177,TV Show,Ken Burns: The Roosevelts: An Intimate History,Ken Burns,Unknown,United States,"February 22, 2017",2014,TV-PG,1 Season,Docuseries,"Award-winning documentarian Burns profiles three members of one of America's premier political families: Theodore, Franklin and Eleanor Roosevelt."
s8459,Movie,The Place Beyond the Pines,Derek Cianfrance,"Ryan Gosling, Bradley Cooper, Eva Mendes, Ray Liotta, Ben Mendelsohn, Rose Byrne, Mahershala Ali, Bruce Greenwood, Harris Yulin, Olga Merediz",United States,"May 16, 2017",2012,R,140 min,"Dramas, Independent Movies",A violent confrontation between a motorcycle-riding bank robber and a rookie cop spirals into a tense generational feud.
s7190,Movie,Khushi,"Surya S.J., Sunil Kumar Agrawal","Fardeen Khan, Kareena Kapoor, Amrish Puri, Navin Nischol, Beena, Anup Soni, Johnny Lever, Sharat Saxena, Amitabh Bachchan, Sakshi Shivanand",India,"March 1, 2018",2003,TV-14,157 min,"Comedies, International Movies, Music & Musicals","While playing matchmaker to a pair of their friends, two young university students begin developing feelings for each other."
s3981,TV Show,Crime Diaries: The Candidate,Unknown,"Jorge A. Jiménez, Ilse Salas, Alberto Guerra, Gustavo Sánchez Parra, Jorge Antonio Guerrero, Ari Brickman, Martín Altomaro, Hernán Del Riego, Norma Angélica, Lisa Owen, Eligio Meléndez, Marco Treviño, Pedro de Tavira Egurrola, Leonardo Alonso",Mexico,"March 22, 2019",2019,TV-MA,1 Season,"Crime TV Shows, International TV Shows, Spanish-Language TV Shows","In 1994, Mexican presidential candidate Luis Donaldo Colosio's assassination sends his dying widow racing to uncover who did it. Based on true events."
s7618,Movie,NOVA: The Impossible Flight,"Noel Dockstader, Quinn Kanaly",Unknown,United States,"July 1, 2019",2018,TV-PG,113 min,Documentaries,"Two adventurous pilots attempt to fly around the world without using any fuel, relying only on the power of the sun."
s1442,Movie,Hello Brother,Sohail Khan,"Salman Khan, Arbaaz Khan, Rani Mukerji, Johny Lever, Neeraj Vora, Shakti Kapoor, Razak Khan, Sulabha Arya",India,"January 4, 2021",1999,TV-14,126 min,"Action & Adventure, Comedies, International Movies","After receiving a heart transplant from a murdered man, a cop is followed around by the victim’s ghost, who won’t rest until his death has been avenged."
s2758,Movie,Pretty Little Stalker,Sam Irvin,"Nicky Whelan, Ashley Rickards, Parker Mack, Jesse Hutch, Sierra McCormick, Heather Morris, Jason Cermak, Kourtney Hansen, Jane Harber, Cory Hart, Kim DeJesus",United States,"March 31, 2020",2018,TV-14,84 min,Thrillers,"When a self-help writer's advice goes wrong, she finds herself in the crosshairs of an obsessive young woman with a thirst for vengeance."
s5388,Movie,10 jours en or,Nicolas Brossette,"Franck Dubosc, Claude Rich, Marie Kremer, Mathis Touré, Rufus, Olivier Claverie",France,"July 1, 2017",2012,TV-14,97 min,"Comedies, Dramas, International Movies","When a carefree bachelor is unexpectedly left in charge of a young boy, the two embark on a road trip that will change both of their lives."
s1549,TV Show,The Challenge,Unknown,"Jamie Chung, Landon Lueck, Diem Brown, Mike 'The Miz' Mizanin, Darrell Taylor, Wes Bergmann, Jodi Weatherton, Brad Fiorenza, Cara Maria Sorbello, Zachary Nichols, Turabi ""Turbo"" Çamkıran, Theo Campbell",United States,"December 15, 2020",2006,TV-14,2 Seasons,Reality TV,Reality show alumni must compete in grueling physical contests and survive eliminations amid cutthroat alliances and steamy hookups to win big money.
s1085,TV Show,Heaven Official's Blessing,Unknown,"Jiang Guangtao, Ma Zhengyang, Wen Sen, Hu Liangwei, Huang Ying",China,"April 9, 2021",2020,TV-14,1 Season,"Anime Series, International TV Shows, Romantic TV Shows","Banished to the mortal realm to exorcise ghosts, a deity must reckon with a demon and soon uncovers a dark secret behind the heavenly gods."
s5091,TV Show,Episodes,Unknown,"Matt LeBlanc, Tamsin Greig, Stephen Mangan, Kathleen Rose Perkins, John Pankow, Mircea Monroe","United Kingdom, United States","January 6, 2018",2017,TV-MA,5 Seasons,"Classic & Cult TV, TV Comedies","Hoping to create an American version of their hit British sitcom, two screenwriters run into cultural obstacles, starting with the lead character."
s2963,TV Show,Miraculous: Tales of Ladybug & Cat Noir,Thomas Astruc,"Cristina Vee, Bryce Papenbrook, Keith Silverstein, Mela Lee, Max Mittelman, Carrie Keranen, Stephanie Sheh, André Gordon, Matthew Mercer, Christopher Corey Smith, Philece Sampler, Selah Victor, Marieve Herington, Ben Diskin, Kira Buckland, Erin Fitzgerald, Grant George, Ethan Murray, David Roach, Todd Haberkorn","France, South Korea, Japan, United States","February 1, 2020",2019,TV-Y7,5 Seasons,"Kids' TV, TV Action & Adventure","When Paris is in peril, Marinette becomes Ladybug. Little does she know, her school crush Adrien is actually Cat Noir, another city-saving superhero."
s2989,Movie,Menashe,"Josh Z. Weinstein, Joshua Z. Weinstein","Menashe Lustig, Ruben Niborski, Yoel Weisshaus, Meyer Schwartz, Yoel Falkowitz, Ariel Vaysman",United States,"January 25, 2020",2017,PG,82 min,"Dramas, Independent Movies","A year after his wife's death, a widower faces pressure from his Hasidic community to give up his son for adoption unless he finds a new partner."
s969,TV Show,Sexify,Unknown,"Aleksandra Skraba, Maria Sobocińska, Sandra Drzymalska, Piotr Pacek, Kamil Wodka, Jan Wieteska, Wojciech Solarz",Poland,"April 28, 2021",2021,TV-MA,1 Season,"International TV Shows, TV Comedies, TV Dramas","To build an innovative sex app and win a tech competition, a sexually inexperienced student and her friends must explore the daunting world of intimacy."
s4947,TV Show,Star Trek: The Next Generation,Unknown,"Patrick Stewart, Jonathan Frakes, LeVar Burton, Michael Dorn, Marina Sirtis, Brent Spiner, Gates McFadden, Majel Barrett, Wil Wheaton",United States,"April 2, 2018",1993,TV-PG,7 Seasons,"TV Action & Adventure, TV Sci-Fi & Fantasy","Decades after the adventures of the original Enterprise crew, Capt. Jean-Luc Picard leads a new Enterprise on missions to explore unknown worlds."
s5829,Movie,Tallulah,Sian Heder,"Ellen Page, Allison Janney, Tammy Blanchard, Evan Jonigkeit, Uzo Aduba, John Benjamin Hickey, David Zayas, Zachary Quinto, Fredric Lehne",United States,"July 29, 2016",2016,TV-MA,112 min,"Dramas, Independent Movies","While searching for her ex-boyfriend, a young drifter impulsively kidnaps a baby from a neglectful mother and pretends the child is her own."
s2505,Movie,Karkar,Ali Ragab,"Mohamed Saad, Hassan Hosny, Ragaa Al-Geddawy, Yasmin Abdulaziz, Alaa Morsy",Egypt,"May 19, 2020",2007,TV-14,107 min,"Comedies, International Movies","After electrocution leaves a wealthy man brain-damaged, his money-hungry aunt and uncle try to con him by marrying him off to a fake relative."
s5006,Movie,Adel Karam: Live from Beirut,Unknown,Adel Karam,United States,"March 1, 2018",2018,TV-MA,59 min,Stand-Up Comedy,"From Casino du Liban, Lebanese actor and comedian Adel Karam delivers earthy punchlines on kissing norms, colonoscopies and a porn star named Rocco."
s2630,Movie,Bheeshma,Venky Kudumula,"Nitin Reddy, Rashmika Mandanna, Sampath Raj, Jishu Sengupta, Anant Nag",India,"April 25, 2020",2020,TV-14,138 min,"Action & Adventure, Comedies, International Movies","Tired of being single, a smart-aleck meme creator has a chance to prove himself to the girl he loves when he is suddenly appointed CEO of her workplace."
s2235,Movie,Cold Feet,Moses Inwang,"Jim Iyke, Joselyn Dumas, Enyinna Nwigwe, Beverly Naya, Femi Adebayo, Segun Arinze, Padita Agu",Nigeria,"July 15, 2020",2019,TV-14,98 min,"Dramas, International Movies, Romantic Movies","At a resort getaway, the fate of two couples collides when a wife unexpectedly runs into an old flame as he hesitates to propose to his girlfriend."
s4725,Movie,Guzaarish,Sanjay Leela Bhansali,"Hrithik Roshan, Aishwarya Rai Bachchan, Shernaz Patel, Aditya Roy Kapoor, Nafisa Ali, Monikangana Dutta, Suhel Seth, Rajit Kapoor, Ash Chandler, Vijay Crishna",India,"August 2, 2018",2010,TV-14,121 min,"Dramas, International Movies","After an onstage disaster leaves an illusionist paralyzed, he channels his magic into a hit radio show. Years later, he fights for the right to die."
s6307,Movie,Big Kill,Scott Martin,"Christoph Sanders, Jason Patric, Clint Glenn Hummel, Lou Diamond Phillips, Danny Trejo, Scott Martin, Elizabeth McLaughlin, Stephanie Beran, K.C. Clyde, Michael Paré",United States,"June 18, 2019",2018,R,126 min,Action & Adventure,A tenderfoot and two gamblers seeking their fortunes in a boom town instead find themselves defending it from a gunslinging preacher and his gang.
s8273,Movie,The Departed,Martin Scorsese,"Leonardo DiCaprio, Matt Damon, Jack Nicholson, Mark Wahlberg, Martin Sheen, Ray Winstone, Vera Farmiga, Anthony Anderson, Alec Baldwin, Kevin Corrigan","United States, Hong Kong","January 1, 2021",2006,R,151 min,"Dramas, Thrillers",Two rookie Boston cops are sent deep undercover – one inside the gang of a charismatic Irish mob boss and the other double-crossing his own department.
s7460,TV Show,Minute to Win It,Unknown,Apolo Anton Ohno,United States,"December 15, 2018",2013,TV-PG,1 Season,Reality TV,"In this game show hosted by Olympian Apolo Anton Ohno, contestants compete by completing 60-second challenges using common household items."
s116,Movie,Bright Star,Jane Campion,"Abbie Cornish, Ben Whishaw, Paul Schneider, Kerry Fox, Edie Martin, Thomas Brodie-Sangster, Claudie Blakley, Gerard Monaco, Antonia Campbell-Hughes, Samuel Roukin","United Kingdom, Australia, France","September 2, 2021",2009,PG,119 min,"Dramas, Romantic Movies",This drama details the passionate three-year romance between Romantic poet John Keats – who died tragically at age 25 – and his great love and muse.
s6804,TV Show,Friday Night Tykes,Unknown,Unknown,United States," January 17, 2018",2017,TV-PG,4 Seasons,"Docuseries, Reality TV","This docuseries dives into the cutthroat world of Texas youth football, where kids face grueling demands and pressure from coaches and parents to win."
s4013,TV Show,My Pride,Unknown,"Khaled Amin, Elham Al Fadalah, Fatima Al Safi, Fahad Basim, Farah ElSaraf, Hala",Unknown,"March 15, 2019",2018,TV-14,1 Season,"International TV Shows, TV Dramas","After their mother's death, Amal and her brothers struggle to live with their authoritarian father, whose cruelty and neglect break the family apart."
s3674,TV Show,One Spring Night,Unknown,"Han Ji-min, Jung Hae-in, Kim Jun-han, Yim Sung-eon, Song Seung-hwan, Kil Hae-yeon, Lee Moo-saeng, Kim Chang-wan",South Korea,"July 12, 2019",2019,TV-14,1 Season,"International TV Shows, Korean TV Shows, Romantic TV Shows","When Lee Jeong-in and Yu Ji-ho meet, something unexpected happens. Or it just may be that spring is in the air – and anything is possible."
s4147,Movie,Velvet Buzzsaw,Dan Gilroy,"Jake Gyllenhaal, Rene Russo, Zawe Ashton, Toni Collette, John Malkovich, Natalia Dyer, Daveed Diggs, Tom Sturridge",United States,"February 1, 2019",2019,R,113 min,"Dramas, Thrillers","A feared critic, an icy gallery owner and an ambitious assistant snap up a recently deceased artist's stash of paintings – with dire consequences."
s2337,Movie,Thackeray (Hindi),Abhijit Panse,"Nawazuddin Siddiqui, Amrita Rao, Rajeev Panday, Sanjay Narvekar, Rajesh Khera, Prakash Belawadi, Avantika Akerkar",India,"June 26, 2020",2019,TV-14,135 min,"Dramas, International Movies","From controversial cartoonist to powerful Mumbai politician, this biopic maps the meteoric rise of far-right Shiv Sena party founder, Bal Thackeray."
s3726,TV Show,Shooter,Unknown,"Ryan Phillippe, Omar Epps, David Marciano, Cynthia Addai-Robinson, Shantel VanSanten, Tom Sizemore",United States,"June 21, 2019",2018,TV-14,3 Seasons,"Crime TV Shows, TV Action & Adventure, TV Dramas","A highly decorated ex-Marine sniper returns to action to foil an assassination plot targeting the president, but soon finds himself framed for murder."
s1860,Movie,Octonauts & the Great Barrier Reef,Blair Simmons,"Simon Greenall, Rob Rackstraw, Jo Wyatt, Paul Buckley, Simon Foster, Teresa Gallagher, Richard Grieve, Michael Murphy, Paul Panting, Keith Wickham",United Kingdom,"October 13, 2020",2020,TV-Y,47 min,Children & Family Movies,"In this musical special, the Octonauts must find a way to hold back hungry swarms of coral-eating starfish to save a new friend’s fragile reef home."
s7050,Movie,I'm in Love with a Church Girl,Steve Race,"Ja Rule, Adrienne Bailon, Stephen Baldwin, Vincent Pastore, Michael Madsen, T-Bone, Martin Kove, Toby Mac",United States,"October 1, 2017",2013,PG,119 min,"Dramas, Faith & Spirituality, Romantic Movies","When a tough-minded ex-drug dealer falls for a beautiful but highly devout woman, their mutual attraction takes them both down a twisty path."
s178,Movie,The Guns of Navarone,J. Lee Thompson,"Gregory Peck, David Niven, Anthony Quinn, Stanley Baker, Anthony Quayle, James Darren, Irene Papas, Gia Scala, James Robertson Justice, Richard Harris","United Kingdom, United States","September 1, 2021",1961,TV-14,156 min,"Action & Adventure, Classic Movies","During World War II, British forces launch an attack designed to take out the massive Nazi cannons that guard a critical sea channel."
s7700,Movie,Palio,Cosima Spender,Unknown,United Kingdom,"June 30, 2016",2015,TV-14,91 min,"Documentaries, International Movies, Sports Movies","In this documentary, a centuries-old horse race in the city of Siena, Italy, is the forum for a showdown between a young jockey and his former mentor."
s91,Movie,Paradise Hills,Alice Waddington,"Emma Roberts, Danielle Macdonald, Awkwafina, Eiza González, Milla Jovovich, Jeremy Irvine, Arnaud Valois, Daniel Horvath","Spain, United States","September 9, 2021",2019,TV-MA,95 min,"Sci-Fi & Fantasy, Thrillers","Uma wakes up in a lush tropical facility designed to turn willful girls into perfect ladies. That’s bad enough, but its real purpose is even worse."
s1903,Movie,All Because of You,Adrian Teh,"Hairul Azreen, Janna Nick, Amerul Affendi, Henley Hii, Nam Ron, Theebaan Govindasamy, Taufiq Hanafi, Hafizul Kamal, Josiah Hogan, Sophia Albarakbah, Sugeeta Chandran, Anna Jobling",Malaysia,"October 1, 2020",2020,TV-PG,102 min,"Action & Adventure, Comedies, International Movies","After falling for a guest, an unsuspecting hotel staff becomes embroiled in a hostage scheme and discovers true love in an unlikely place."
s5835,TV Show,Kuromukuro,Tensai Okamura,"Yohei Azakami, M・A・O, Reina Ueda, Asami Seto, Kaito Ishikawa, Yusuke Kobayashi, Shunsuke Takeuchi, Manami Sugihira, Momo Asakura, Kanako Tojo, Ryohei Kimura, Hikaru Ueda, Taiten Kusunoki",Japan,"July 4, 2016",2016,TV-14,2 Seasons,"Anime Series, International TV Shows","When mecha attack a research center, its students, pilots, and researchers must fight back with the help of mysterious artifacts and a young samurai."
s2836,Movie,Miles Davis: Birth of the Cool,Stanley Nelson,"Miles Davis, Carl Lumbly",United States,"March 6, 2020",2019,TV-MA,115 min,"Documentaries, Music & Musicals",Unpack the mythology of Miles Davis and learn the true story of a jazz legend with never-before-seen footage and celebrity interviews.
s1236,TV Show,Pokémon Journeys: The Series,Unknown,"Ikue Otani, Sarah Natochenny, Zeno Robinson, James Carter Cathcart, Michele Knotz, Cherami Leigh, Rodger Parsons, Ray Chase, Casey Mongillo",Unknown,"March 5, 2021",2021,TV-Y7,4 Seasons,"Anime Series, Kids' TV, TV Action & Adventure","Young trainer Ash and his new friend Goh become research fellows at Professor Cerise's laboratory, traveling all over the world to learn about Pokémon."
s703,Movie,Silver Linings Playbook,David O. Russell,"Bradley Cooper, Jennifer Lawrence, Robert De Niro, Jacki Weaver, Chris Tucker, Anupam Kher, John Ortiz, Shea Whigham, Julia Stiles, Paul Herman",United States,"June 17, 2021",2012,R,122 min,"Comedies, Dramas, Independent Movies","A man with bipolar disorder moves home with his parents and makes a connection with a spirited widow, which helps both of them heal in unique ways."
s6160,Movie,Anarkali of Aarah,Avinash Das,"Swara Bhaskar, Sanjay Mishra, Vijay Kumar, Pankaj Tripathi, Mayur More, Ishtiyak Khan",India,"August 1, 2017",2017,TV-MA,111 min,"Dramas, Independent Movies, International Movies","After being sexually harassed by a drunken politician while performing at a public event, a village dancer plots revenge to clear her name."
s2596,Movie,Thomas & Friends: Thomas and the Royal Engine,Joey So,"Rosamund Pike, Joseph May, Keith Wickham, Sharon Miller, Jules De Jongh, Rachael Louise Miller, Rob Rackstraw",Unknown,"May 1, 2020",2020,TV-Y,23 min,Children & Family Movies,An invitation from the Queen sends Thomas and the crew to London as they weave through delays and debacles while racing to a royal celebration.
s2193,TV Show,Transformers: War For Cybertron Trilogy,Unknown,"Jake Foushee, Jason Marnocha, Linsay Rousseau, Joe Zieja, Frank Todaro, Bill Rogers, Keith Silverstein, Edward Bosco",United States,"July 30, 2020",2020,TV-Y7,1 Season,Anime Series,"As the Autobots and Decepticons ravage their planet in a brutal civil war, two iconic leaders emerge in the Transformers universe's origin story."
s1240,Movie,Parker,Taylor Hackford,"Jason Statham, Jennifer Lopez, Michael Chiklis, Wendell Pierce, Clifton Collins Jr., Bobby Cannavale, Patti LuPone, Carlos Carrasco, Micah Hauptman, Emma Booth, Nick Nolte",United States,"March 4, 2021",2013,R,119 min,Action & Adventure,"Parker is a thief – but he has scruples. So when his crew double-crosses him, Parker teams up with an unlikely partner to even the score."
s3450,TV Show,Creeped Out,Unknown,"Victoria Diamond, William Romain, Sydney Wade, Jennifer James, Daniel Ryan, Robert Styles, Rhys Gannon, Maeve Larkin, Margaret Jackman, Katie Proctor, Jonathan Blake, Maximus Evans, Anya Lawrence, Tiffany Elefano, Diya Kittur, Berkley Silverman, Malen Clarkson, Jason Done, Rosina Carbone, Boris Burnell Anderson, Macey Howarth, Rebecca Hanssen, William Haresceugh, Chris Jack, Zita Sattar, Acushla-Tara Kupe, Tillie Amartey, Isabella Pinto, Bella Band, Lola Ogunyemi, Elizabeth Bower, Gianluca Gallucci, Jacob Henshaw, Amelia Curtis, Romy Weltman, Justin Paul Kelly, Jordan Poole, Thamela Mpumlwana, Jake Sim, Leah Choudhry, Daniel Ogbeide-John, Emma Gregory, Rachel Leskovac, Andonis Anthony, Kyle Breitkopf, Julian Richings, Kathryn Emily Douglas","United Kingdom, Canada","October 4, 2019",2019,TV-PG,2 Seasons,"British TV Shows, Kids' TV, TV Thrillers","A masked figure known as ""The Curious"" collects tales of dark magic, otherworldly encounters and twisted technology in this kids anthology series."
s1983,Movie,Anaamika,Sekhar Kammula,"Nayantara, Vaibhav Reddy, Pasupathy, Harshvardhan Rane, Thagubothu Ramesh, Vinay Varma, Dheer Charan Srivastav, D. Narsingh Rao",India,"September 17, 2020",2014,TV-14,130 min,"International Movies, Thrillers","As a woman scours Hyderabad for her missing husband, she becomes entangled in a conspiracy that suggests there’s more to the mystery than meets the eye."
s5351,TV Show,Fartsa,Unknown,"Alexander Petrov, Fillip Gorenshtein, Maksim Emelyanov, Aleksey Vesyolkin, Zoya Berber, Ieva Andrejevaite",Russia,"August 1, 2017",2015,TV-14,1 Season,"Crime TV Shows, International TV Shows, TV Dramas","As four Russian friends grow up in the early '60s, life, love and the curse of success threaten to derail their dreams."
s3428,Movie,Bygones Be Bygones,Hakan Algül,"Ata Demirer, Tuvana Türkay, Ülkü Duru, Salih Kalyon, Renan Bilek, Seda Güven, Toprak Sergen, Ali Yoğurtçuoğlu, Bedir Bedir, Gümeç Alpay Aslan",Turkey,"October 11, 2019",2017,TV-MA,104 min,"Comedies, International Movies, Romantic Movies",A mother's plan to find her bachelor son a match derails when a new prospect turns up and sinister schemes unfold.
s1050,TV Show,Ricky Zoom,Unknown,"Max Fincham, Twinkle Jaiswal, Bradley Bissett, Dylan Naden, Adam Longworth, Ashton Frank, Edward Moloney, Esther Coles, Jess Robinson, Miranda Pointer, Osian Thompson, Simon Lipkin, Richard David-Caine","China, United Kingdom","April 15, 2021",2019,TV-Y,1 Season,"British TV Shows, Kids' TV",Race along with Ricky Zoom and his loyal Bike Buddies as they zip around their two-wheeled town of Wheelford on rescue missions and learn speedy stunts!
s3025,TV Show,Killer Inside: The Mind of Aaron Hernandez,Unknown,Aaron Hernandez,United States,"January 15, 2020",2020,TV-MA,1 Season,"Crime TV Shows, Docuseries","Via interviews with friends, players and insiders, this docuseries examines how Aaron Hernandez went from an NFL star to a convicted killer."
s2728,TV Show,How to Fix a Drug Scandal,Unknown,Unknown,United States,"April 1, 2020",2020,TV-MA,1 Season,"Crime TV Shows, Docuseries","Two drug lab chemists' shocking crimes cripple a state's judicial system and blur the lines of justice for lawyers, officials and thousands of inmates."
s1303,TV Show,MeatEater,Unknown,Steven Rinella,United States,"February 17, 2021",2021,TV-14,4 Seasons,"Docuseries, Reality TV, Science & Nature TV",Steven Rinella scrounges in some of America's wildest terrains in this unscripted series showing him on the hunt for wild animals from ducks to deer.
s3160,Movie,Good and Prosperous,Sameh Abdulaziz,"Ali Rabee, Mohamed Abdel-Rahman, Bayoumi Fouad, Karim Afifi, Dalal Abdel Aziz, Mai Selim, Tara Emad, Mohammed Tharwat, Haifa Wehbe, Ahmed Adel",Egypt,"December 10, 2019",2017,TV-14,101 min,"Comedies, International Movies","As two jobless brothers search aimlessly for careers worthy of their hard-to-please mother’s praise, they cluelessly tackle countless gigs."
s8210,TV Show,The Big Catch,Unknown,Ben Fogle,United Kingdom,"February 1, 2019",2015,TV-PG,1 Season,"British TV Shows, Reality TV","In a global competition, eight fishing enthusiasts battle extreme conditions and dangerous waters to be crowned the ultimate angler."
s7206,Movie,Kills on Wheels,Attila Till,"Szabolcs Thuróczy, Zoltán Fenyvesi, Adám Fekete, Dusan Vitanovic, Mónika Balsai, Lidia Danis, Zoltán Mucsi",Hungary,"March 15, 2018",2016,TV-MA,103 min,"Action & Adventure, Dramas, International Movies","Two young men with disabilities befriend a hitman in a wheelchair and become his helpers, only to wind up in the crosshairs of a Serbian mobster."
s5262,Movie,Def Comedy Jam 25,Louis J. Horvitz,"Dave Chappelle, Steve Harvey, Cedric the Entertainer, Martin Lawrence, Tiffany Haddish, Katt Williams, Craig Robinson, D.L. Hughley, Eddie Griffin, J.B. Smoove, Joe Torry, Kid Capri, Mike Epps, Sheryl Underwood, Tracy Morgan, Deon Cole",United States,"September 26, 2017",2017,TV-MA,82 min,Stand-Up Comedy,"In this special live event, giants of stand-up come together to commemorate the 25th anniversary of Russell Simmons's groundbreaking ""Def Comedy Jam."""
s4549,Movie,Monty Python: The Meaning of Live,"Roger Graef, James Rogan","John Cleese, Terry Gilliam, Eric Idle, Terry Jones, Michael Palin, Mike Myers, Graham Chapman, Stephen Hawking",United Kingdom,"October 2, 2018",2014,TV-MA,94 min,Documentaries,"From heyday to curtain call, this documentary offers a rare glimpse of the legendary Monty Python troupe as it stages live shows after a long hiatus."
s2611,Movie,R.K.Nagar,Saravana Rajan,"Vaibhav Reddy, Sana Althaf, Sampath Raj, Inigo Prabhakaran, Anjana Keerthi, Subbu Panchu",India,"April 29, 2020",2019,TV-14,132 min,"Action & Adventure, Comedies, Dramas",Things look up for a Chennai man struggling to make ends meet when he falls for a politician’s daughter – until he gets entangled in a murder case.
s3181,Movie,A Christmas Prince: The Royal Baby,John Schultz,"Rose McIver, Ben Lamb, Alice Krige, Honor Kneafsey, Sarah Douglas, Andy Lucas, Raj Bajaj, Richard Ashton, Tahirah Sharif, Joel McVeagh, Theo Devaney, Kevin Shen, Momo Yeung, Crystal Yu, Billy Angel",United States,"December 5, 2019",2019,TV-PG,85 min,"Children & Family Movies, Dramas, Romantic Movies","Christmas brings the ultimate gift to Aldovia: a royal baby. But first, Queen Amber must save her family and kingdom by unwrapping a monarchy mystery."
s8676,Movie,Victor,Brandon Dickerson,"Patrick Davis, Lisa Vidal, Josh Pence, José Zúñiga, Haley Ramm, Matt Angel, J. Michael Trautmann, Lobo Sebastian",United States,"July 24, 2017",2015,PG-13,110 min,Dramas,"In 1962 Brooklyn, a Puerto Rican teen who joins a gang is seduced by violence and heroin. But can his mother's love and faith in God save him?"
s7300,Movie,Life in the Doghouse,Ron Davis,Unknown,United States,"June 1, 2019",2018,TV-PG,83 min,"Documentaries, LGBTQ Movies","A couple operates a bustling dog rescue out of their own home, vowing to give a safe space to the neediest pups on the planet – 10,000 and counting."
s1733,Movie,Alone/Together,Antoinette Jadaone,"Liza Soberano, Enrique Gil, Adrian Alandy, Jasmine Curtis-Smith, Sylvia Sanchez, Nonie Buencamino, Xia Vigor, Richard Manabat",Philippines,"November 5, 2020",2019,TV-14,103 min,"Dramas, International Movies, Romantic Movies","Eight years after their breakup, college sweethearts Christine and Raf reconnect at different points in their lives as feelings from the past resurface."
s6776,Movie,Footprints: The Path of Your Life,Juan Manuel Cotelo,Unknown,Spain,"June 30, 2017",2015,PG,90 min,"Documentaries, Faith & Spirituality, International Movies","This documentary follows 10 men who agree to walk the Camino de Santiago, a 500-mile, 40-day trek that will challenge their strength and faith."
s3801,Movie,The Perfection,Richard Shepard,"Allison Williams, Logan Browning, Steven Weber, Alaina Huffman, Mark Kandborg, Graeme Duffy",United States,"May 24, 2019",2019,TV-MA,91 min,"Horror Movies, LGBTQ Movies, Music & Musicals","In this twisty horror-thriller, a once-promising music prodigy reconnects with her former mentors, only to find them taken with a talented new pupil."
s8535,Movie,The Tribes of Palos Verdes,"Brendan Malloy, Emmett Malloy","Jennifer Garner, Maika Monroe, Cody Fern, Justin Kirk, Noah Silver, Elisabeth Röhm, Goran Visnjic, Joely Fisher, Milo Gibson, Alex Neustaedter, Stevie Lynn Jones, Thomas Cocquerel, Alicia Silverstone",United States,"December 1, 2019",2017,R,104 min,"Dramas, Independent Movies, Sports Movies","When a move to an exclusive seaside community sends her mother and twin brother into a downward spiral, teenager Medina finds solace in surfing."
s1318,TV Show,Nadiya Bakes,Unknown,Nadiya Hussain,United Kingdom,"February 12, 2021",2021,TV-G,1 Season,"British TV Shows, International TV Shows, Reality TV","Delightful cakes and heavenly breads pop from the oven as Nadiya Hussain returns to baking, her happy place, and spotlights creative kindred spirits."
s7900,Movie,Rumble,R. Ellis Frazier,"Gary Daniels, Luis Gatica, Sissi Fleitas, Eddie J. Fernandez, Fabián López, Justin Nesbitt, Pedro Rodman Rodriguez",Mexico,"September 15, 2017",2016,TV-MA,92 min,"Action & Adventure, Independent Movies","An ex-MMA champion reduced to fixing fights in Mexico must win one last match to save his girlfriend, who's been kidnapped by the mob."
s1917,Movie,Rize,David LaChapelle,"Tommy the Clown, Tight Eyez","United States, United Kingdom","October 1, 2020",2005,PG-13,87 min,"Documentaries, Music & Musicals","This documentary explores ""krumping,"" a fast-paced urban dance, and follows the man that originated the phenomenon in South Central Los Angeles."
s4605,TV Show,Strong,Unknown,Gabrielle Reece,United States,"October 1, 2018",2016,TV-14,1 Season,Reality TV,Gabrielle Reece hosts a transformative competition of tough fitness challenges as 10 women partner with 10 elite personal trainers.
s8785,Movie,Yoko and His Friends,Unknown,"Eileen Stevens, Alyson Leigh Rosenfeld, Sarah Natochenny, H.D. Quinn","Russia, Spain","June 23, 2018",2015,TV-Y,78 min,Children & Family Movies,"Vik meets new friends in a new city, where they go on exciting adventures together with a magical being. But soon, his family must move again."
s4879,Movie,Forgive Us Our Debts,Antonio Morabito,"Marco Giallini, Claudio Santamaria, Jerzy Stuhr, Flonja Kodheli","Italy, Switzerland, Albania, Poland","May 4, 2018",2018,TV-MA,105 min,"Dramas, International Movies","Threatened by creditors, a newly unemployed man agrees to work for a debt collector, but soon discovers his deal with the devil has unexpected costs."
s8387,Movie,The Last Hangover,Rodrigo Van Der Put,"Fábio Porchat, Gregório Duvivier, Antonio Tabet, Pedro Benevides, Paulo Vieira, Rafael Portugal, Fábio de Luca, Karina Ramil, Evelyn Castro, Pedro Monteiro, Camilo Borges, Gabriel Totoro, Victor Leal, Rafael Logan",Brazil,"December 21, 2018",2018,TV-MA,44 min,"Comedies, International Movies","In this biblical ""Hangover"" spoof, the apostles awaken to find Jesus is missing and must piece together events of the previous night's wild Last Supper."
s6349,Movie,Bob's Broken Sleigh,Jay Surridge,"Cole Howard, Bruce Greenwood, Victor Garber, Michael Adamthwaite, Raini Rodriguez, Colin Murdock, Maryke Hendrikse, Sam Vincent, Gabe Khouth",Canada,"December 17, 2015",2015,TV-G,47 min,Children & Family Movies,"An overly eager elf improves Santa's sleigh, but when he crash lands far from home, three odd critters pitch in to send him back to the North Pole."
s7104,Movie,It Takes Two,Andy Tennant,"Kirstie Alley, Steve Guttenberg, Mary-Kate Olsen, Ashley Olsen, Philip Bosco, Jane Sibbett",United States,"November 20, 2019",1995,PG,101 min,"Children & Family Movies, Comedies","The Olsen twins put a cute new spin on Mark Twain's classic tale ""The Prince and the Pauper,"" playing identical 9-year-olds from very different backgrounds: orphaned Amanda and wealthy Alyssa."
s3693,TV Show,Hatchimals | Adventures in Hatchtopia,Unknown,"Sam Vincent, Kira Tozer, Andrea Libman",United States,"July 1, 2019",2018,TV-Y,2 Seasons,Kids' TV,"These fun-loving creatures hatch from their shells and spread friendship, laughter and life lessons in the land of Hatchtopia."
s5619,Movie,Haraamkhor,Shlok Sharma,"Nawazuddin Siddiqui, Shweta Tripathi, Harish Khanna, Irfan Khan, Trimala Adhikari, Mohd Samad",India,"February 1, 2017",2015,TV-14,93 min,"Dramas, Independent Movies, International Movies","A selfish, manipulative schoolteacher takes advantage of a schoolgirl's vulnerability to gratify his dark, narcissistic desires."
s1426,Movie,Creating The Queen's Gambit,Unknown,Unknown,United States,"January 8, 2021",2021,TV-14,14 min,Documentaries,"A fascinating character. Exquisite sets. A wig for every era. The stars, creators and crew reveal how the hit series about a chess prodigy came to life."
s2605,Movie,A Secret Love,Chris Bolan,Unknown,United States,"April 29, 2020",2020,TV-14,83 min,"Documentaries, LGBTQ Movies","Amid shifting times, two women kept their decades-long love a secret. But coming out later in life comes with its own set of challenges."
s6770,Movie,Flock of Four,Gregory Caruso,"Braeden Lemasters, Isaac Jay, Uriah Shelton, Dylan Riley Snyder, Coco Jones, Shane Harper, Nadji Jeter, Connor Paolo, Gatlin Green, Reg E. Cathey",United States,"August 1, 2018",2018,TV-MA,83 min,"Dramas, Independent Movies, Music & Musicals","One night in 1959, four young musicians venture from Pasadena to South-Central Los Angeles in the hopes of hearing a living jazz legend play."
s7475,Movie,Mississippi Grind,"Anna Boden, Ryan Fleck","Ryan Reynolds, Ben Mendelsohn, Sienna Miller, Analeigh Tipton, Alfre Woodard, James Toback, Robin Weigert",United States,"July 26, 2018",2015,R,109 min,"Dramas, Independent Movies",A gambler mired in debt thinks another cardsharp may just be his good luck charm as the two head for New Orleans to buy into a high-stakes poker game.
s549,TV Show,Grey's Anatomy,Unknown,"Ellen Pompeo, Sandra Oh, Katherine Heigl, Justin Chambers, Patrick Dempsey, Chandra Wilson, T.R. Knight, James Pickens Jr., Isaiah Washington, Sara Ramirez, Eric Dane, Chyler Leigh, Kate Walsh, Kevin McKidd, Jessica Capshaw",United States,"July 3, 2021",2020,TV-14,17 Seasons,"Romantic TV Shows, TV Dramas",Intern (and eventual resident) Meredith Grey finds herself caught up in personal and professional passions with fellow doctors at a Seattle hospital.
s8477,TV Show,The Real Football Factories,Unknown,Danny Dyer,United Kingdom,"December 29, 2017",2006,TV-MA,1 Season,"British TV Shows, Docuseries, International TV Shows",Examine the troubling history of football hooliganism and hear from real hooligans about their bitter rivalries and rowdiest brawls.
s1388,Movie,The Next Three Days,Paul Haggis,"Russell Crowe, Elizabeth Banks, Brian Dennehy, Lennie James, Olivia Wilde, Ty Simpkins, Helen Carey, Liam Neeson, Daniel Stern, Kevin Corrigan","United States, France","January 22, 2021",2010,PG-13,133 min,"Dramas, Thrillers","When his wife becomes a murder suspect and is sent to prison, a professor plots a meticulous plan to take back her freedom and reunite his family."
s5152,Movie,Poster Boys,Shreyas Talpade,"Sunny Deol, Bobby Deol, Shreyas Talpade, Sonali Kulkarni, Tripti Dimri, Samiksha Bhatnagar, Lovely Singh, Purnima Varma",India,"November 27, 2017",2017,PG-13,128 min,"Comedies, International Movies","Three men are stunned to find their faces on a poster promoting vasectomies, and must prove to their upset loved ones that they're innocent victims."
s6342,TV Show,Blue Planet II,Unknown,David Attenborough,United Kingdom,"December 3, 2018",2017,TV-G,1 Season,"British TV Shows, Docuseries, Science & Nature TV","This sequel to the award-winning nature series ""Blue Planet"" dives beneath Earth's oceans to reveal the dazzling vistas and amazing creatures there."
s2403,Movie,From A to B,Ali F. Mostafa,"Fahad Albutairi, Shadi Alfons, Fadi Rifaai, Samer al Masri, Wonho Chung, Leem Lubany, Maha Abou Ouf, Ahd, Yousra El Lozy, Ali Suliman, Khaled Abol Naga, Madeline Zima","United Arab Emirates, Jordan, Lebanon, Saudi Arabia","June 11, 2020",2014,TV-MA,104 min,"Comedies, Dramas, International Movies","To celebrate the memory of their pal who passed away, three estranged friends attempt to reconnect on an eventful road trip from Abu Dhabi to Beirut."
s219,TV Show,Titletown High,Unknown,Unknown,Unknown,"August 27, 2021",2021,TV-14,1 Season,"Reality TV, Teen TV Shows","In a Georgia town where football rules and winning is paramount, a high school team tackles romance, rivalries and real life while vying for a title."
s3874,Movie,Munafik 2,Syamsul Yusof,"Syamsul Yusof, Maya Karin, Nasir Bilal Khan, Rahim Razali, Fizz Fairuz, Fauzi Nawawi, Mawi, Ku Faridah",Malaysia,"May 1, 2019",2018,TV-MA,104 min,"Horror Movies, International Movies","Haunted by terrifying visions, a Muslim healer finds his faith tested when he helps a woman locked in battle, body and soul, with a diabolical leader."
s4768,TV Show,Camarón Revolution,Unknown,"Camarón de la Isla, Juan Diego",Unknown,"July 18, 2018",2018,TV-14,1 Season,"Docuseries, International TV Shows, Spanish-Language TV Shows",The extraordinary life and career of flamenco legend Camarón de la Isla is covered in this sweeping biography series.
s5404,TV Show,The Oath,Unknown,"Christopher Lee, Jesseca Liu, Ann Kok, Kate Pang, Zhang Zhenhuan, Richard Low",Singapore,"July 1, 2017",2011,TV-14,1 Season,"International TV Shows, Romantic TV Shows, TV Dramas","Two doctors with opposite approaches to treating patients clash on the job and must learn to trust each other's expertise, allowing love to bloom."
s896,Movie,Oxygen,Alexandre Aja,"Mélanie Laurent, Mathieu Amalric, Malik Zidi","France, United States","May 12, 2021",2021,TV-14,102 min,"Dramas, International Movies, Thrillers","After waking up in a cryogenic unit, Liz fights to survive and remember who she is before her oxygen runs out."
s4039,Movie,Sisterakas,Wenn V. Deramas,"Ai-Ai de las Alas, Vice Ganda, Kris Aquino, Xyriel Manabat, Daniel Padilla, Kathryn Bernardo, Tirso Cruz III, Deejay Durano, Gloria Diaz, Jeffrey Quizon",Philippines,"March 7, 2019",2012,TV-14,105 min,"Comedies, International Movies","Two half siblings separated by family conflict cross paths as adults at a fashion agency – but one of them has a vendetta, unbeknownst to the other."
s3297,Movie,Let It Snow,Luke Snellin,"Isabela Moner, Shameik Moore, Kiernan Shipka, Odeya Rush, Liv Hewson, Mitchell Hope, Jacob Batalon, Joan Cusack, Matthew Noszka, Anna Akana, Miles Robbins, D'Arcy Carden, Mason Gooding, Andrea De Oliveira, Victor Rivers",United States,"November 8, 2019",2019,PG-13,93 min,"Comedies, Dramas, LGBTQ Movies","A snowstorm hits a small town on a cold Christmas Eve, affecting the friendships, love lives and futures of several high school seniors."
s5339,Movie,Baahubali: The Beginning (Malayalam Version),S.S. Rajamouli,"Prabhas, Rana Daggubati, Anushka Shetty, Tamannaah Bhatia, Sathyaraj, Nassar, Ramya Krishnan, Sudeep",Unknown,"August 7, 2017",2015,TV-14,160 min,"Action & Adventure, Dramas, International Movies",Villagers in the kingdom of Mahismati rescue a baby who is destined to embark on a heroic quest in this Malayalam version of S.S. Rajamouli's epic.
s3116,Movie,The First Lady,Omoni Oboli,"Omoni Oboli, Alexx Ekubo, Chinedu Ikedieze, Joseph Benjamin, Yvonne Jegede, Anthony Monjaro, Taiwo Familoni, Jude Chukwuka, Emilyn Johnson-Ekpo, Udoka Oyeka",Unknown,"December 20, 2019",2015,TV-MA,107 min,"Dramas, International Movies","Dreaming of a better life, an imperiled prostitute crosses paths with a wealthy company heir who’s been transformed into a child by his evil uncle."
s1909,TV Show,Food Wars!: Shokugeki no Soma,Unknown,"Yoshitsugu Matsuoka, Risa Taneda, Minami Takahashi, Shizuka Ishigami, Natsuki Hanae, Yuki Ono, Takahiro Sakurai, Ai Kayano, Maaya Uchida, Taishi Murata, Yusuke Kobayashi, Saori Onishi, Hisako Kanemoto, Chinatsu Akasaki, Nobuhiko Okamoto, Junichi Suwabe, Yuichi Nakamura, Jun Fukuyama",Japan,"October 1, 2020",2016,TV-MA,2 Seasons,"Anime Series, International TV Shows, Teen TV Shows","Young chef Soma enters the prestigious Totsuki Culinary Academy, where he must emerge victorious in over-the-top cooking battles or face expulsion."
s5020,Movie,Trailer Park Boys: Xmas Special,Mike Clattenburg,"John Paul Tremblay, Robb Wells, John Dunsworth, Patrick Roach, Lucy Decoutere, Sarah Dunsworth, Cory Bowles, Barrie Dunn, Michael Jackson, Shelley Thompson",Canada,"March 1, 2018",2004,TV-MA,46 min,Movies,"See what Sunnyvale Trailer Park was like back in the day, featuring Randy as a prostitute, J-Roc before he rapped and Barb and Lahey still together."
s993,Movie,Perfume Imaginary Museum “Time Warp”,"MIKIKO, Daito Manabe",Perfume,Unknown,"April 23, 2021",2020,TV-G,54 min,"International Movies, Music & Musicals","This visually stunning special performance was the highlight of Perfume’s ""P.O.P"" Festival — the J-pop trio’s 20th anniversary online celebration."
s1927,Movie,American Murder: The Family Next Door,Jenny Popplewell,Unknown,United States,"September 30, 2020",2020,TV-MA,84 min,Documentaries,"Using raw, firsthand footage, this documentary examines the disappearance of Shanann Watts and her children, and the terrible events that followed."
s2675,Movie,Alelí,Leticia Jorge Romero,"Néstor Guzzini, Mirella Pascual, Cristina Morán, Romina Peluffo, Laila Reyes Silberberg, Pablo Tate, Gerónimo Pizzanelli, Georgina Yankelevich, Julio Icasuriaga, Carla Moscatelli","Uruguay, Argentina","April 16, 2020",2019,TV-MA,88 min,"Comedies, Dramas, International Movies","Mourning their father's death, a dysfunctional trio of siblings must face selling their beloved childhood beach house — and dealing with each other."
s2439,Movie,Sorry To Disturb,Khaled Marei,"Ahmed Helmy, Mahmoud Hemeida, Menna Shalaby, Dalal Abdelaziz, Mohamed Sharaf, Tarek El Tilmisany, Mohammed El Sadaany, Samy Maghawry, Ahmed Fouad Selim, Ahmed Ramah",Egypt,"June 2, 2020",2008,TV-14,116 min,"Dramas, International Movies","After losing his father, a genius yet troubled aviation engineer suffering from loneliness tackles a complex project: love."
s3324,Movie,The Boy Who Cried Werewolf,Eric Bross,"Victoria Justice, Chase Ellison, Anna Galvin, Matt Winston, Jillian Marie, Valerie Tian, Kerry James, Andrea Brooks, Christie Laing, Cainan Wiebe, Brooke Shields, Brooke D'Orsay, Steven Grayhm","United States, Canada","November 2, 2019",2010,TV-Y,86 min,"Children & Family Movies, Comedies","When high school girl-geek Jordan becomes a werewolf after moving to Romania, she must elude her own brother, who sets out to slay her."
s5008,Movie,Dil Se,Mani Ratnam,"Shah Rukh Khan, Manisha Koirala, Preity Zinta, Raghuvir Yadav, Zohra Sehgal, Sabyasachi Chakraborty, Piyush Mishra, Krishnakant, Aditya Srivastava",India,"March 1, 2018",1998,TV-14,166 min,"Dramas, International Movies, Romantic Movies",A radio broadcaster's intense attraction to a mysterious woman opens the door to a tidal wave of powerful emotions and desires.
s6470,TV Show,Chill with Bob Ross,Unknown,Bob Ross,Unknown,"December 1, 2016",1994,TV-G,1 Season,TV Shows,Iconic artist and master of relaxation Bob Ross demonstrates the process of creating wintry scenes in these episodes dedicated to the season.
s8233,Movie,The Bye Bye Man,Stacy Title,"Douglas Smith, Lucien Laviscount, Cressida Bonas, Michael Trucco, Doug Jones, Carrie-Anne Moss, Faye Dunaway, Jenna Kanell, Erica Tremblay, Cleo King","United States, China","April 1, 2019",2017,PG-13,96 min,"Horror Movies, Thrillers",Three college students move into an off-campus house and discover they've unwittingly unleashed a supernatural killer known as the Bye Bye Man.
s343,Movie,Major Payne,Nick Castle,"Damon Wayans, Karyn Parsons, William Hickey, Michael Ironside, Albert Hall, Ross Bickell, Orlando Brown, Peyton Chesson-Fohl, Steven Martini",United States,"August 1, 2021",1995,PG-13,97 min,Comedies,A hardened Marine is given his marching orders and must now lead a disorderly group of mismatched cadets into a junior ROTC competition.
s4791,Movie,Anthony Kaun Hai?,Raj Kaushal,"Sanjay Dutt, Arshad Warsi, Minissha Lamba, Raghuvir Yadav, Anusha Dhandekar, Gulshan Grover, Ravi Baswani",India,"July 1, 2018",2006,TV-14,122 min,"Comedies, Dramas, International Movies","A forger uses a fake identity in trying to retrieve stolen diamonds buried in a penitentiary, unaware a mob assassin is on the trail of his phony alias."
s7905,Movie,Running for Grace,David L. Cunningham,"Ryan Potter, Matt Dillon, Jim Caviezel, Olivia Ritchie, Juliet Mills, Nick Boraine, Rumi Oyama",United States,"June 19, 2019",2018,TV-14,110 min,"Dramas, Romantic Movies","In 1920s Hawaii, a young man of mixed race and the daughter of a white plantation owner must overcome racial and class prejudice to be together."
s401,TV Show,Revelations: The Masters of the Universe: Revelation Aftershow,Unknown,"Kevin Smith, Tiffany Smith, Robert David, Sarah Michelle Gellar, Chris Wood, Liam Cunningham, Alan Oppenheimer, Lena Headey, Kevin Conroy, Henry Rollins, Jason Mewes, Stephen Root, Mark Hamill",Unknown,"July 23, 2021",2021,TV-PG,1 Season,"Anime Series, Stand-Up Comedy & Talk Shows",Take a behind-the-scenes look at “Masters of the Universe: Revelation” as showrunner Kevin Smith and others interview the cast about their iconic roles.
s7092,Movie,Invictus,Clint Eastwood,"Morgan Freeman, Matt Damon, Tony Kgoroge, Patrick Mofokeng, Matt Stern, Julian Lewis Jones, Adjoa Andoh, Marguerite Wheatley, Leleti Khumalo, Patrick Lyster, Penny Downie",United States,"November 1, 2019",2009,PG-13,134 min,"Dramas, Sports Movies","After the end of apartheid, newly elected President Nelson Mandela uses the 1995 World Cup rugby matches to unite his people in South Africa."
s2519,TV Show,Iris,Unknown,"Lee Byung-hun, Kim Tae-hee, Jeong Jun-ho, Kim Young-chul, Kim Seung-woo, Kim So-yeon, Yun Ju-sang, Lee Jeong-kil",South Korea,"May 16, 2020",2009,TV-14,1 Season,"International TV Shows, Korean TV Shows, TV Action & Adventure",Two friends' lives are changed forever when they are recruited by a top-secret organization tasked with protecting the country from foreign threats.
s1769,Movie,The Next Karate Kid,Christopher Cain,"Pat Morita, Hilary Swank, Michael Ironside, Constance Towers, Chris Conrad, Arsenio ""Sonny"" Trinidad, Michael Cavalieri, Walton Goggins",United States,"November 1, 2020",1994,PG,107 min,"Action & Adventure, Dramas, Sports Movies","In Boston, karate master Mr. Miyagi finds a new pupil in troubled teen Julie Pierce when she gets bullied by a group of relentless classmates."
s5720,Movie,True Memoirs of an International Assassin,Jeff Wadlow,"Kevin James, Andy Garcia, Zulay Henao, Maurice Compte, Kelen Coleman, Andrew Howard, Rob Riggle, Leonard Earl Howze, Yul Vazquez, Kim Coates, Daniel Zacapa, Ron Rifkin, Jeff Chase",United States,"November 11, 2016",2016,TV-14,98 min,"Action & Adventure, Comedies","After his publisher markets his crime novel as a memoir, a novice author finds himself forcibly recruited into a deadly political plot in Venezuela."
s1749,TV Show,60 Days In,Unknown,Unknown,United States,"November 1, 2020",2019,TV-MA,1 Season,Reality TV,"Recruited by a sheriff, volunteers infiltrate county prisons to expose corruption and crime from within the system in this docuseries."
s6388,Movie,Bugs,Andreas Johnsen,Unknown,"Netherlands, Denmark, France, Germany","February 20, 2018",2016,TV-G,73 min,"Documentaries, International Movies",A willing team of chefs and researchers goes on a gastronomic adventure around the globe to weigh the benefits of using bugs as a future food source.
s8559,Movie,The Witch,Robert Eggers,"Anya Taylor-Joy, Ralph Ineson, Kate Dickie, Harvey Scrimshaw, Ellie Grainger, Lucas Dawson, Bathsheba Garnett, Sarah Stephens, Julian Richings, Wahab Chaudhry","United Kingdom, Canada, United States","September 17, 2018",2015,R,92 min,"Horror Movies, Independent Movies","Believing that a witch has cursed their family, pilgrims homesteading on the edge of a primeval New England forest become increasingly paranoid."
s4173,TV Show,Conversations with a Killer: The Ted Bundy Tapes,Unknown,Unknown,United States,"January 24, 2019",2019,TV-MA,1 Season,"Crime TV Shows, Docuseries","Present-day interviews, archival footage and audio recordings made on death row form a searing portrait of notorious serial killer Ted Bundy."
s5297,Movie,Ek Jaan Hain Hum,Rajiv Mehra,"Rajiv Kapoor, Divya Rana, Shammi Kapoor, Tanuja, Kiran Vairale, Rakesh Bedi, Gulshan Grover, Monty Sharma",India,"September 1, 2017",1983,TV-14,151 min,"Dramas, International Movies, Music & Musicals","While trying to win over his beloved’s parents, a young man is accused of arson, and his father soon realizes insanity may be his only defense."
s3539,Movie,Elena,Petra Costa,Unknown,"Brazil, United States","September 1, 2019",2012,TV-MA,81 min,"Documentaries, International Movies","In this documentary, the director remembers a sister who left behind her life under Brazil’s dictatorship and moved to New York with dreams of acting."
s7429,Movie,Maza Pati Karodpati,Sachin,"Sachin, Supriya Pilgaonkar, Ashok Saraf, Kishori Shahane, Suhas Bhalekar, Manchindra Kamble, Jairam Kulkarni, Nilu Phule, Shubha Khote",India,"January 1, 2018",1988,TV-PG,132 min,"Comedies, International Movies, Romantic Movies",An orphan girl who has ambitions of marrying a rich man changes her identity to win the heart of a prominent businessman's son.
s2233,Movie,Fatal Affair,Peter Sullivan,"Nia Long, Omar Epps, Stephen Bishop, Maya Stojan, Aubrey Cleland, Carolyn Hennesy",United States,"July 16, 2020",2020,TV-14,90 min,Thrillers,A lawyer is caught in a terrifying game of cat and mouse when a drink with an old friend escalates into an obsession that jeopardizes everyone she loves.
s3823,Movie,Hamid,Aijaz Khan,"Talha Arshad Reshi, Rasika Dugal, Vikas Kumar, Sumit Kaul, Bashir Lone, Gurveer Singh, Ashraf Nagoo, Mir Sarvar",India,"May 15, 2019",2018,TV-MA,108 min,"Dramas, Independent Movies, International Movies","Wanting his missing father to come home, a Kashmiri boy repeatedly attempts to call God for help – until one day, a hardened army officer picks up."
s2954,TV Show,Team Kaylie,Unknown,"Bryana Salaz, Alison Fernandez, Symera Jackson, Elie Samouhi, Kai Calhoun, Eliza Pryor, Rosa Blasi, Nicole Sullivan, David Gridley",United States,"February 3, 2020",2020,TV-PG,3 Seasons,"Kids' TV, TV Comedies","After a brush with the law, teen celebrity Kaylie Konrad swaps social stardom for court-ordered chaos as a middle school wilderness club leader."
s5781,Movie,Welcome Mr. President,Riccardo Milani,"Claudio Bisio, Kasia Smutniak, Beppe Fiorello, Remo Girone, Massimo Popolizio, Cesare Bocci, Omero Antonutti, Michele Alhaique, Franco Ravera, Patrizio Rispo, Piera Degli Esposti, Gianni Cavina",Italy,"October 1, 2016",2013,TV-MA,99 min,"Comedies, International Movies","When frustrated politicians name a historical figure as the next president, an honest, humble man by the same name suddenly becomes Italy's leader."
s2467,TV Show,Mako Mermaids: An H2O Adventure,Unknown,"Lucy Fry, Ivy Latimer, Amy Ruffle, Chai Romruen, Isabel Durant, Allie Bertram, Linda Ngo, Gemma Forsyth, Dominic Deutscher, Kerith Atkinson, Rowan Hills, Brooke Nichole Lee",Australia,"May 28, 2020",2016,TV-G,4 Seasons,"Kids' TV, TV Comedies","This ""H2O"" sequel follows Zac, a boy who accidentally turns into a merman and threatens the existence of three young mermaids who guard Mako Island."
s5053,Movie,Liberated: The New Sexual Revolution,Unknown,Unknown,"United States, Mexico","February 1, 2018",2017,TV-MA,86 min,Documentaries,"Filmmakers explore how pop culture shapes a new generation's beliefs about gender, sexuality and violence on display among students on spring break."
s5116,Movie,48 Christmas Wishes,"Marco Deufemia, Justin G. Dyck","Khiyla Aynne, Noah Dyer, Maya Franzoi, Clara Kushnir, Madeline Leon, Liam MacDonald, Matt Schichter, Ethan Yang, Adam Crew",Canada,"December 20, 2017",2017,TV-G,84 min,"Children & Family Movies, Comedies","When a small town's letters to Santa accidentally go up in smoke, two elves venture out of the North Pole to retrieve every missing wish."
s3757,Movie,Oprah Presents When They See Us Now,Mark Ritchie,"Oprah Winfrey, Ava DuVernay",United States,"June 13, 2019",2019,TV-PG,61 min,Documentaries,"Oprah Winfrey talks with the exonerated men once known as the Central Park Five, plus the cast and producers who tell their story in ""When They See Us."""
s2410,TV Show,Reality Z,Unknown,"Ana Hartmann, Sabrina Sato, Luellem de Castro, Guilherme Weber, Emílio de Mello, Ravel Andrade, João Pedro Zappa, Julia Ianina, Pierre Baitelli, Jesus Luz, Carla Ribas, Wallie Ruy, Gabriel Canella, Natália Rosa, Priscila Assum, Teca Pereira, Leandro Daniel, Hanna Romanazzi, Arlinda Di Baio, Erom Cordeiro, Enzo Romani",Brazil,"June 10, 2020",2020,TV-MA,1 Season,"International TV Shows, TV Horror, TV Mysteries","With Rio de Janeiro under a zombie attack, reality show contestants shelter in a TV studio, where they must deal with more than flesh-eating hordes."
s4852,Movie,Steve Martin and Martin Short: An Evening You Will Forget for the Rest of Your Life,Marcus Raboy,"Steve Martin, Martin Short",United States,"May 25, 2018",2018,TV-14,74 min,Stand-Up Comedy,"Longtime pals and showbiz icons Steve Martin and Martin Short share countless quips, catchy tunes and hilarious stories about their lives in comedy."
s860,Movie,Asmaa,Amr Salama,"Hend Sabry, Maged El-Kidwani, Hany Adel, Sayed Rajab, Ahmed Kamal, Boutros Ghaly, Laila Ezz El Arab, Samia Asaad, Fatmah Adel, Mohamad Yones, Mohamed Abd El Azim",Egypt,"May 20, 2021",2011,TV-14,92 min,"Dramas, International Movies","Constantly denied medical treatment, an HIV positive woman confronts societal stigma with unexpected courage. Inspired by true events."
s2445,TV Show,Cardcaptor Sakura,Unknown,"Miwa Matsumoto, Motoko Kumai, Nozomu Sasaki, Hideyuki Tanaka, Junko Iwao, Emi Motoi, Yukana, Aya Hisakawa, Katsuyuki Konishi, Emi Shinohara, Sakura Tange, Ryoka Yuzuki, Minako Kotobuki, Yumi Toma, Natsuki Hanae, Issei Miyazaki, Tomokazu Seki, Kazuo Hayashi, Masaya Onosaka, Minori Suzuki, Megumi Ogata",Japan,"June 1, 2020",1999,TV-Y7,2 Seasons,"Anime Series, International TV Shows","After a young girl breaks the seal of a magical book, releasing the spirits of the cards inside, she must become a ""Cardcaptor"" and retrieve them."
s764,TV Show,Sweet Tooth,Unknown,"Nonso Anozie, Christian Convery, Adeel Akhtar, Stefania LaVie Owen, Dania Ramirez, Aliza Vellani, Will Forte, James Brolin, Neil Sandilands, Mia Artemis",United States,"June 4, 2021",2021,TV-14,1 Season,"TV Action & Adventure, TV Dramas, TV Sci-Fi & Fantasy","On a perilous adventure across a post-apocalyptic world, a lovable boy who's half-human and half-deer searches for a new beginning with a gruff protector."
s19,Movie,Intrusion,Adam Salky,"Freida Pinto, Logan Marshall-Green, Robert John Burke, Megan Elisabeth Kelly, Sarah Minnich, Hayes Hargrove, Mark Sivertsen, Brandon Fierro, Antonio Valles, Clint Obenchain",Unknown,"September 22, 2021",2021,TV-14,94 min,Thrillers,"After a deadly home invasion at a couple’s new dream house, the traumatized wife searches for answers — and learns the real danger is just beginning."
s5291,Movie,Aakhri Adaalat,Rajiv Mehra,"Vinod Khanna, Dimple Kapadia, Jackie Shroff, Sonam, Vinod Mehra, Shafi Inamdar, Gulshan Grover, Roopesh Kumar",India,"September 1, 2017",1988,TV-14,148 min,"Action & Adventure, International Movies",An intrepid police inspector forced into a desk job must take matters into his own hands when ruthless criminals are released on a technicality.
s6384,Movie,Bruno and Boots: The Wizzle War,Vivieno Caldinelli,"Jonny Gray, Callan Potter, Matt Baram, Caroline Rhea, Kiana Madeira",Canada,"July 1, 2017",2017,TV-PG,90 min,"Children & Family Movies, Comedies","Fed up with weird dress codes and wacky punishments, the students of neighboring schools face off against two recently hired oddball authoritarians."
s7072,Movie,Indiana Jones and the Last Crusade,Steven Spielberg,"Harrison Ford, Sean Connery, Denholm Elliott, Alison Doody, John Rhys-Davies, Julian Glover, River Phoenix, Michael Byrne, Kevork Malikyan, Robert Eddison",United States,"January 1, 2019",1989,PG-13,127 min,"Action & Adventure, Children & Family Movies, Classic Movies","Accompanied by his father, Indiana Jones sets off on his third adventure to explore the cradle of civilization on a perilous hunt for the Holy Grail."
s4366,TV Show,Frontier,Unknown,"Jason Momoa, Landon Liboiron, Alun Armstrong, Jessica Matten, Zoe Boyle, Allan Hawco, Evan Jonigkeit, Katie McGrath",Canada,"November 23, 2018",2018,TV-MA,3 Seasons,"International TV Shows, TV Action & Adventure, TV Dramas","In 18th-century North America, ruthless trappers and entrepreneurs fight to wrest control of the fur trade from the mighty Hudson's Bay Company."
s2619,Movie,Küçük Esnaf,Bedran Güzel,"İbrahim Büyükak, Zeynep Koçak, Gupse Özay, Cengiz Bozkurt",Turkey,"April 28, 2020",2016,TV-MA,100 min,"Comedies, International Movies","As an honest locksmith scrambles to pay his late father's hefty debt to the mafia, he crosses paths with a woman in similar trouble and falls for her."
s4377,TV Show,The Final Table,Unknown,Andrew Knowlton,United States,"November 20, 2018",2018,TV-PG,1 Season,Reality TV,Teams of elite chefs vie to impress the world's toughest palates as they whip up iconic dishes from nine nations in this star-packed competition.
s4960,Movie,First Match,Olivia Newman,"Elvire Emanuelle, Yahya Abdul-Mateen II, Colman Domingo, Jharrel Jerome, Kim Ramirez, Jared Kemp, Allen Maldonado",United States,"March 30, 2018",2018,TV-MA,103 min,"Dramas, Independent Movies, Sports Movies",A tenacious high school girl raised in foster homes in the inner city tries to reconnect with her ex-con father by joining a boys wrestling team.
s4859,Movie,Katt Williams: American Hustle (The Movie),Brit McAdams,"Katt Williams, Da Brat, Snoop Dogg, Tamala Jones, Jeremy Piven, Ludacris, Melanie Comarcho, Red Grant, Alphonso Mcauley, Damaine Radcliff, Taran Killam",United States,"May 17, 2018",2007,TV-MA,89 min,Stand-Up Comedy,"An aspiring actor leaves Hollywood and takes to the road to do stand-up after he's cast in a series of increasingly stereotypical ""black"" roles."
s2228,TV Show,Cursed,Unknown,"Katherine Langford, Devon Terrell, Gustaf Skarsgård, Daniel Sharman, Sebastian Armesto, Lily Newmark, Shalom Brune-Franklin, Matt Stokoe, Bella Dayne, Peter Mullan, Emily Coates","United Kingdom, Australia","July 17, 2020",2020,TV-MA,1 Season,"TV Action & Adventure, TV Dramas, TV Sci-Fi & Fantasy","Armed with mysterious powers and a legendary sword, young rebel Nimue joins forces with charming mercenary Arthur on a mission to save her people."
s6233,Movie,Barah Aana,Raja Menon,"Naseeruddin Shah, Arjun Mathur, Vijay Raaz, Tannishtha Chatterjee, Violante Placido, Benjamin Gilani",India,"December 31, 2019",2009,TV-14,95 min,"Dramas, International Movies","After futile attempts to better their lives with honest work, three broke friends opt for a more dubious means of making money: kidnapping for ransom."
s5210,Movie,One of Us,"Heidi Ewing, Rachel Grady",Unknown,United States,"October 20, 2017",2017,TV-14,95 min,Documentaries,"In the wake of trauma and abuse, three Hasidic Jews face ostracism, anxiety and danger as they attempt to leave their ultra-Orthodox community."
s8691,TV Show,Wake Up,Unknown,"Jag Huang, Chris Wu, Tiffany Hsu, Michael Huang, Lego Li, Summer Meng",Unknown,"March 31, 2018",2017,TV-14,2 Seasons,"International TV Shows, TV Dramas","After taking the blame for a patient death, an anesthesiologist battling psychiatric trauma fights to stay afloat in the corrupt hospital system."
s8612,Movie,Traffic Signal,Madhur Bhandarkar,"Kunal Khemu, Neetu Chandra, Konkona Sen Sharma, Upendra Limaye, Ranvir Shorey, Sudhir Mishra, Nassar Abdulla, Manoj Joshi",India,"December 31, 2019",2007,TV-MA,130 min,"Dramas, Independent Movies, International Movies","Four characters coexist at an urban traffic signal, where all manage to make a meager living until events threaten the source of their livelihood."
s6158,Movie,An Interview with God,Perry Lang,"Brenton Thwaites, David Strathairn, Hill Harper, Charlbi Dean, Yael Grobglas",United States,"March 1, 2019",2018,TV-PG,97 min,"Dramas, Faith & Spirituality","After an assignment in a war zone, a journalist trying to put his life back together is granted an interview with someone claiming to be God."
s2673,Movie,Sergio,Greg Barker,"Wagner Moura, Ana de Armas, Brían F. O'Byrne, Clemens Schick, Bradley Whitford",United States,"April 17, 2020",2020,R,119 min,"Dramas, Independent Movies","Passions, ideals and bitter realities collide as charismatic UN diplomat Sergio Vieira de Mello becomes trapped in a life-threatening situation in Iraq."
s654,TV Show,This Is Pop,Unknown,Unknown,Unknown,"June 22, 2021",2021,TV-MA,1 Season,"Docuseries, International TV Shows","Uncover the real stories behind your favorite pop songs as this docuseries charts the impact of the festival scene, Auto-Tune, boy bands and more."
s6712,Movie,Event Horizon,Paul W.S. Anderson,"Laurence Fishburne, Sam Neill, Kathleen Quinlan, Joely Richardson, Richard T. Jones, Jack Noseworthy, Jason Isaacs, Sean Pertwee","United Kingdom, United States","January 1, 2020",1997,R,96 min,"Horror Movies, Sci-Fi & Fantasy","After a signal is received from a long-missing spaceship, a rescue ship investigates, but the crew soon realizes something unimaginable has happened."
s2817,TV Show,100 Humans,Unknown,"Zainab Johnson, Sammy Obeid, Alie Ward",United States,"March 13, 2020",2020,TV-14,1 Season,"Docuseries, Science & Nature TV","One hundred hardy souls from diverse backgrounds participate in playful experiments exploring age, sex, happiness and other aspects of being human."
s5202,Movie,Joan Didion: The Center Will Not Hold,Griffin Dunne,Joan Didion,United States,"October 27, 2017",2017,TV-14,98 min,Documentaries,"Literary icon Joan Didion reflects on her remarkable career and personal struggles in this intimate documentary directed by her nephew, Griffin Dunne."
s8778,Movie,Yes or No,Saratswadee Wongsomphet,"Sushar Manaying, Supanart Jittaleela, Arisara Thongborisut, Soranut Yupanun, Inthira Yeunyong",Thailand,"December 6, 2018",2010,TV-PG,111 min,"International Movies, LGBTQ Movies, Romantic Movies","Traditional girl Pie is initially uncomfortable with her tomboyish new roommate. But as time goes on, she finds herself increasingly attracted to her."
s4180,TV Show,Memory Love,Unknown,"Andy Chen, Mandy Wei, Jolin Chien, Mandy Tao, Kris Shen, Nylon Chen",Unknown,"January 18, 2019",2017,TV-14,1 Season,"International TV Shows, Romantic TV Shows, TV Dramas","Losing her memory – and her boyfriend – after a car accident, Jia-en crosses paths with a heart transplant recipient who helps her recall her past."
s339,TV Show,Hunter X Hunter (2011),Unknown,"Megumi Han, Mariya Ise, Keiji Fujiwara, Miyuki Sawashiro, Daisuke Namikawa",Japan,"August 1, 2021",2014,TV-14,6 Seasons,"Anime Series, International TV Shows","To fulfill his dreams of becoming a legendary Hunter like his dad, a young boy must pass a rigorous examination and find his missing father."
s6615,Movie,Disciples Of The 36th Chamber,Chia-Liang Liu,"Hou Hsiao, Gordon Liu, Lily Li, Jason Pai Piao, Chia-Liang Liu",Hong Kong,"August 16, 2018",1985,TV-14,90 min,"Action & Adventure, International Movies","Shaolin monk San Te returns to protect a fellow hero with a talent for finding trouble in this action-packed sequel to ""The 36th Chamber of Shaolin."""
s3605,TV Show,Sintonia,Unknown,"Christian Malheiros, Jottapê, Bruna Mascarenhas",Brazil,"August 9, 2019",2019,TV-MA,1 Season,"Crime TV Shows, International TV Shows, TV Dramas","Three teens living in the same São Paulo favela pursue their dreams while maintaining their friendship, amid a world of music, drugs and religion."
s3974,Movie,Verses of Love,Hanung Bramantyo,"Fedi Nuril, Rianti Cartwright, Carissa Putri, Melanie Putria, Zaskia Adya Mecca, Surya Saputra, Dennis Adhiswara, Oka Antara",Indonesia,"March 27, 2019",2008,TV-PG,126 min,"Dramas, International Movies, Romantic Movies","Polygamy, piety and personal principles collide for a charming and congenial young university student struggling in a four-way love triangle."
s8287,Movie,The Eichmann Show,Paul Andrew Williams,"Martin Freeman, Anthony LaPaglia, Rebecca Front, Andy Nyman, Nicholas Woodeson, Ben Addis, Caroline Bartleet, Ed Birch, Dylan Edwards, Nathaniel Gleed, Ben Lloyd-Hughes, Vaidotas Martinaitis, Zora Bishop","United Kingdom, Lithuania","August 31, 2017",2015,TV-MA,96 min,"Dramas, International Movies",This is the astonishing true story behind a moment in TV history: the live 1961 broadcast of Nazi mass-murderer Adolf Eichmann's trial in Jerusalem.
s4251,TV Show,Pioneers: First Women Filmmakers*,Unknown,Unknown,Unknown,"December 30, 2018",1925,TV-14,1 Season,TV Shows,"This collection restores films from women who tackled hot-button issues, transcended norms, and left a mark on the history of cinema and the industry."
s4548,Movie,Monty Python: Live at The Hollywood Bowl,"Terry Hughes, Ian MacNaughton","Graham Chapman, John Cleese, Terry Gilliam, Eric Idle, Terry Jones, Michael Palin, Neil Innes, Carol Cleveland",United Kingdom,"October 2, 2018",1982,R,80 min,Comedies,"Film clips and Terry Gilliam animations feature in this live-to-tape performance of greatest hits, including ""Travel Agent"" and ""Solo Wrestling."""
s7314,Movie,Little Lunch: The Halloween Horror Story,Tim Bartley,"Flynn Curry, Olivia Deeble, Madison Lu, Oisín O'Leary, Faith Seci, Joshua Sitch, Heidi Arena, Wayne Hope",Australia,"March 15, 2018",2016,TV-Y7,23 min,"Children & Family Movies, Comedies","When the class puts on a Halloween play about a boy who leaves behind his friends for a scary new place, it hits too close to home for one student."
s694,Movie,Ali & Ratu Ratu Queens,Lucky Kuswandi,"Iqbaal Ramadhan, Nirina Zubir, Asri Welas, Tika Panggabean, Happy Salma, Aurora Ribero, Marissa Anita, Bayu Skak, Cut Mini Theo, Ibnu Jamil",Unknown,"June 17, 2021",2021,TV-14,101 min,"Comedies, Dramas, International Movies","After his father's passing, a teenager sets out for New York in search of his estranged mother and soon finds love and connection in unexpected places."
s2760,TV Show,Tree House Tales,Unknown,"Renu Sharda, Sonal Kaushal, Shiney Prakash, Sumriddhi Shukla",Unknown,"March 31, 2020",2019,TV-Y,1 Season,Kids' TV,"From the virtue of politeness to the dangers of social media, life is full of valuable lessons for a group of friends navigating the journey of growing up."
s1593,Movie,Christmas Crossfire,Detlev Buck,"Kostja Ullmann, Alli Neumann, Sascha Alexander Gersak, Sophia Thomalla, Merlin Rose, Detlev Buck, Peter Kurth, Anika Mauer, Frederic Linkemann, Bernd Hölscher",Germany,"December 4, 2020",2020,TV-MA,106 min,"Comedies, International Movies, Thrillers","A man foils an attempted murder, then flees the crew of would-be killers along with their intended target as a woman he's just met tries to find him."
s2331,Movie,Eurovision Song Contest: The Story of Fire Saga,David Dobkin,"Will Ferrell, Rachel McAdams, Dan Stevens, Melissanthi Mahut, Mikael Persbrandt, Ólafur Darri Ólafsson, Graham Norton, Demi Lovato, Pierce Brosnan",United States,"June 26, 2020",2020,PG-13,124 min,"Comedies, Music & Musicals, Romantic Movies","Two small-town singers chase their pop star dreams at a global music competition, where high stakes, scheming rivals and onstage mishaps test their bond."
s2479,Movie,Modest Heroes: Ponoc Short Films Theatre,"Hiromasa Yonebayashi, Yoshiyuki Momose, Akihiko Yamashita","Fumino Kimura, Rio Suzuki, Machiko Ono, Sota Shinohara, Kentaro Sakaguchi, Joe Odagiri, Min Tanaka",Japan,"May 22, 2020",2018,PG,54 min,"Anime Features, Children & Family Movies",Two underwater siblings surviving on their own. A boy with a serious egg allergy. A man invisible to the rest of society. Three short animated tales.
s1218,TV Show,The One,Unknown,"Hannah Ware, Zoë Tapper, Dimitri Leonidas, Amir El-Masry, Lois Chimimba, Eric Kofi-Abrefa, Pallavi Sharda, Jana Pérez, Diarmaid Murtagh, Gregg Chillin, Wilf Scolding, Stephen Campbell Moore, Simone Kirby, Albano Jerónimo, Eduardo Lloveras, Miguel Amorim",United Kingdom,"March 12, 2021",2021,TV-MA,1 Season,"British TV Shows, Crime TV Shows, International TV Shows","Love — and lies — spiral when a DNA researcher helps discover a way to find the perfect partner, and creates a bold new matchmaking service."
s645,Movie,Good on Paper,Kimmy Gatewood,"Iliza Shlesinger, Ryan Hansen, Margaret Cho, Rebecca Rittenhouse, Matt McGorry, Tyler Cameron, Taylor Hill, Kimia Behpoornia, Rebecca Delgado Smith, Beth Dover",Unknown,"June 23, 2021",2021,TV-MA,94 min,"Comedies, Romantic Movies","After years of putting her career first, a stand-up comic meets a guy who seems perfect: smart, nice, successful... and possibly too good to be true."
s7415,Movie,Marvel & ESPN Films Present: 1 of 1: Genesis,Eric Drath,"Manny Pacquiao, Michael Smith, Tony Hawk, Esther Howard, Alex Morgan, Danica Patrick, Russell Wilson, Carmelo Anthony, Dwight Howard, Joe Quesada, Albert Pujols, Brandi Chastain, Cal Ripken Jr.",Unknown,"March 15, 2015",2014,TV-PG,77 min,"Documentaries, Sports Movies","This documentary explores the connections between elite athletes and Marvel superheroes such as Spider Man, Black Widow and Captain America."
s7693,Movie,Pablo Escobar: Angel or Demon?,Jorge Granier,Unknown,"Venezuela, Colombia","March 23, 2018",2007,NR,82 min,"Documentaries, International Movies",This documentary traces the steps of druglord Pablo Escobar with vivid eyewitness accounts that reconstruct his bloody reign in Colombia.
s8156,Movie,Teach Us All,Sonia Lowman,Unknown,United States,"September 25, 2017",2017,TV-14,81 min,Documentaries,"It's been decades since Brown v. Board of Education, yet American schools remain largely segregated. Some leaders are working to change that."
s430,Movie,Sanitation Day,Seyi Babatope,"Blossom Chukwujekwu, Elozonam Ogbolu, Nse Ikpe-Etim, Belinda Effah, Saeed Mohammed, Chukwuemeka Okoroafor, Kunle Fawole, Chris Okagbue, Adebayo Salami, Charles Inojie, Elvina Ibru, Tobi Bakare",Nigeria,"July 21, 2021",2020,TV-14,105 min,"Dramas, International Movies, Thrillers",Two cops must contend with the uncooperative tenants of an apartment complex as they try to solve a murder before the crime scene is wiped clean.
s6263,TV Show,Beast Legends,Unknown,"Steve Leonard, Francis Manapul, Kathryn Denning, Scott Edwards, Mike Paixao",Canada,"February 1, 2019",2010,TV-PG,1 Season,Docuseries,A diverse crew of experts dive deep into the origin stories of mythological monsters before building replicas of the creatures using 3D CGI technology.
s226,TV Show,Open Your Eyes,Unknown,"Maria Wawreniuk, Ignacy Liss, Michał Sikorski, Wojciech Dolatowski, Klaudia Koścista, Zuzanna Galewicz, Marta Nieradkiewicz, Sara Celler Jezierska, Pola Król, Marcin Czarnik, Martyna Nowakowska",Unknown,"August 25, 2021",2021,TV-MA,1 Season,"International TV Shows, TV Dramas, TV Mysteries","After a tragic accident, an amnesiac teen tries to rebuild her life at a memory disorders center but becomes suspicious of her unconventional treatment."
s3664,TV Show,Angel Beats!,Unknown,"Hiroshi Kamiya, Harumi Sakurai, Kana Hanazawa, Eri Kitamura, Ryohei Kimura, Takahiro Mizushima, Shun Takagi, Fuko Saito, Yui Makino, Hiro Masuda, Michael Rivas, Eiichiro Tokumoto, Yumiko Kobayashi, Hiroki Touchi, Miyuki Sawashiro, Chie Matsuura, Kana Asumi, Emiri Kato",Japan,"July 15, 2019",2010,TV-PG,1 Season,"Anime Series, International TV Shows","In a high school that's a way station to the afterlife, a teenager gets caught up in the battle for the rights of those in this purgatorial world."
s2007,TV Show,Buddi,Unknown,"Greta Jameson, Ralf Jameson, Clementine Laikin, Felix Laikin","United Kingdom, China","September 11, 2020",2020,TV-Y,2 Seasons,"British TV Shows, Kids' TV","The Buddis bounce, spin, glide — and giggle! — through their magical world, learning new things and sharing the joy of friendship."
s4111,Movie,The Breaker Upperers,"Jackie van Beek, Madeleine Sami","Madeleine Sami, Jackie van Beek, James Rolleston, Celia Pacquola, Ana Scotney, Rima Te Wiata, Carl Bland, Brett O'Gorman, Cohen Holloway, Jemaine Clement",New Zealand,"February 15, 2019",2018,TV-MA,82 min,"Comedies, Independent Movies, International Movies","For the right price, BFFs Jen and Mel will ruthlessly end any romance. But when one of them grows a conscience, their friendship begins to unravel."
s4655,TV Show,First and Last,Unknown,Unknown,Unknown,"September 7, 2018",2018,TV-MA,1 Season,Docuseries,Take an intimate look at the emotionally charged first and last days of new and soon-to-be released inmates at Georgia's Gwinnett County Jail.
s1006,Movie,Keymon and Nani in Space Adventure,Unknown,Unknown,Unknown,"April 20, 2021",2013,TV-Y,76 min,"Children & Family Movies, Comedies","For Rohan and his magical pal, Keymon, a trip to visit their grandmother turns into the rescue mission of a lifetime when she is kidnapped by aliens!"
s167,Movie,Once Upon a Time in America,Sergio Leone,"Robert De Niro, James Woods, Elizabeth McGovern, Treat Williams, Tuesday Weld, Burt Young, Joe Pesci, Danny Aiello, William Forsythe, James Hayden","Italy, United States","September 1, 2021",1984,R,229 min,"Classic Movies, Dramas",Director Sergio Leone's sprawling crime epic follows a group of Jewish mobsters who rise in the ranks of organized crime in 1920s New York City.
s1716,TV Show,A Queen Is Born,Carla Barros,"Gloria Groove, Alexia Twister",Brazil,"November 11, 2020",2020,TV-14,1 Season,"International TV Shows, Reality TV",Gloria Groove and Alexia Twister make drag dreams come true as they help six artists find the confidence to own the stage in this makeover show.
s4249,Movie,Todd Glass: Stand-Up Special,Jay Chapman,Todd Glass,United States,"December 31, 2018",2012,TV-MA,46 min,Stand-Up Comedy,"Standup comedian Todd Glass gets right down to it, with sly observations on accepting directions, denying compliments and being afraid of the dark."
s4800,Movie,Soul Robbers,Juan Antonio de la Riva,"Sofía Sisniega, Natasha Dupeyron, Ana Sofía Durán, Javier Escobar, Luis Gatica, Juan Ángel Esparza, Jorge Luis Moreno, Arnulfo Reyes Sanchez, Tizoc Arroyo, José Enot, Ricardo Dalmacci, Harding Junior, Claudine Sosa, Pablo Valentín",Mexico,"July 1, 2018",2015,TV-14,88 min,"Horror Movies, International Movies","During Mexico's War of Independence, a group of men face unimaginable horrors when they attempt to steal from the seemingly helpless Cordero sisters."
s1891,TV Show,Qurious Como,Unknown,Unknown,Unknown,"October 3, 2020",2017,TV-Y,1 Season,Kids' TV,"Shrunk down in size, Como and his friends examine the wonder-filled world around them one item at a time, from foods to household goods."
s776,Movie,A Perfect Ending,Nicole Conn,"Barbara Niven, Jessica Clark, John Heard, Morgan Fairchild, Kerry Knuppe, Imelda Corcoran, Mary Jane Wells, Rebecca Staab, Michael Adam Hamilton, Bryan Jackson, Bryan Mordechai Jackson",United States,"June 2, 2021",2012,TV-MA,110 min,"Dramas, Independent Movies, LGBTQ Movies","After confessing an unusual secret, a repressed wife – prompted by her friends – decides to explore her sexuality with a high-priced call girl."
s4590,Movie,My Little Pony Equestria Girls: Forgotten Friendship,Ishi Rudell,"Ashleigh Ball, Andrea Libman, Rebecca Shoichet, Tabitha St. Germain, Tara Strong, Nicole Oliver",United States,"October 1, 2018",2018,TV-Y,44 min,Children & Family Movies,School yearbook editor Sunset Shimmer has suddenly been erased from the memories of her best friends and must find out how to fix this.
s4818,Movie,"To Each, Her Own",Myriam Aziza,"Sarah Stern, Jean-Christophe Folly, Julia Piaton, Arié Elmaleh, Clémentine Poidatz, Stéphane Debac, Richard Berry, Catherine Jacob",France,"June 24, 2018",2018,TV-MA,95 min,"Comedies, International Movies, LGBTQ Movies","Just as Simone works up the courage to tell her conservative Jewish family she's a lesbian, she finds herself attracted to a male Senegalese chef."
s787,Movie,Company of Heroes,Don Michael Paul,"Tom Sizemore, Chad Michael Collins, Vinnie Jones, Dimitri Diatchenko, Neal McDonough, Jürgen Prochnow, Sam Spruell, Richard Sammel, Philip Rham, Alastair Mackenzie",United States,"June 2, 2021",2013,R,101 min,"Action & Adventure, Dramas","During the last major German offensive of World War II, a group of Allied soldiers sets out against all odds to turn the war around."
s2492,Movie,The School of Mischief,Houssam El-Din Mustafa,"Suhair El-Babili, Adel Emam, Saeed Saleh, Younes Shalabi, Hadi El-Gayyar, Ahmad Zaki, Hassan Moustafa",Egypt,"May 21, 2020",1973,TV-14,253 min,"Comedies, Dramas, International Movies",A high school teacher volunteers to transform five notorious misfits into model students — and has unintended results.
s7721,Movie,Pee Mak,Banjong Pisanthanakun,"Mario Maurer, Davika Hoorne, Nattapong Chartpong, Pongsatorn Jongwilak, Wiwat Kongrasri, Kantapat Permpoonpatcharasuk, Sean Jindachot",Thailand,"September 1, 2018",2013,TV-MA,112 min,"Comedies, Horror Movies, International Movies","Mak's friends just want to protect him, but his wife Nak won't let a small thing like her own death get in the way of true love in this horror-comedy."
s3417,TV Show,Another Miss Oh,Unknown,"Seo Hyun-jin, Eric Moon, Jeon Hye-bin, Ye Ji-won, Kim Ji-seok, Lee Jae-yoon, Lee Han-wi, Kim Mee-kyeong, Oh Man-seok, Lee Pil-mo",South Korea,"October 16, 2019",2016,TV-MA,1 Season,"International TV Shows, Korean TV Shows, Romantic TV Shows","A sound director who suddenly starts getting visions of someone else’s future gets mired in the lives of two women, who happen to share the same name."
s2983,TV Show,Find Yourself,Unknown,Unknown,Unknown,"January 29, 2020",2020,TV-14,1 Season,"International TV Shows, Romantic TV Shows, TV Comedies","A determined entrepreneur navigates a love triangle between a young charmer and an older executive, leading her down an unconventional path to love."
s6789,TV Show,Forget Me Not,Unknown,Unknown,United Kingdom,"September 18, 2017",2011,TV-MA,1 Season,"International TV Shows, TV Dramas","Teenage Xue Ming was forced to marry the man who raped her. Years after abandoning her young sons to find a better life, can she escape the guilt?"
s6331,Movie,Blackway,Daniel Alfredson,"Anthony Hopkins, Julia Stiles, Alexander Ludwig, Ray Liotta, Hal Holbrook, Lochlyn Munro, Steve Bacic, Aaron Pearl, Aleks Paunovic",United States,"December 15, 2017",2015,PG-13,90 min,Thrillers,"Menaced by a psychopath who's got the local cops scared, waitress Lillian turns to a mysterious old logger to help her turn the tables on her stalker."
s2653,Movie,Circus of Books,Rachel Mason,Unknown,United States,"April 22, 2020",2020,TV-MA,87 min,"Documentaries, LGBTQ Movies","For decades, a nice Jewish couple ran Circus of Books, a porn shop and epicenter for gay LA. Their director daughter documents their life and times."
s4116,Movie,"Ken Jeong: You Complete Me, Ho",Jon M. Chu,Ken Jeong,United States,"February 14, 2019",2019,TV-MA,62 min,Stand-Up Comedy,"In his first-ever stand-up special, Ken Jeong pays tribute to his wife and shares stories about Hollywood and how ""The Hangover"" saved his life."
s4690,TV Show,The Innocents,Unknown,"Sorcha Groundsell, Percelle Ascott, Guy Pearce, Sam Hazeldine, Nadine Marshall, Jóhannes Haukur Jóhannesson, Laura Birn, Ingunn Beate Øyen, Arthur Hughes, Trond Fausa, Lise Risom Olsen, Philip Wright",United Kingdom,"August 24, 2018",2018,TV-MA,1 Season,"British TV Shows, International TV Shows, Romantic TV Shows",Runaway teen lovers June and Harry find themselves swept up in a dangerous and confusing new world when June begins to display mysterious abilities.
s6545,Movie,Cult of Chucky,Don Mancini,"Fiona Dourif, Michael Therriault, Adam Hurtig, Alex Vincent, Jennifer Tilly, Brad Dourif, Summer H. Howell, Grace Lynn Kung, Elisabeth Rosen, Zak Santiago, Ali Tataryn",United States,"October 3, 2017",2017,R,90 min,Horror Movies,"Following a string of murders in the asylum where she's confined, Nica Pierce begins to wonder whether Chucky is real after all."
s288,TV Show,I Need Romance,Sakon Tiacharoen,"Khemanit Jamikorn, Thitipoom Techaapaikhun, Kannaporn Puangthong, Premmanat Suwannanon, Mintita Wattanakul, Thames Sanpakit, Katareeya Theapchatri, Phanuroj Chalermkijporntavee, Jirapisit Jaravijit",Unknown,"August 10, 2021",2021,TV-14,1 Season,"International TV Shows, Romantic TV Shows, TV Comedies","A workaholic who lost interest in romance reunites with an old flame and gifted music composer, who's determined to restore her belief in love."
s1974,TV Show,Fukrey Boyzzz,Unknown,"Viraaj Modgill, Jasleen Singh, Pooja Punjabi, Viswanathan Sridhar, Manish Bhavan, Suvela Sharma, Surabhi Pandey, Zeel Thakkar",Unknown,"September 19, 2020",2020,TV-Y,1 Season,"Kids' TV, TV Comedies","A troublemaking trio dreams big, plays hard and stirs up all sorts of classroom mischief in this animated spinoff of the popular Hindi film franchise."
s4132,TV Show,Violet Evergarden,Unknown,"Yui Ishikawa, Takehito Koyasu, Daisuke Namikawa, Aya Endo, Koki Uchiyama, Minori Chihara, Haruka Tomatsu",Japan,"February 5, 2019",2018,TV-14,1 Season,"Anime Series, International TV Shows, Romantic TV Shows","The war is over, and Violet Evergarden needs a job. Scarred and emotionless, she takes a job as a letter writer to understand herself and her past."
s3210,Movie,Crazy people,Moses Inwang,"Ramsey Nouah, Chigul, Sola Sobowale, Ireti Doyle, Ben Touitou, Francis Onwochei, Ememobong Nkana, Emem Inwang, Patrick Onyeke",Nigeria,"November 29, 2019",2018,TV-MA,107 min,"Comedies, International Movies, Thrillers",Nollywood star Ramsey Nouah learns that someone is impersonating him and breaks out of a mental institution to expose the imposter.
s6396,Movie,Butterfield 8,Daniel Mann,"Elizabeth Taylor, Laurence Harvey, Eddie Fisher, Dina Merrill, Mildred Dunnock, Betty Field, Jeffrey Lynn, Susan Oliver",United States,"November 1, 2019",1960,TV-14,108 min,"Classic Movies, Dramas, Romantic Movies","Elizabeth Taylor won an Oscar as Gloria Wandrous, a stylish call girl who yearns to go straight, especially after she thinks she's found Mr. Right."
s6830,Movie,Garuda in My Heart 2,Rudy Soedjarwo,"Emir Mahira, Aldo Tansani, Maudy Koesnaedi, Ramzi, Rio Dewanto, Monica Sayangbati, Rendy Khrisna",Indonesia,"November 30, 2018",2011,TV-PG,95 min,"Children & Family Movies, Dramas, Sports Movies",A young soccer player sets out to prove he can lead his team to a championship – but being a winner is about more than just talent.
s4103,Movie,Chameli,Sudhir Mishra,"Kareena Kapoor, Rahul Bose, Rinke Khanna, Yashpal Sharma, Makrand Deshpande, Kabir Sadanand, Pankaj Jha",India,"February 15, 2019",2004,TV-14,102 min,"Dramas, International Movies","While taking shelter from a Mumbai monsoon, an investment banker forms an unlikely connection with a naïve prostitute over the course of the night."
s5227,Movie,The Babysitter,McG,"Samara Weaving, Hana Mae Lee, Judah Lewis, Robbie Amell, Bella Thorne, Andrew Bachelor, Emily Alyn Lind, Leslie Bibb, Ken Marino",United States,"October 13, 2017",2017,TV-MA,85 min,"Comedies, Horror Movies","When Cole stays up past his bedtime, he discovers that his hot babysitter is part of a satanic cult that will stop at nothing to keep him quiet."
s5243,TV Show,Justice in the City,Unknown,"Chris Tong, Shaun Chen, Emily Lim, Remus Kam, Zhang Shui Fa",Unknown,"October 1, 2017",2012,TV-14,1 Season,"International TV Shows, TV Dramas","Repeatedly on opposite sides of civil cases, two lawyers fall in love outside the courtroom, but circumstances hinder their romance from blossoming."
s2564,Movie,Luccas Neto em: Acampamento de Férias 2,Lucas Margutti,"Luccas Neto, Giovanna Alparone, Jéssica Diehl, Vivian Duarte",Brazil,"May 4, 2020",2020,TV-G,81 min,"Children & Family Movies, Comedies, Music & Musicals","Luccas and his band of buddies make music and mischief at a new summer camp, where they face off with talented rivals and their tough coach."
s3369,TV Show,A Little Thing Called First Love,Unknown,"Lai Kuan-lin, Zhao Jinmai, Wang Runze, Chai Wei, Wang Bowen",China,"October 26, 2019",2019,TV-G,1 Season,"International TV Shows, Romantic TV Shows, Teen TV Shows",A shy college student with a knack for drawing develops a crush on a musically gifted classmate and embarks on a journey of self-discovery.
s3740,Movie,Luckee,Sanjay Jadhav,"Abhay Mahajan, Dipti Sati, Mayur More, Shubhangi Tambale, Chetan Dalvi, Nilesh Diwekar",India,"June 15, 2019",2019,TV-14,113 min,"Comedies, International Movies, Romantic Movies","When his friends make a bet that he can woo his college crush, a lovesick student named Luckee struggles between satisfying his heart and hormones."
s99,TV Show,Octonauts: Above & Beyond,Unknown,"Antonio Aakeel, Chipo Chung, Simon Foster, Teresa Gallagher, Simon Greenall, Kate Harbour, Paul Panting, Rob Rackstraw, William Vanderpuye, Helen Walsh, Keith Wickham, Andres Williams, Jo Wyatt",United Kingdom,"September 7, 2021",2021,TV-Y,1 Season,"British TV Shows, Kids' TV","The Octonauts expand their exploration beyond the sea — and onto land! With new rides and new friends, they'll protect any habitats and animals at risk."
s8229,Movie,The Brothers Grimm,Terry Gilliam,"Matt Damon, Heath Ledger, Monica Bellucci, Lena Headey, Peter Stormare, Jonathan Pryce, Roger Ashton-Griffiths, Richard Ridings, Mackenzie Crook, Julian Bleach, Tomás Hanák, Laura Greenwood","United States, Czech Republic, United Kingdom","July 1, 2019",2005,PG-13,119 min,"Action & Adventure, Sci-Fi & Fantasy","Brothers Jake and Will Grimm travel from village to village, posing as exterminators of magical creatures. But in reality, they're expert con artists."
s6833,Movie,Gemini,P.K. Baaburaaj,"Esther Anil, Sijoy Varghese, Renji Panicker, Thanusree Ghosh, Sasi Kalinga, Kishore Sathya, Sethu Lakshmi, Rosin Jolly",India,"July 1, 2018",2018,TV-PG,130 min,Dramas,"Despite growing up with traits that set her apart from her peers, a young adopted girl discovers her gift when she takes an interest in spelling bees."
s415,Movie,Chhota Bheem Aur Hanuman,Rajiv Chilaka,"Vatsal Dubey, Julie Tejwani, Rupa Bhimani, Jigna Bhardwaj, Rajesh Kava, Mousam, Swapnil",Unknown,"July 22, 2021",2012,TV-Y7,68 min,Children & Family Movies,"When two evil entities kidnap a princess in a plot to build a new kingdom, Bheem takes them on with the help of the courageous monkey god Hanuman."
s3533,Movie,Ee Nagaraniki Emaindi,Tharun Bhascker,"Vishwaksen Naidu, Sushanth Reddy, Abhinav Gomatam, Venkatesh Kakumanu, Anisha Ambrose, Simran Choudhary",India,"September 6, 2019",2018,TV-14,133 min,"Comedies, Independent Movies, International Movies","In Goa and in desperate need of cash, four childhood friends get another shot at making their long-abandoned dreams of becoming filmmakers come true."
s4252,TV Show,In Family We Trust,Unknown,"Songsit Roongnophakunsri, Saksit Tangtong, Kathaleeya McIntosh, Sopitnapa Choompanee, Apasiri Nitibhon, Phollawat Manuprasert, Nappon Gomarachun, Patravadi Mejudhon, Kejmanee Wattanasin, Supoj Chancharoen, Pimmara Charoenpakdee, Thanapob Leeratanakajorn, Kritsanapoom Pibulsonggram, Teeradon Supapunpinyo, Kongyingyong Chonlathorn, Lapat Ngamchaweng, Sivakorn Adulsuttikul, Paris Intarakomalyasut, Jackrin Kungwankiatichai, Vachirawich Aranthanawong, Sawanya Paisarnpayak, Kanyawee Songmuang, Pitisak Yaowananon, Chavalit Chittanant, Thaneth Warakulnukroh",Thailand,"December 29, 2018",2018,TV-MA,1 Season,"Crime TV Shows, International TV Shows, TV Dramas","When the head of the lucrative family business passes away, his will leaves the clan at extreme odds."
s187,TV Show,Hometown Cha-Cha-Cha,Unknown,"Shin Min-a, Kim Seon-ho, Lee Sang-yi, Gong Min-jeung, Kim Young-ok, Cho Han-cheul, In Gyo-jin, Lee Bong-ryeon, Cha Cheong-hwa, Kang Hyung-suk",Unknown,"August 29, 2021",2021,TV-14,1 Season,"International TV Shows, Romantic TV Shows, TV Comedies","A big-city dentist opens up a practice in a close-knit seaside village, home to a charming jack-of-all-trades who is her polar opposite in every way."
s208,Movie,Mission Istaanbul: Darr Ke Aagey Jeet Hai,Apoorva Lakhia,"Vivek Oberoi, Zayed Khan, Shriya Saran, Nikitin Dheer, Shabbir Ahluwalia, Sunil Shetty, Shweta Bhardwaj",India,"August 27, 2021",2008,TV-14,119 min,"Action & Adventure, International Movies, Music & Musicals",A television journalist makes a risky career move by accepting a job offer from a controversial Istanbul television station.
s2032,Movie,Cuties,Maïmouna Doucouré,"Fathia Youssouf, Médina El Aidi-Azouni, Esther Gohourou, Ilanah Cami-Goursolas, Myriam Hamma, Maïmouna Gueye, Mbissine Thérèse Diop, Demba Diaw, Mamadou Samaké",France,"September 9, 2020",2020,TV-MA,96 min,"Dramas, International Movies",Eleven-year-old Amy starts to rebel against her conservative family’s traditions when she becomes fascinated with a free-spirited dance crew.
s8279,Movie,The Devil We Know,"Stephanie Soechtig, Jeremy Seifert",Unknown,United States,"January 15, 2019",2018,TV-14,88 min,Documentaries,This documentary details DuPont's alleged decades-long cover-up of the potential harm caused by chemicals used to make popular Teflon products.
s3177,TV Show,Three Days of Christmas,Unknown,"Victoria Abril, Elena Anaya, Mar Ayala, Nerea Barros, Berta Castañé, Verónica Echegui, Verónica Forqué, Ángela Molina, Anna Moliner, Charo López, Mariona Pagès, Carla Tous, Carles Arquimbau, Manel Barceló, Nausicaa Bonnín, Alicia Borrachero, Antonio Dechent, Miquel Fernández, Francesc Garrido, Iván Morales, Susi Sánchez, David Solans",Spain,"December 6, 2019",2019,TV-MA,1 Season,"International TV Shows, Spanish-Language TV Shows, TV Dramas","Four sisters deal with family drama and secrets throughout three different time periods, all occurring on Christmas Day."
s7515,Movie,Mountain,Jennifer Peedom,Unknown,Australia,"October 1, 2018",2017,PG,74 min,"Action & Adventure, Documentaries, International Movies","Featuring breathtaking imagery and thought-provoking narration, this film takes viewers to the summits of some of the world’s most amazing mountains."
s2931,Movie,Love for Sale 2,Andibachtiar Yusuf,"Della Dartyan, Adipati Dolken, Ratna Riantiarno, Ariyo Wahab, Bastian Steel, Gading Marten, Putri Ayudya, Taskya Namya, Egi Fedly, Yayu Unru, Abdurrahman Arif",Indonesia,"February 10, 2020",2019,TV-14,96 min,"Dramas, International Movies, Romantic Movies","Exhausted with his mother’s failed attempts at setting him up with women, Ican hires an ideal partner from a matchmaking app."
s8734,Movie,White Island,Benjamin Turner,"Lyndon Ogbourne, Billy Zane, Billy Boyd, Joel Dommett, Elliot Gleave, Gala Gordon, Darren Day, Owain Arthur, Craig Gazey, Ben Cura",United Kingdom,"September 25, 2017",2016,TV-MA,91 min,"Comedies, Independent Movies, Thrillers","Returning to Ibiza after several years walking the straight and narrow in London, Connor falls back in with a criminal crowd. It's like he never left."
s4560,Movie,Anjaan,N. Linguswamy,"Suriya, Samantha Ruth Prabhu, Vidyut Jammwal, Manoj Bajpayee, Soori",India,"October 1, 2018",2014,TV-14,146 min,"Action & Adventure, Dramas, International Movies","Mild-mannered Krishna comes to Mumbai to search for his gang-leader brother, and quickly finds himself in way over his head."
s3387,Movie,Dancing with the Birds,Huw Cordey,Stephen Fry,United States,"October 23, 2019",2019,TV-PG,52 min,Documentaries,"From ruffling their majestic feathers to nailing im-peck-able courtship routines, birds in paradise flaunt their best moves in hopes of landing a mate."
s1154,Movie,Mandela: Long Walk to Freedom,Justin Chadwick,"Idris Elba, Naomie Harris, Tony Kgoroge, Riaad Moosa, Zolani Mkiva, Simo Mogwaza, Fana Mokoena, Thapelo Mokoena, Jamie Bartlett, Deon Lotz, Terry Pheto, Mark Elderkin","United Kingdom, South Africa, France","March 29, 2021",2013,PG-13,141 min,"Dramas, International Movies",This in-depth biopic portrays groundbreaking South African leader Nelson Mandela's fight against political oppression and virulent racism.
s4867,Movie,Carlos Ballarta: Furia Ñera,"Raúl Campos, Jan Suter",Carlos Ballarta,Mexico,"May 11, 2018",2018,TV-MA,63 min,Stand-Up Comedy,Mexican comic Carlos Ballarta mocks himself and points out the absurdities of parenthood and how he uses his wife's pregnancies to avoid commitments.
s6689,Movie,Emma' (Mother),Riri Riza,"Cut Mini Theo, Christoffer Nelwan, Arman Dewarti, Jajang C. Noer, Indah Permatasari, Dimi Cindyastira, Irmawati Jabbar, Andreuw Parinussa, Fanesa Kayla",Indonesia,"October 5, 2018",2016,TV-PG,74 min,"Dramas, International Movies","In 1950s Makassar, the life of a devoted mother is upended when another woman enters her husband's life."
s3836,TV Show,Easy,Unknown,"Aubrey Plaza, Judy Greer, Jane Adams, Zazie Beetz, Kate Berlant, Aya Cash, Michael Chernus, Kiersey Clemons, Orlando Bloom, Malin Akerman, Marc Maron, Dave Franco, Hannibal Buress, Jake Johnson, Emily Ratajkowski, Andrew Bachelor",United States,"May 10, 2019",2019,TV-MA,3 Seasons,"TV Comedies, TV Dramas","This eclectic, star-studded anthology follows diverse Chicagoans fumbling through the modern maze of love, sex, technology and culture."
s719,Movie,Life of Crime,Daniel Schechter,"Jennifer Aniston, Mos Def, Isla Fisher, Will Forte, Mark Boone Junior, Tim Robbins, John Hawkes, Clea Lewis, Charlie Tahan, Kevin Corrigan",United States,"June 15, 2021",2013,R,101 min,"Comedies, Independent Movies","After two small-time crooks kidnap and ransom a rich businessman's wife, they discover a flaw in their plan: Her cheating husband doesn't want her back."
s4029,TV Show,Into the Badlands,Unknown,"Daniel Wu, Emily Beecham, Sarah Bolger, Oliver Stark, Orla Brady, Ally Ioannides, Stephen Lang, Marton Csokas, Madeleine Mantock, Aramis Knight",United States,"March 10, 2019",2018,TV-MA,3 Seasons,TV Action & Adventure,"Dreaming of escaping to a distant city, a ferocious warrior and a mysterious boy tangle with territorial warlords and their highly trained killers."
s3124,Movie,Ronny Chieng: Asian Comedian Destroys America!,Sebastian DiNatale,Ronny Chieng,United States,"December 17, 2019",2019,TV-MA,63 min,Stand-Up Comedy,"Ronny Chieng (""The Daily Show,"" ""Crazy Rich Asians"") takes center stage in this stand-up special and riffs on modern American life and more."
s1940,Movie,Dedh Ishqiya,Abhishek Chaubey,"Naseeruddin Shah, Madhuri Dixit, Arshad Warsi, Huma Qureshi, Vijay Raaz, Manoj Pahwa, Salman Shahid",India,"September 28, 2020",2014,TV-14,146 min,"Comedies, Dramas, International Movies","After failing to win the heart of an aristocrat's widow, a thief plans to abduct her, only to discover that there are others with the same idea."
s8134,Movie,Survivors Guide to Prison,Matthew Cooke,Susan Sarandon,United States,"May 24, 2018",2017,TV-MA,103 min,Documentaries,"Former inmates, officers and celebrities critique the U.S. prison system in this documentary packaged as a how-to handbook for the incarcerated."
s4106,TV Show,Larry Charles' Dangerous World of Comedy,Unknown,Larry Charles,Unknown,"February 15, 2019",2019,TV-MA,1 Season,"Docuseries, TV Comedies","Legendary comedy writer and director Larry Charles travels the world in search of humor in the most unusual, unexpected and dangerous places."
s3085,TV Show,Rainbow Ruby,Unknown,"Alyssya Swales, Shannon Chan-Kent, Brian Drummond, Olivia Charles, Kate Higgins, Johnny Yong Bosch","South Korea, Canada, United States, China","December 31, 2019",2016,TV-Y,1 Season,Kids' TV,"Ruby makes magical journeys with her teddy bear Choco to Rainbow Village, where her toys come to life – and where there's always a problem to solve!"
s7543,Movie,My Little Pony Equestria Girls: Rainbow Rocks,"Jayson Thiessen, Ishi Rudell","Tara Strong, Ashleigh Ball, Andrea Libman, Tabitha St. Germain, Cathy Weseluck, Rebecca Shoichet, Maryke Hendrikse, Kazumi Evans, Diana Kaarina","United States, Canada","December 17, 2014",2014,TV-Y,73 min,"Children & Family Movies, Comedies","Rainbow Dash, Applejack, Pinkie Pie, Rarity and Fluttershy plan to perform with their new band at the Canterlot High musical showcase."
s233,TV Show,Wheel of Fortune,Unknown,"Pat Sajak, Vanna White",United States,"August 25, 2021",2019,TV-G,3 Seasons,Reality TV,"Pat Sajak and Vanna White host one of TV's most popular, long-running game shows, where players spin a wheel for prizes and solve mystery phrases."
s3931,Movie,The Silence,John R. Leonetti,"Stanley Tucci, Kiernan Shipka, Miranda Otto, Kate Trotter, John Corbett, Kyle Breitkopf, Dempsey Bryk, Billy MacLellan","Canada, Germany","April 10, 2019",2019,PG-13,91 min,"Horror Movies, Thrillers","With the world under attack by deadly creatures who hunt by sound, a teen and her family seek refuge outside the city and encounter a mysterious cult."
s5240,Movie,Franca: Chaos and Creation,Francesco Carrozzini,Unknown,"United States, Italy","October 1, 2017",2016,TV-MA,79 min,"Documentaries, International Movies","A documentary filmmaker chronicles the life and times of his mother, Franca Sozzani, the editor of Italian Vogue and a fashion-world provocateur."
s4312,TV Show,Voltron: Legendary Defender,Unknown,"Jeremy Shada, Tyler Labine, Bex Taylor-Klaus, Josh Keaton, Steven Yeun, Kimberly Brooks, Rhys Darby, A.J. LoCascio",United States,"December 14, 2018",2018,TV-Y7,8 Seasons,Kids' TV,"In an all-new series, five unlikely heroes and their flying robot lions unite to form the megapowerful Voltron and defend the universe from evil."
s7937,Movie,Sardaar ji,Rohit Jugraj,"Diljit Dosanjh, Neeru Bajwa, Mandy Takhar, Jaswinder Bhalla, Ali Kazmi, Anita Kailey, Daman Singh, Sanju Salonki, Amrit Pal, Jatinder Lall, Avy Randhawa",Canada,"December 1, 2017",2015,TV-14,140 min,"Comedies, International Movies, Music & Musicals","When a palatial wedding venue turns out to be haunted, one of the families hosting the wedding hires a fearless Sikh to deal with the ghost."
s4427,Movie,Barfi!,Anurag Basu,"Ranbir Kapoor, Priyanka Chopra, Ileana D'Cruz, Saurabh Shukla, Ashish Vidyarthi, Rupa Ganguly, Bholaraj Sapkota, Jishu Sengupta, Haradhan Bannerjee",India,"November 1, 2018",2012,TV-14,144 min,"Comedies, Dramas, International Movies","Years after rejecting Barfii, a hearing and speech impaired young man, for a more ""appropriate"" suitor, Shruti finds herself falling for him."
s3982,TV Show,Delhi Crime,Unknown,"Shefali Shah, Rajesh Tailang, Rasika Dugal, Adil Hussain, Vinod Sharawat, Mridul Sharma, Gopal Dutt Tiwari, Anurag Arora, Gaurav Rana, Yashaswini Dayama",India,"March 22, 2019",2019,TV-MA,1 Season,"Crime TV Shows, International TV Shows, TV Dramas","As Delhi reels in the aftermath of a gang rape, DCP Vartika Chaturvedi leads a painstaking search for the culprits. Based on the 2012 Nirbhaya case."
s101,TV Show,Tobot Galaxy Detectives,Unknown,"Austin Abell, Travis Turner, Cole Howard, Anna Cummer, Jesse Inocalla, Brian Dobson, Michael Adamthwaite, Joseph Girgis, Caitlyn Bairstow",Unknown,"September 7, 2021",2019,TV-Y7,2 Seasons,Kids' TV,"An intergalactic device transforms toy cars into robots: the Tobots! Working with friends to solve mysteries, they protect the world from evil."
s7932,Movie,Sanai Choughade,Rajeev Patil,"Shreyas Talpade, Subodh Bhave, Sai Tamhankar, Santosh Juvekar, Tushar Dalvi, Bharti Aacharekar",India,"January 1, 2018",2008,TV-14,122 min,"Comedies, Dramas, International Movies","In an effort to honor the family matriarch's dying wish, Urmila and her husband, Shrikant, embark on a quest to find a husband for charismatic yet choosey Sai. But some things are easier said than done."
s1923,TV Show,The Parkers,Unknown,"Mo'Nique, Countess Vaughn, Dorien Wilson, Jenna von Oÿ, Ken Lawson, Yvette Wilson",United States,"October 1, 2020",2003,TV-PG,5 Seasons,TV Comedies,"In this ""Moesha"" spinoff, undergraduate Kim is joined at Santa Monica College by her mother Nikki, who decides to go back to school with her daughter."
s7401,Movie,Mantostaan,Rahat Kazmi,"Raghuvir Yadav, Veerendra Saxena, Sonal Sehgal, Aaditya Pratap Singh, Rahat Kazmi, Raina Bassnet, Sakshi Bhat",India,"December 15, 2017",2017,TV-MA,75 min,"Dramas, Independent Movies, International Movies",Four stories by writer Sadaat Hasan Manto culminate in a single gruesome drama that's set during the partitioning of the Indian subcontinent.
s5330,Movie,Chocolate City: Vegas Strip,Jean-Claude La Marre,"Robert Ri'chard, Darrin Dewitt Henson, Ginuwine, Gilbert Saldivar, Keith Carlos, Michael Bolwaire, Willie Taylor, Michael Jai White, Vivica A. Fox, Mekhi Phifer",United States,"August 12, 2017",2017,TV-MA,90 min,Dramas,"The exotic dancers from Chocolate City get back together for a trip to Las Vegas and a chance at $500,000 in prize money."
s4094,Movie,Transformer,Michael Del Monte,Janae Marie Kroczaleski,Canada,"February 20, 2019",2017,TV-MA,79 min,"Documentaries, LGBTQ Movies",Powerlifter Matt Kroczaleski faced his greatest challenge when he came out as transgender. This documentary captures his transition into a woman.
s869,TV Show,The Magic School Bus,Unknown,"Lily Tomlin, Daniel DeSanto, Erica Luttrell, Maia Filar, Lisa Yamanaka, Tara Meyer, Stuart Stone, Malcolm-Jamal Warner, Danny Tamberelli","Canada, United States","May 19, 2021",1997,TV-Y,1 Season,Kids' TV,"Join Ms. Frizzle as the Magic School Bus travels to outer space, under the sea, through an anthill – and even inside the human body!"
s1957,Movie,Zulu Man in Japan,Unknown,Nasty C,Unknown,"September 25, 2020",2019,TV-MA,44 min,"Documentaries, International Movies, Music & Musicals","In this documentary, South African rapper Nasty C hits the stage and streets of Tokyo, introducing himself to the city's sights, sounds and culture."
s6837,TV Show,Gentlemen and Gangsters,Unknown,"David Dencik, Ruth Vega Fernandez, David Fukamachi Regnfors, Sverrir Gudnason, Andreas Kundler, Sven Nordin, Boman Oscarsson, Lars Green, Sebastian Sporsén, Amanda Ooms, Magnus Krepper, Peter Carlberg, Peter Bergared, Christopher Wagelin, Lars Helander, Emilie Jonsson",Sweden,"June 1, 2016",2016,TV-MA,1 Season,"Crime TV Shows, International TV Shows, Romantic TV Shows","Now on the run, a writer relates his previous year's escapades when he got sucked into the thrilling, sordid orbit of boxer and jazz man Henry Morgan."
s7766,TV Show,Power Rangers Jungle Fury,Unknown,"Jason Smith, Aljin Abella, Anna Hutchison, David de Lautour, Nikolai Nikolaeff, Sarah Thomson, Bede Skinner, Holly Shanahan, Kelson Henderson, Richard Simpson, Cameron Rhodes, Elisabeth Easther, Mark Wright, Derek Judge",United States,"January 1, 2016",2008,TV-Y7,1 Season,Kids' TV,The Power Rangers travel to California in search of their new master and find him running a pizza parlor – so they join the staff to be trained.
s2958,Movie,Hum Aapke Hain Koun,Sooraj R. Barjatya,"Madhuri Dixit, Salman Khan, Mohnish Bahl, Renuka Shahane, Anupam Kher, Reema Lagoo, Alok Nath, Bindu",India,"February 1, 2020",1994,TV-14,193 min,"Classic Movies, Dramas, International Movies","Although Nisha falls for Prem, she agrees to marry his older brother for the good of their families. But fate may have other plans for the lovebirds."
s1125,Movie,Maximum Risk,Ringo Lam,"Jean-Claude Van Damme, Natasha Henstridge, Jean-Hugues Anglade, Zach Grenier, Paul Ben-Victor, Frank Senger, Stéphane Audran",United States,"April 1, 2021",1996,R,101 min,Action & Adventure,"After discovering he's a twin when a look-alike turns up dead, a French cop assumes his brother's identity to uncover the truth and seek vengeance."
s8767,Movie,XXx,Rob Cohen,"Vin Diesel, Asia Argento, Marton Csokas, Samuel L. Jackson, Danny Trejo, Michael Roof, Tom Everett, Richy Müller, William Hope, Werner Daehn",United States,"January 1, 2019",2002,PG-13,124 min,"Action & Adventure, Sports Movies",A notorious underground rush-seeker deemed untouchable by the law is coerced into cooperating with the government to infiltrate a Russian crime ring.
s2845,Movie,Lil Peep: Everybody’s Everything,"Sebastian Jones, Ramez Silyan",Lil Peep,United States,"March 4, 2020",2019,TV-MA,116 min,"Documentaries, Music & Musicals","This intimate portrait depicts the rise of artist Lil Peep, whose genre-bending music attracted a massive following and ultimately defined his life."
s2696,Movie,The Main Event,Jay Karas,"Seth Carr, Tichina Arnold, Adam Pally, Ken Marino, Mike 'The Miz' Mizanin, Momona Tamada, Keith Lee, Babatunde Aiyegbusi, Kofi Kingston",United States,"April 10, 2020",2020,TV-G,103 min,"Children & Family Movies, Comedies, Sports Movies","Using special powers from a magical mask, a young WWE fan causes chaos when he enters a wrestling competition and fights an intimidating rival."
s554,TV Show,Mortel,Unknown,"Carl Malapa, Nemo Schiffman, Manon Bresch, Corentin Fila, Anaïs Thomas, Firmine Richard, Raphaëlle Agogué, Marvin Dubart, Léa Léviant, Assa Sylla, Stéphane Brel",France,"July 2, 2021",2019,TV-MA,2 Seasons,"Crime TV Shows, International TV Shows, TV Dramas","After making a deal with a supernatural figure, two high schoolers emerge with extraordinary powers and join forces to solve a murder."
s8139,Movie,Sweeney Todd: The Demon Barber of Fleet Street,Tim Burton,"Johnny Depp, Helena Bonham Carter, Alan Rickman, Timothy Spall, Sacha Baron Cohen, Jamie Campbell Bower, Laura Michelle Kelly, Jayne Wisener, Ed Sanders","United States, United Kingdom","January 1, 2020",2007,R,116 min,"Dramas, Horror Movies, Music & Musicals","After being falsely imprisoned, a vengeful murderer covers his tracks by enlisting the help of a baker whose meat pies become the toast of London."
s1904,Movie,An Ordinary Man,Brad Silberling,"Ben Kingsley, Hera Hilmar, Peter Serafinowicz","Serbia, United States","October 1, 2020",2017,R,91 min,"Dramas, Thrillers","A war criminal in hiding begins to suspect that the maid, his only confidant and contact with the outside world, may be hiding something herself."
s4886,Movie,Ajji,Devashish Makhija,"Sushama Deshpande, Abhishek Banerjee, Smita Tambe, Sharvani Suryavanshi, Vikas Kumar, Sadiya Siddiqui, Sudhir Pandey, Manuj Sharma",India,"May 1, 2018",2017,TV-MA,105 min,"Dramas, International Movies","When her small granddaughter is sexually assaulted by a powerful man and no justice is served, a poor, frail old woman plots her violent revenge."
s8207,TV Show,The Beat,Unknown,"Henley Hii, Yise Loo, Aric Ho, Tiffany Leong, Issac Dang, Christy Yow",Unknown,"September 18, 2017",2012,TV-MA,1 Season,"International TV Shows, TV Dramas","The artistic pursuits of two childhood friends, an aspiring singer and a talented dancer, lead them to four other 20-somethings in a drumming group."
s5817,Movie,Jim Gaffigan: King Baby,Troy Miller,Jim Gaffigan,United States,"August 11, 2016",2009,TV-PG,71 min,Stand-Up Comedy,"Jim Gaffigan offers up his take on bacon, bowling and other weighty topics in this stand-up performance filmed live in Austin on his 2008 comedy tour."
s2602,Movie,Rich in Love,Bruno Garotti,"Danilo Mesquita, Giovanna Lancellotti, Jaffar Bambirra, Lellê, Ernani Moraes, Gillray Coutinho, Jeniffer Dias, Bruna Griphao, Fernanda Paes Leme",Brazil,"April 30, 2020",2020,TV-14,105 min,"Comedies, International Movies, Romantic Movies","Rich kid Teto is determined to prove himself to Paula, his love interest. But when he tells her he grew up poor, the lie spins out of control."
s8598,Movie,To Be a Miss,"Edward Ellis, Flor Salcedo, Aaron Woolf",Unknown,"United States, Venezuela","January 1, 2017",2016,TV-14,84 min,Documentaries,Explore how the media and nationalism have fueled Venezuela's passion for physical appearance and the multibillion-dollar beauty pageant industry.
s1578,Movie,Emicida: AmarElo - It’s All For Yesterday,Unknown,Emicida,Brazil,"December 8, 2020",2020,TV-MA,90 min,"Documentaries, International Movies, Music & Musicals","Between scenes from his concert in São Paulo's Theatro Municipal, rapper and activist Emicida celebrates the rich legacy of Black Brazilian culture."
s997,Movie,HOMUNCULUS,Takashi Shimizu,"Go Ayano, Ryo Narita, Yukino Kishii, Anna Ishii, Seiyo Uchino",Japan,"April 22, 2021",2021,TV-MA,116 min,"Horror Movies, International Movies, Thrillers",Truth and illusion blurs when a homeless amnesiac awakens from an experimental medical procedure with the ability to see people's innermost traumas.
s2789,TV Show,Dino Girl Gauko,Unknown,"Naoko Matsui, Hiroshi Kamiya, Kazue Ikura, Chafurin, Chie Kojiro, Mari Mashiba, Ryoko Shiraishi, Hidekatsu Shibata, Tadashi Miyazawa, Sonosuke Hattori, Karen, Yui Toita, Izu Konishi, Eri Ozaki, Risa Nakamura, Tomoyo Chujo, Takuro Hijioka, Sawako Yoshida, Chika Okubo, Yuri Fujiwara, Tomomi Yamakawa, Hikaru Yuki, Miyako Kobayashi, Mutsuki Arisawa, Koharu Nogata, Tomoka Kuzutani, Madoka Yokoyama, Madoka Hiraide, Ayako Takamura, Yuki Arimoto, Yuto Kazama, Arisa Takami, Chika Sakamoto","United States, Japan","March 20, 2020",2020,TV-Y7,2 Seasons,"Anime Series, Kids' TV","When she gets angry, middle schooler Naoko turns into fierce dinosaur Gauko! Thanks to friends, aliens and more, her life is full of wacky incidents."
s2846,Movie,The Death of Mr. Lazarescu,Cristi Puiu,"Monica Bârlădeanu, Ion Fiscuteanu, Doru Ana, Dragos Bucur, Gabriel Spahiu, Dan Chiriac, Luminita Gheorghiu, Alina Berzunteanu, Dana Dogaru, Mimi Brănescu",Romania,"March 4, 2020",2005,R,154 min,"Dramas, International Movies","The plot of Romanian director Cristi Puiu's real-time drama is simple, following the travails of an ailing old man who waits for his illness to overtake him as a weary paramedic shuttles him between hospitals."
s978,Movie,Dedemin Fisi,Meltem Bozoflu,"Onur Buldu, Alper Kul, Erdem Yener, Onur Atilla, Özge Borak, Doğa Rutkay, Meltem Yılmazkaya, İrem Sak",Turkey,"April 23, 2021",2016,TV-14,101 min,"Comedies, International Movies","When a brain-dead family patriarch is about to be taken off life support, his extended family gathers round and plots to see who'll get his money."
s3508,Movie,Travel Mates 2,Bedran Güzel,"Oğuzhan Koç, İbrahim Büyükak, Ezgi Eyüboğlu, Olgun Toker, Kadir Polatçi, Aycan Koptur, Bahar Şahin, Kıvanç Baran Arslan",Turkey,"September 20, 2019",2018,TV-MA,111 min,"Comedies, International Movies","When struggling singer Onur decides to return to his old job, incurable klutz Şeref organizes a surprise tour full of pitfalls and mishaps."
s1750,Movie,Christmas Break-In,Michael Kampa,"Danny Glover, Denise Richards, Cameron Seely, Sean O'Bryan, Katrina Begin, Jake Van Wagoner, Douglas Spain, Dawson Ehlke",United States,"November 1, 2020",2019,TV-PG,87 min,"Children & Family Movies, Comedies","Stranded at school before holiday break, a precocious girl gets into the spirit of saving when a trio of robbers trespass and hold the janitor hostage."
s7392,Movie,Man Up,Ben Palmer,"Lake Bell, Simon Pegg, Ophelia Lovibond, Olivia Williams, Rory Kinnear, Henry Lloyd-Hughes, Ken Stott, Sharon Horgan, Harriet Walter, Stephen Campbell Moore, Dean-Charles Chapman, Phoebe Waller-Bridge","United Kingdom, France","September 4, 2018",2015,R,88 min,"Comedies, International Movies, Romantic Movies","A single woman seizes an opportunity when, while standing under a train station clock, she meets a stranger who mistakes her for his blind date."
s4983,Movie,In This Corner of the World,Sunao Katabuchi,"Non, Yoshimasa Hosoya, Natsuki Inaba, Minori Omi, Daisuke Ono, Megumi Han, Nanase Iwai, Shigeru Ushiyama, Mayumi Shintani",Japan,"March 15, 2018",2016,PG-13,129 min,"Anime Features, Children & Family Movies, International Movies","Suzu marries into a family living outside of Hiroshima and quickly settles into her new life, until World War II challenges her ability to survive."
s8416,Movie,The Matrix Reloaded,"Lilly Wachowski, Lana Wachowski","Keanu Reeves, Laurence Fishburne, Carrie-Anne Moss, Hugo Weaving, Jada Pinkett Smith, Gloria Foster, Harold Perrineau, Monica Bellucci, Harry Lennix, Lambert Wilson, Randall Duk Kim, Nona Gaye",United States,"November 1, 2019",2003,R,138 min,"Action & Adventure, Sci-Fi & Fantasy","The crew must protect Zion, the last outpost still under human control, after it is pinpointed by the machines responsible for the Matrix."
s522,TV Show,Kim's Convenience,Unknown,"Paul Sun-Hyung Lee, Jean Yoon, Andrea Bang, Simu Liu, Andrew Phung, Nicole Power",Canada,"July 6, 2021",2021,TV-MA,5 Seasons,"International TV Shows, TV Comedies","While running a convenience store in Toronto, members of a Korean-Canadian family deal with customers, each other and the evolving world around them."
s1531,TV Show,Schulz Saves America,Alexx Media,Andrew Schulz,United States,"December 17, 2020",2020,TV-MA,1 Season,"Stand-Up Comedy & Talk Shows, TV Comedies",Comedian Andrew Schulz takes on the year's most divisive topics in this fearlessly unfiltered and irreverent four-part special.
s2211,Movie,Offering to the Storm,Fernando González Molina,"Marta Etura, Leonardo Sbaraglia, Carlos Librado ""Nene"", Francesc Orella, Imanol Arias, Álvaro Cervantes, Itziar Aizpuru, Benn Northover, Marta Larralde, Alicia Sánchez, Eduardo Rosa, Angel Alkain, Ana Wagener, Paco Tous, Patricia López Arnaiz, Pedro Casablanc","Spain, Germany","July 24, 2020",2020,TV-MA,140 min,"International Movies, Thrillers","Amaia investigates several suspicious infant deaths and horrific rituals. Meanwhile, people around her risk grave danger. Part 3 in the Baztan Trilogy."
s7024,Movie,Humko Deewana Kar Gaye,Raj Kanwar,"Akshay Kumar, Katrina Kaif, Bipasha Basu, Bhagyashree, Shernaz Patel, Vivek Shaq, Mahesh Thakur, Ranjeet, Nina Kulkarni, Puneet Issar, Anju Mahendru, Manoj Joshi, Anil Kapoor",India,"October 22, 2017",2006,TV-PG,149 min,"International Movies, Music & Musicals, Romantic Movies",Two kindred spirits who are betrothed to others must decide whether to go through with arranged marriages or brush aside convention for true love.
s949,Movie,Swiped,Ann Deborah Fishman,"Kendall Ryan Sanders, Noah Centineo, Nathan Gamble, Kristen Johnston, Leigh-Allyn Baker, Christian Hutcherson, Shelby Wulfert, Steve Daron, Kalani Hilliker, Maddy Curley, George Hamilton",United States,"May 1, 2021",2018,TV-14,94 min,Comedies,"When two college roommates develop a discreet hookup app, casual affairs – and complications – soon run rampant on campus."
s7474,Movie,Mission: Destroy Love,Osman Ali,"Bront Palarae, Maya Karin, Remy Ishak, Izara Aishah, Azad Jazmin, Dira Abu Zahar, Zarina Zainuddin",Malaysia,"August 7, 2017",2014,TV-PG,93 min,"Comedies, International Movies, Romantic Movies",Two strangers meet by chance on a trip to Thailand and form a connection when they realize their former romantic partners ended up getting together.
s7728,Movie,Perfect Bid: The Contestant Who Knew Too Much,C.J. Wallis,Theodore Slauson,Canada,"April 30, 2019",2017,TV-MA,72 min,Documentaries,"A ""Price Is Right"" superfan brings a bit of scandal to the long-running show by figuring out the answers to the questions before they're asked."
s3195,Movie,Iron Fists and Kung-Fu Kicks,Serge Ou,Unknown,Australia,"December 1, 2019",2019,TV-MA,108 min,"Documentaries, International Movies",This documentary examines the influence of Hong Kong's martial arts cinema on filmmaking from the Shaw Brothers to modern-day Hollywood blockbusters.
s7607,Movie,NOVA: Eclipse Over America,Martin Gorst,Unknown,United States,"July 1, 2019",2017,TV-G,53 min,Documentaries,"Scientists reveal how the 2017 solar eclipse provided new clues into how the sun works, from its scorching atmosphere to its deadly solar storms."
s3849,TV Show,Cinta Teruna Kimchi,Unknown,"Nazim Othman, Johan As'ari, Nur Risteena, Niena Baharun",Unknown,"May 8, 2019",2016,TV-PG,1 Season,"International TV Shows, TV Dramas","When a young man determines to discover his father's true identity, he faces unexpected realizations that shake his sense of self."
s1834,Movie,ParaNorman,"Sam Fell, Chris Butler","Kodi Smit-McPhee, Tucker Albrizzi, Anna Kendrick, Casey Affleck, Christopher Mintz-Plasse, Leslie Mann, Jeff Garlin, Elaine Stritch, Bernard Hill, Jodelle Ferland, Tempestt Bledsoe, Alex Borstein, John Goodman",United States,"October 18, 2020",2012,PG,93 min,"Children & Family Movies, Comedies","When an army of zombies invades a small town, it's up to an odd local boy with a knack for communicating with the dead to save the day."
s60,Movie,Naruto Shippuden: The Movie,Hajime Kamegaki,"Junko Takeuchi, Chie Nakamura, Yoichi Masukawa, Koichi Tochika, Ayumi Fujimura, Keisuke Oda, Daisuke Kishio, Fumiko Orikasa, Hidetoshi Nakamura, Tetsuya Kakihara, Kisho Taniyama, Miyuki Sawashiro, Katsuyuki Konishi, Masako Katsuki, Keiko Nemoto, Masashi Ebara, Kazuhiko Inoue, Showtaro Morikubo, Romi Park, Daisuke Ono, Seizo Kato",Japan,"September 15, 2021",2007,TV-PG,95 min,"Action & Adventure, Anime Features, International Movies","The adventures of adolescent ninja Naruto Uzumaki continue as he's tasked with protecting a priestess from a demon – but to do so, he must die."
s7201,Movie,Kill Hitler! The Luck of the Devil,Frédéric Tonolli,Jean-Baptiste Marcenac,France,"May 1, 2019",2015,TV-14,53 min,"Documentaries, International Movies","From politicians to officers, many attempted to kill Hitler – and failed. This documentary delves into the details of how their plots unraveled."
s4833,TV Show,True: Wonderful Wishes,Unknown,"Michela Luci, Jamie Watson, Anna Claire Bartlam, Dante Zee, Eric Peterson",Unknown,"June 15, 2018",2018,TV-Y,1 Season,Kids' TV,Do-gooding True and Bartleby will go anywhere to make wishes come true – from the bottom of the Living Sea to the tip of Mount Tippy Tippy Top!
s2131,Movie,Nigerian Prince,Faraday Okoro,"Antonio Bell, Chinaza Uche, Tina Mba, Bimbo Manuel, Toyin Oshinaike, Craig Stott, Ebbe Bassey, Cristabel Goddy, Omar Maskati, Russell G. Jones, Dean Cameron","United States, Nigeria","August 14, 2020",2018,TV-MA,104 min,"Dramas, Independent Movies","When a stubborn American teenager is sent to Nigeria by his mother, his cousin's scamming business becomes a viable option for securing a return flight."
s5305,Movie,Mujrim,Umesh Mehra,"Mithun Chakraborty, Madhuri Dixit, Suresh Oberoi, Shakti Kapoor, Pallavi Joshi, Gulshan Grover, Amrish Puri, Nutan, Jagdeep, Sharat Saxena",India,"September 1, 2017",1989,TV-14,163 min,"Action & Adventure, Dramas, International Movies","Jailed as a teenager, Shankar has been unable to stay on the right side of the law ever since, despite his wife's pleas and his mother's rejection."
s8226,Movie,The Breadwinner,Nora Twomey,"Saara Chaudry, Soma Chhaya, Ali Badshah, Soma Bhatia, Shaista Latif, Laara Sadiq, Kawa Ada, Noorin Gulamgaus","Ireland, Canada, Luxembourg, United States, United Kingdom, Philippines, India","February 20, 2018",2017,PG-13,93 min,"Children & Family Movies, Dramas, International Movies",A courageous 11-year-old Afghan girl disguises herself as a boy and takes on odd jobs to provide for her family when her father is arrested.
s2388,Movie,4th Republic,Ishaya Bako,"Kate Henshaw-Nuttal, Enyinna Nwigwe, Linda Ejiofor, Yakubu Mohammed, Bimbo Manuel, Sani Mu’azu, Emil Hirai-Garuba, Rekiya Ibrahim Atta",Nigeria,"June 13, 2020",2019,TV-MA,120 min,"Dramas, International Movies, Thrillers","After the election-night murder of her campaign manager at a polling site, a gubernatorial candidate challenges the corrupt incumbent's victory."
s6486,Movie,Chupke Chupke,Hrishikesh Mukherjee,"Dharmendra, Sharmila Tagore, Amitabh Bachchan, Jaya Bhaduri, Om Prakash, Asrani, David Abraham, Usha Kiran, Lily Chakravarty, Keshto Mukherjee",India,"December 31, 2019",1975,TV-PG,127 min,"Classic Movies, Comedies, International Movies","Jealous of the high regard in which his new wife holds their brother-in-law, a botany professor stages an elaborate prank that will even the score."
s7396,Movie,Manglehorn,David Gordon Green,"Al Pacino, Holly Hunter, Harmony Korine, Chris Messina, Skylar Gasper, Brian D. Mays, Herculano Trevino, Angela Woods",United States,"April 16, 2017",2014,PG-13,97 min,"Dramas, Independent Movies",A reclusive small-town locksmith who can't stop writing letters to a lost love meets a kindly bank teller who challenges him to look to the future.
s7996,Movie,Shanghai,Dibakar Banerjee,"Emraan Hashmi, Abhay Deol, Prasenjit Chatterjee, Kalki Koechlin, Supriya Pathak, Tillotama Shome, Anant Jog, Pitobash, Farooq Shaikh, Arvind Goswami",India,"March 1, 2018",2012,TV-14,109 min,"Dramas, Independent Movies, International Movies",Three disparate characters uncover government corruption as a small Indian town receives an influx of foreign money to turn it into the next Shanghai.
s2592,Movie,The Half Of It,Alice Wu,"Leah Lewis, Daniel Diemer, Alexxis Lemire, Wolfgang Novogratz, Collin Chou, Becky Ann Baker, Enrique Murciano, Macintyre Dixon, Catherine Curtin",United States,"May 1, 2020",2020,PG-13,105 min,"Comedies, Dramas, LGBTQ Movies","When smart but cash-strapped teen Ellie Chu agrees to write a love letter for a jock, she doesn't expect to become his friend — or fall for his crush."
s4163,TV Show,A Taiwanese Tale of Two Cities,Unknown,"Tammy Chen, James Wen, Peggy Tseng, Denny Huang",Taiwan,"January 27, 2019",2018,TV-MA,1 Season,"International TV Shows, TV Dramas","A Taipei doctor and a San Francisco engineer swap homes in a daring pact, embarking on journeys filled with trials, secrets and unexpected encounters."
s4885,Movie,Jailbreak,Jimmy Henderson,"Jean-Paul Ly, Dara Our, Tharoth Sam, Dara Phang, Celine Tran, Savin Phillip, Sok Visal",Cambodia,"May 2, 2018",2017,TV-MA,92 min,"Action & Adventure, International Movies",Four cops escorting a mobster to a high-security prison fight for survival when a gang boss orchestrates a riot from outside to silence their charge.
s1400,Movie,Radium Girls,"Lydia Dean Pilcher, Ginny Mohler","Joey King, Abby Quinn, Cara Seymour, Scott Shepherd, Susan Heyward, Neal Huff, Collin Kelly-Sordelet, John Bedford Lloyd, Joe Grifasi, Colby Minifie",United States,"January 16, 2021",2018,TV-14,103 min,"Dramas, Independent Movies","When the women at a radium factory begin to fall gravely and inexplicably ill, Bessie and her co-workers set out to expose a corporate cover-up."
s8673,Movie,Veerey Ki Wedding,Ashu Trikha,"Pulkit Samrat, Yuvika Chaudhry, Jimmy Shergill, Supriya Karnik, Kriti Kharbanda, Satish Kaushik",India,"December 31, 2019",2018,TV-14,130 min,"Comedies, Dramas, International Movies","Quick to throw punches in the name of justice, a young man must find a calmer way to win over the pacifist father of the girl he wishes to marry."
s5856,TV Show,Justin Time,Unknown,"Gage Munroe, Scott McCord, Jenna Warren",Canada,"April 1, 2016",2012,TV-Y,2 Seasons,Kids' TV,"In Justin's dreams, he and his imaginary friends Olive and Squidgy travel around the world learning about nature and other cultures."
s3963,Movie,15 August,Swapnaneel Jayakar,"Rahul Pethe, Mrunmayee Deshpande, Adinath Kothare, Vaibhav Mangale, Jaywant Wadkar, Satish Pulekar, Naina Apte, Uday Tikekar",India,"March 29, 2019",2019,TV-14,124 min,"Comedies, Dramas, Independent Movies","On India's Independence Day, a zany mishap in a Mumbai chawl disrupts a young love story while compelling the residents to unite in aid of a little boy."
s6696,TV Show,Encounters with Evil,Unknown,Richard Lintern,United Kingdom,"July 12, 2019",2016,TV-14,1 Season,"British TV Shows, Crime TV Shows, Docuseries","This documentary series tries to get at the root of some of the most heinous crimes ever committed by deranged, cold-blooded criminals."
s3700,Movie,Romeo Akbar Walter,Robbie Grewal,"John Abraham, Jackie Shroff, Mouni Roy, Sikander Kher, Raghuvir Yadav, Alka Amin, Rajesh Shringarpure, Anil George",India,"June 30, 2019",2019,TV-14,141 min,"Dramas, International Movies, Thrillers","In 1971, a fallen army major’s son is tapped by India's Research and Analysis Wing to serve as an undercover agent in Pakistan in the lead-up to war."
s2088,Movie,Santana,"Chris Roland, Maradona Dias Dos Santos","Paulo Americano, Raul Rosario, Rapulana Seiphemo, David O'Hara, Hakeem Kae-Kazim, Neide Vieira, Cigano Satyohamba, Nompilo Gwala","South Africa, Angola","August 28, 2020",2020,TV-MA,107 min,"Action & Adventure, International Movies",Two brothers — one a narcotics agent and the other a general — finally discover the identity of the drug lord who murdered their parents decades ago.
s3510,Movie,Kabir Singh,Sandeep Reddy Vanga,"Shahid Kapoor, Kiara Advani, Suresh Oberoi, Arjan Bajwa, Adil Hussain, Nikita Dutta, Kamini Kaushal, Anurag Arora",India,"September 19, 2019",2019,TV-MA,171 min,"Dramas, International Movies, Romantic Movies","An exalted but short-fused surgeon plunges into a spiral of drugs, alcohol and rage after his intense relationship with his girlfriend turbulently ends."
s6335,Movie,Blockbuster,July Hygreck,"Syrus Shahidi, Lionel Abelanski, Charlotte Gabris, Tom Hygreck, Sylvain Quimene, Laura Boujenah, Foed Amara",France,"January 24, 2018",2017,TV-MA,85 min,"Comedies, Independent Movies, International Movies","Dumped over a video he made to amuse his ailing dad, a heartsick Jérémy hatches an elaborate scheme to win back his superhero-loving girlfriend, Lola."
s6356,Movie,Bombshell: The Hedy Lamarr Story,Alexandra Dean,Hedy Lamarr,United States,"May 31, 2018",2017,TV-14,89 min,Documentaries,"An unearthed audio interview of Hollywood icon Hedy Lamarr reveals a woman with brains as well as beauty, who was the first to patent frequency hopping."
s1818,Movie,Beirut Oh Beirut,Maroun Baghdadi,"Ezzat El Alaily, Mireille Maalouf, Joseph Bou Nassar, Elie Adabachi, Philippe Akiki, Ahmed Al Zein",Lebanon,"October 19, 2020",1975,TV-14,106 min,"Classic Movies, Dramas, International Movies","In the aftermath of the 1967 Arab-Israeli War, four young Lebanese navigate their existence along rapidly transforming political lines."
s1047,Movie,Only Mine,Michael Civille,"Amber Midthunder, Brett Zimmerman, Chris Browning, Walter Fauntleroy, Claudia Ferri, Lorenzo James Henrie, Ellen Wroe, Ashley Holliday Tavares, Nancy Linehan Charles, Jonna Walsh",United States,"April 15, 2021",2019,TV-14,88 min,Thrillers,"After dating a charming cop who turns into an obsessive stalker, a small-town girl must save herself from his deadly ways."
s79,Movie,Tughlaq Durbar,Delhiprasad Deenadayalan,"Vijay Sethupathi, Parthiban, Raashi Khanna",Unknown,"September 11, 2021",2020,TV-14,145 min,"Comedies, Dramas, International Movies",A budding politician has devious plans to rise in the ranks — until an unexpected new presence begins to interfere with his every crooked move.
s4759,TV Show,Amazing Interiors,Unknown,Unknown,United Kingdom,"July 20, 2018",2018,TV-PG,1 Season,"British TV Shows, International TV Shows, Reality TV","Meet eccentric homeowners whose seemingly ordinary spaces are full of surprises, from a backyard roller coaster to an indoor aquarium."
s1858,Movie,The Three Deaths of Marisela Escobedo,Carlos Pérez Osorio,Unknown,Mexico,"October 14, 2020",2020,TV-MA,110 min,"Documentaries, International Movies",This documentary examines a mother's tireless crusade to jail her daughter's murderer after Mexico's justice system failed to do so.
s1341,Movie,Little Big Women,Joseph Hsu,"Chen Shu-fang, Hsieh Ying-xuan, Vivian Hsu, Sun Ke-fang, Ding Ning, Buffy Chen, Chang Han, Lung Shao-hua, Honduras, Weber Yang, Sara Yu, Janine Chang",Taiwan,"February 5, 2021",2020,TV-14,123 min,"Dramas, International Movies",A family grapples with the passing of their estranged father and the remnants of the life he led during his absence.
s4846,TV Show,Arrested Development,Unknown,"Jason Bateman, Portia de Rossi, Will Arnett, Michael Cera, Alia Shawkat, Tony Hale, David Cross, Jeffrey Tambor, Jessica Walter, Ron Howard",United States,"May 29, 2018",2019,TV-MA,5 Seasons,TV Comedies,"It's the Emmy-winning story of a wealthy family that lost everything, and the one son who had no choice but to keep them all together."
s5026,Movie,Veronica,Paco Plaza,"Sandra Escacena, Claudia Placer, Bruna González, Iván Chavero, Ana Torrent, Consuelo Trujillo",Spain,"February 25, 2018",2017,TV-MA,105 min,"Horror Movies, International Movies, Thrillers","In 1991 Madrid, after holding a séance at school, a teen girl minding her younger siblings at home suspects an evil force has entered their apartment."
s6086,Movie,Across the Universe,Julie Taymor,"Evan Rachel Wood, Jim Sturgess, Joe Anderson, Dana Fuchs, Martin Luther, James Urbaniak, T.V. Carpio, Spencer Liff","United States, United Kingdom","January 1, 2019",2007,PG-13,133 min,"Dramas, Music & Musicals, Romantic Movies","An American girl and a British lad fall in love amid the social and political upheaval of the 1960s, in this musical featuring songs by the Beatles."
s5218,Movie,Lucknow Central,Ranjit Tiwari,"Farhan Akhtar, Diana Penty, Ronit Roy, Gippy Grewal, Deepak Dobriyal, Inaamulhaq, Rajesh Sharma",India,"October 16, 2017",2017,TV-14,144 min,"Dramas, International Movies, Music & Musicals","After being arrested for a crime he didn't commit, an aspiring musician teams up with some of his inmates at Lucknow Central to form a band."
s198,TV Show,I Heart Arlo,Unknown,"Michael J. Woodard, Mary Lambert, Jonathan Van Ness, Haley Tju, Brett Gelman, Tony Hale, Vincent Rodriguez III, Annie Potts, Jessica Williams, Melissa Villaseñor, Cathy Vu, Jennifer Coolidge, Flea",Unknown,"August 27, 2021",2021,TV-Y7,1 Season,"Kids' TV, TV Comedies",It's a whole new world for Arlo and his one-of-a kind pals when they set out to restore a run-down New York City neighborhood — and make it their own.
s7593,Movie,No Reservations,Scott Hicks,"Catherine Zeta-Jones, Aaron Eckhart, Abigail Breslin, Patricia Clarkson, Jenny Wade, Bob Balaban, Brían F. O'Byrne, Lily Rabe",United States,"October 1, 2019",2007,PG,104 min,"Comedies, Romantic Movies","Kate, an uptight chef, finds her life turned upside down when her sister dies in a car accident and she becomes her niece's sole guardian."
s3345,TV Show,The Boulet Brothers Dragula,Unknown,Boulet Brothers,United States,"November 1, 2019",2019,TV-MA,2 Seasons,Reality TV,"Ten queens must slay the competition and put their fiercest, filthiest faces forward for the chance to be crowned the world's next drag supermonster."
s6818,Movie,Furthest Witness,Adam Del Giudice,"Aaron Stanford, Teri Reeves, Sean Patrick Flanery, Forrest Fyre, Steven Michael Quezada, Paul Blott, Travis Hammer, Ryan Begay, Jermaine Washington, Vincent McDaniel","United States, United Kingdom","April 24, 2019",2017,TV-MA,88 min,"Dramas, Thrillers","Kyle helps people disappear, but when a crazed killer starts hunting down his latest client, he has to decide what he's willing to do to keep her safe."
s8193,Movie,The Ant's Scream,Sameh Abdulaziz,"Amr Abdel-Geleel, Rania Yousef, Salloum Haddad, Hesham Al-Meligy, Farida Al-Gready, Ahmad Wafiq, Mohamed Abo El Hassan, Amr Sakr, Ahmed Gamal Saeed, Riham Ayman",Egypt,"June 13, 2019",2010,TV-14,108 min,"Comedies, Dramas, International Movies","Released after being wrongly imprisoned in Iraq, an Egyptian contractor returns home to a country on the brink of revolution."
s6544,Movie,"Crouching Tiger, Hidden Dragon",Ang Lee,"Chow Yun Fat, Michelle Yeoh, Zhang Ziyi, Chang Chen, Lung Hsiung, Cheng Pei-pei, Fa Zeng Li, Xian Gao, Yan Hai, De Ming Wang","Taiwan, Hong Kong, United States, China","March 1, 2019",2000,PG-13,120 min,"Action & Adventure, International Movies, Romantic Movies",A young woman in ancient China longs for an adventurous life rather than a dull arranged marriage in Ang Lee's Oscar-winning martial arts epic.
s3716,Movie,Mike Epps: Only One Mike,Kevin Bray,Mike Epps,United States,"June 25, 2019",2019,TV-MA,63 min,Stand-Up Comedy,"In a raw stand-up comedy special, Mike Epps mixes it up as he tackles sexual misconduct, special ed, aging body parts and much more."
s1539,TV Show,Marvel Anime: Wolverine,Unknown,"Rikiya Koyama, Romi Park, Fumiko Orikasa, Hidekatsu Shibata, Kazuki Yao, Masato Hagiwara","United States, Japan","December 16, 2020",2011,TV-14,1 Season,"Anime Series, International TV Shows","Logan, aka mutant X-Man Wolverine, is on a quest to reclaim the love of his life – whose crime lord father is planning an arranged marriage for her."
s1693,TV Show,America's Next Top Model,Unknown,Tyra Banks,United States,"November 15, 2020",2013,TV-14,2 Seasons,Reality TV,Supermodel Tyra Banks created and executive-produced this reality series that chronicles the transformation of young women into potential supermodels.
s6579,Movie,Deadly Scholars,Danny J. Boyle,"Kennedy Lea Slocum, Corey Fogelmanis, Alexa Mansour, Peyton Clark, Sheryl Lee, Sherri Saum, Eric Stanton Betts, Paris Berelc, Pedro Correa, Alissa Latow",United States,"February 15, 2019",2018,TV-14,86 min,"Dramas, Thrillers","After a series of strange deaths, a high school reporter tries to pin down the killer who's targeting students eligible for a prestigious scholarship."
s3430,Movie,Fractured,Brad Anderson,"Sam Worthington, Lily Rabe, Stephen Tobolowsky, Adjoa Andoh, Lucy Capri, Lauren Cochrane, Shane Dean",United States,"October 11, 2019",2019,TV-MA,100 min,Thrillers,"After his wife and injured daughter disappear from an ER, a man conducts a panicked search and becomes convinced the hospital is hiding something."
s634,Movie,Into the Wind,Sofie Šustková,"Vladimír Polívka, Jenovéfa Boková, Matyáš Řezníček",Unknown,"June 26, 2021",2018,TV-MA,76 min,"Dramas, Independent Movies, International Movies",Two siblings set sail as a crew on a yacht on the Aegean Sea. Circumstances soon change when a young documentary filmmaker comes aboard.
s823,Movie,The Wind,Emma Tammi,"Caitlin Gerard, Julia Goldani Telles, Ashley Zukerman, Miles Anderson, Dylan McTee",United States,"June 2, 2021",2019,R,88 min,Horror Movies,"Isolated on a wind-ravaged 19th-century homestead, a frontierswoman begins to suspect that evil lurks in the terrifying emptiness all around her."
s8026,Movie,Singularity,Robert Kouba,"Julian Schaffner, John Cusack, Jeannine Wacker, Carmen Argenziano, Eileen Grubba, Pavlo Bubryak","Switzerland, United States","June 1, 2018",2017,PG-13,92 min,"Action & Adventure, Dramas, Sci-Fi & Fantasy","Nearly a century after artificial intelligence tried to eradicate people from Earth, two survivors search for a human enclave rumored to still exist."
s8644,Movie,Twice,Hidetaka Inazuka,Stuart Varnam-Atkin,"Japan, United States","December 31, 2017",2010,TV-14,53 min,"Documentaries, International Movies","This documentary reenacts the experiences of late activist Tsutomu Yamaguchi, a survivor of both atomic bombings on Japan in 1945."
s4047,Movie,Everyday I Love You,Mae Czarina Cruz,"Enrique Gil, Liza Soberano, Gerald Anderson, Aiko Melendez, Carmina Villaroel, Ariel Rivera, Marissa Delgado, Liza Lorena",Philippines,"March 4, 2019",2015,TV-14,124 min,"Dramas, International Movies, Romantic Movies","While patiently waiting for her boyfriend to come out of his coma, Audrey finds herself falling for the caring and successful Ethan."
s6663,Movie,Easy A,Will Gluck,"Emma Stone, Penn Badgley, Amanda Bynes, Dan Byrd, Thomas Haden Church, Patricia Clarkson, Cam Gigandet, Lisa Kudrow, Malcolm McDowell, Aly Michalka",United States,"November 1, 2020",2010,PG-13,92 min,"Comedies, Romantic Movies","When a lie about Olive's reputation transforms her from anonymous to infamous at her high school, she decides to embrace a provocative new persona."
s235,TV Show,Oggy Oggy,Unknown,Unknown,Unknown,"August 24, 2021",2021,TV-Y,1 Season,"Kids' TV, TV Comedies",Join adorable kitten Oggy and his cast of cat pals in a bright and colorful kitty world. They're always on the go for fun times and fantastic adventures!
s3436,TV Show,Beyblade Burst Turbo,Unknown,"Laura Stahl, Billy Kametz, Derek Stephen Prince, Kyle McCarley, Brandon Winckler, Kimlinh Tran",Unknown,"October 10, 2019",2018,TV-Y7,1 Season,"Anime Series, Kids' TV","Yearning to earn the title of world blading champion, a novice competitor must harness his untamed potential through training and tournaments."
s3425,Movie,"Martin Matte: La vie, la mort...eh la la..!",Jean-François Blais,Martin Matte,Canada,"October 14, 2019",2019,TV-14,62 min,Stand-Up Comedy,"Quebecois comedy star Martin Matte serves up embarrassing personal stories, a solution for social media trolls and more in this unpredictable special."
s7800,Movie,Prosecuting Evil: The Extraordinary World of Ben Ferencz,Barry Avrich,Ben Ferencz,Canada,"June 1, 2019",2019,TV-MA,83 min,Documentaries,"A gripping profile of Ben Ferencz, the last surviving lead prosecutor at the Nuremberg trials whose lifelong desire for justice altered the rule of law."
s4219,TV Show,A Series of Unfortunate Events,Unknown,"Neil Patrick Harris, Patrick Warburton, Malina Weissman, Louis Hynes, K. Todd Freeman, Joan Cusack, Aasif Mandvi",United States,"January 1, 2019",2019,TV-PG,3 Seasons,"Kids' TV, TV Action & Adventure, TV Comedies","The extraordinary Baudelaire orphans face trials, tribulations and the evil Count Olaf in their fateful quest to unlock long-held family secrets."
s4210,Movie,Next Enti?,Kunal Kohli,"Navdeep, Larissa Bonesi, Sarathbabu, Tamannaah Bhatia, Sundeep Kishan, Poonam Kaur",India,"January 9, 2019",2018,TV-14,117 min,"Comedies, Dramas, International Movies","Clashing views on intimacy lead a couple to go their separate ways to reflect on commitment and companionship, before suddenly crossing paths again."
s3538,Movie,Watchman,A. L. Vijay,"G.V. Prakash Kumar, Samyuktha Hegde, Suman, Raj Arjun, Yogi Babu, Munishkanth",India,"September 4, 2019",2019,TV-14,93 min,"Comedies, Dramas, International Movies","Rushing to pay off a loan shark, a young man breaks into a bungalow to steal the cash, unprepared for the dog standing guard – or the trouble inside."
s2574,Movie,The Stand at Paxton County,Brett Hedlund,"Jacqueline Toboni, Michael O'Neill, Tyler Jacob Moore, Christopher McDonald, Sean O'Bryan, Blake Sheldon, Zoe Kanters, Greg Perrow, Tanner Thomason",United States,"May 2, 2020",2020,R,103 min,"Dramas, Independent Movies, Thrillers",A military veteran comes home to find her father harassed by a sheriff intent on confiscating the livestock on their ranch under shady pretenses.
s636,Movie,Here Comes the Rain,Bahij Hojeij,"Hassan Mrad, Julia Kassar, Carmen Lebbos, Diamand Bou Abboud, Elie Mitri, Bernadette Hodeib, Aida Sabra, Gabriel Yammine, Ali Matar, Raïa Haidar",Lebanon,"June 25, 2021",2010,TV-MA,101 min,"Dramas, International Movies","Abducted during the Lebanese Civil War and now in his 50s, Ramez is finally a free man. But he returns to society deeply traumatized by the past."
s3536,Movie,American Factory: A Conversation with the Obamas,Unknown,"President Barack Obama, Michelle Obama, Julia Reichert, Steven Bognar",United States,"September 5, 2019",2019,TV-G,10 min,Documentaries,Barack and Michelle Obama talk with directors Steven Bognar and Julia Reichert about the documentary and the importance of storytelling.
s2278,Movie,Madras Café,Shoojit Sircar,"John Abraham, Nargis Fakhri, Rashi Khanna, Avijit Dutt, Prakash Belawadi, Ajay Ratnam, Siddartha Basu, Agnello Dias, Dibang",India,"July 5, 2020",2013,TV-14,128 min,"Dramas, International Movies, Thrillers",An Indian intelligence agent journeys to a war-torn coastal island to break a resolute rebel group and meets a passionate journalist.
s6285,Movie,Benji's Very Own Christmas Story,Joe Camp,"Ron Moody, Patsy Garrett, Cynthia Smith",United States,"October 3, 2018",1978,TV-G,25 min,Children & Family Movies,"While on a press tour, Benji goes behind the scenes of Santa's workshop. But Santa has a devastating secret, so it's up to Benji to save Christmas."
s3806,Movie,Wanda Sykes: Not Normal,Linda Mendoza,Wanda Sykes,United States,"May 21, 2019",2019,TV-MA,66 min,Stand-Up Comedy,"Wanda Sykes tackles politics, reality TV, racism and the secret she'd take to the grave in this rollicking, no-holds-barred stand-up special."
s8465,Movie,The Prince,Brian A. Miller,"Jason Patric, Bruce Willis, John Cusack, Rain, Jessica Lowndes, Johnathon Schaech, Gia Mantegna, 50 Cent","United States, United Kingdom","February 22, 2019",2014,R,91 min,Action & Adventure,A former Mafia hit man living quietly as a mechanic veers back into his old world after his daughter is abducted and faces an old foe in New Orleans.
s2655,Movie,The Set Up,Niyi Akinmolayan,"Adesua Etomi, Jim Iyke, Dakore Akande, Marie Humbert, Ayoola Ayolola, Tina Mba, Joke Silva, Kehinde Bankole",Nigeria,"April 22, 2020",2019,TV-MA,105 min,"Dramas, International Movies",Manipulation and personal vendettas collide when a con artist hires a young woman to assist with his scheme to marry a wealthy heiress.
s822,Movie,The Wedding Guest,Michael Winterbottom,"Dev Patel, Radhika Apte, Jim Sarbh",United Kingdom,"June 2, 2021",2018,R,97 min,"Dramas, Romantic Movies, Thrillers","Hired to extract a bride-to-be before her arranged wedding in Pakistan, a hired gun goes on the run with his hostage when his plan unravels."
s7591,Movie,No Entry,Anees Bazmee,"Anil Kapoor, Salman Khan, Fardeen Khan, Bipasha Basu, Lara Dutta, Esha Deol, Celina Jaitly, Boman Irani",India,"March 1, 2018",2005,TV-PG,161 min,"Comedies, International Movies","After a prank goes sideways, three buddies find their relationships  – with women and each other – tested in unexpected ways."
s38,TV Show,Angry Birds,Unknown,"Antti Pääkkönen, Heljä Heikkinen, Lynne Guaglione, Pasi Ruohonen, Rauno Ahonen",Finland,"September 16, 2021",2018,TV-Y7,1 Season,"Kids' TV, TV Comedies","Birds Red, Chuck and their feathered friends have lots of adventures while guarding eggs in their nest that pesky pigs keep trying to steal."
s1682,Movie,The Princess Switch: Switched Again,Mike Rohl,"Vanessa Hudgens, Nick Sagar, Sam Palladio, Mia Lloyd, Lachlan Nieboer, Ricky Norwood, Florence Hall, Suanne Braun, Mark Fleischmann",United States,"November 19, 2020",2020,TV-G,97 min,"Children & Family Movies, Comedies, Dramas","When Margaret's Christmas coronation complicates her love life, her double Stacy steps in to save the day. But will a third look-alike ruin their plan?"
s8121,Movie,Sunrise,Partho Sen-Gupta,"Adil Hussain, Tannishtha Chatterjee, Gulnaaz Ansari, Komal Gupta, Esha Amlani, Ashalata Wabgaonkar, Hridaynath Jadhav, Chinmay Kambli, Nandini Bora, Komal Gawade","India, France","March 15, 2017",2014,TV-MA,85 min,"Dramas, Independent Movies, International Movies","While investigating a child kidnapping, a Mumbai police inspector is haunted by a shadowy dream figure and memories of his own abducted daughter."
s7081,TV Show,Inside The Freemasons,Unknown,Unknown,United Kingdom,"September 15, 2018",2017,TV-MA,1 Season,"British TV Shows, Docuseries, International TV Shows","Explore the history and future of the Freemasons, a fraternal order steeped in both secrecy and tradition."
s3647,Movie,Demetri Martin: The Overthinker,"Jay Karas, Demetri Martin",Demetri Martin,United States,"July 21, 2019",2018,TV-MA,56 min,Stand-Up Comedy,"With his signature one-liners and drawings, Demetri Martin muses on doughnut holes, dogs, sports bars, the alphabet's most aggressive letters and more."
s3640,Movie,Girls With Balls,Olivier Afonso,"Victor Artus Solaro, Manon Azem, Louise Blachère, Tiphaine Daviot, Margot Dufrene, Anne-Solenne Hatte, Camille Razat, Dany Verissimo-Petit, Denis Lavant, Aurélien Cotentin, Mathieu Madénian, Thomas Vandenberghe","France, Belgium","July 26, 2019",2019,TV-MA,77 min,"Comedies, Horror Movies, International Movies","Stranded in the woods and eyeballed by twisted hunters, members of a women’s volleyball team bump it up in the most dangerous game of their lives."
s4283,Movie,Miss J Contemplates Her Choice,Jason Lai,"Kit Chan, Xiang Yun, Bobby Tonelli, Shane Pow, Seraph Sun, Marcus Chiau, Sierra Bustos, Amy Cheng, Lin Yu Hui, Youyi",Singapore,"December 20, 2018",2014,TV-MA,89 min,"Dramas, International Movies, Thrillers",The life of a radio talk-show host is turned upside down after a murderous caller dials into her program and asks her to choose his next victim.
s2496,TV Show,Especial 20 años Fútbol de Primera,Unknown,Unknown,Unknown,"May 20, 2020",2020,TV-14,1 Season,"Docuseries, International TV Shows, Spanish-Language TV Shows","Revisit the emotional bouts and memorable highlights from the past two decades in this special celebrating esteemed TV show ""Fútbol de Primera."""
s4869,Movie,The Kissing Booth,Vince Marcello,"Joey King, Joel Courtney, Jacob Elordi, Molly Ringwald","United Kingdom, United States","May 11, 2018",2018,TV-14,105 min,"Comedies, Romantic Movies","When teenager Elle's first kiss leads to a forbidden romance with the hottest boy in high school, she risks her relationship with her best friend."
s6305,TV Show,"Big Dreams, Small Spaces",Unknown,Monty Don,United Kingdom," July 26, 2019",2017,TV-G,3 Seasons,"British TV Shows, International TV Shows, Reality TV",Writer and presenter Monty Don helps England's budding horticulturists plant and grow the gardens of their dreams.
s3031,TV Show,The Healing Powers of Dude,Unknown,"Jace Chapman, Larisa Oleynik, Tom Everett Scott, Steve Zahn, Mauricio Lara, Sophie Kim, Laurel Emory",Unknown,"January 13, 2020",2020,TV-G,1 Season,"Kids' TV, TV Comedies, TV Dramas","When an 11-year-old boy with social anxiety disorder starts middle school, he finds strength in a scruffy emotional support dog named Dude."
s3406,Movie,Seventeen,Daniel Sánchez Arévalo,"Biel Montoro, Nacho Sánchez, Lola Cordón, Itsaso Arana, Chani Martín, Iñigo Aranburu, Kandido Uranga, Javier Cifrián, Mamen Duch, Carolina Clemente, Jorge Cabrera, Daniel Fuster, Edgar Costas, Patxi Santamaría",Spain,"October 18, 2019",2019,TV-MA,100 min,"Comedies, Dramas, International Movies","To find his therapy dog, a 17-year-old escapes from juvie and embarks on a journey of reconnection with his brother and grandmother through Cantabria."
s2257,Movie,Born Racer,Bryn Evans,Scott Dixon,New Zealand,"July 8, 2020",2018,R,89 min,"Documentaries, Sports Movies","In this all-access pass, IndyCar champion Scott Dixon and his team navigate the risks on the road in the quest to win it all."
s6685,Movie,Elles étaient en guerre 1939-1945,"Hugues Nancy, Fabien Beziat",Unknown,Unknown,"March 1, 2018",2015,TV-MA,92 min,"Documentaries, International Movies","Mothers, nurses, soldiers and deportees – these women fought against persecution for freedom and survival amid the turbulence of World War II."
s6930,Movie,Harold and Lillian: A Hollywood Love Story,Daniel Raim,"Harold Michelson, Lillian Michelson, Mel Brooks, Francis Ford Coppola, Danny DeVito",United States,"November 25, 2018",2015,TV-14,95 min,Documentaries,"Storyboard artist Harold Michelson and his film researcher wife, Lillian, recall the influence they had on 60 years of Hollywood's biggest hits."
s2121,Movie,Les Misérables,Tom Hooper,"Hugh Jackman, Russell Crowe, Anne Hathaway, Amanda Seyfried, Sacha Baron Cohen, Helena Bonham Carter, Eddie Redmayne, Aaron Tveit, Samantha Barks, Daniel Huttlestone","United Kingdom, United States","August 16, 2020",2012,PG-13,158 min,"Dramas, International Movies, Music & Musicals","The musical version of Victor Hugo's epic tale of love and sacrifice, first produced for the stage in 1985, now receives the big-screen treatment."
s75,TV Show,The World's Most Amazing Vacation Rentals,Unknown,Unknown,Unknown,"September 14, 2021",2021,TV-PG,2 Seasons,Reality TV,"With an eye for every budget, three travelers visit vacation rentals around the globe and share their expert tips and tricks in this reality series."
s4692,Movie,Mersal,Atlee Kumar,"Joseph Vijay, S.J. Surya, Kajal Aggarwal, Samantha Ruth Prabhu, Nithya Menon, Vadivelu, Sathyaraj",India,"August 21, 2018",2017,TV-14,162 min,"Action & Adventure, Dramas, International Movies","A detective arrests a doctor for crimes targeting medical professionals but later finds the real culprit in a tale of revenge, corruption and magic."
s5460,TV Show,Off Camera,Unknown,Sam Jones,United States,"June 1, 2017",2015,TV-MA,3 Seasons,Stand-Up Comedy & Talk Shows,"Photographer, writer and director Sam Jones sets his famous guests at ease with his freewheeling, insightful celebrity interviews without agendas."
s5277,Movie,Jeff Dunham: Relative Disaster,Michael Simon,Jeff Dunham,United States,"September 12, 2017",2017,TV-MA,71 min,Stand-Up Comedy,Ventriloquist Jeff Dunham brings his rude and slightly demented posse of puppets to Ireland for a gleeful skewering of family and politics.
s3498,Movie,Under the Eiffel Tower,Archie Borders,"Matt Walsh, Judith Godreche, Reid Scott, Michaela Watkins, David Wain, Gary Cole",United States,"September 23, 2019",2018,TV-MA,87 min,"Comedies, Independent Movies, International Movies",An American man in the midst of a mid-life crisis travels to the French countryside to find a new lease on life.
s5833,Movie,Gridlocked,Allan Ungar,"Dominic Purcell, Cody Hackman, Stephen Lang, Trish Stratus, Danny Glover, Vinnie Jones, Saul Rubinek, Richard Gunn, Steve Byers, James A. Woods",Canada,"July 14, 2016",2015,R,114 min,Action & Adventure,"An embittered cop is tasked with baby-sitting a spoiled actor, but the two must learn to fight together when they run afoul of a group of mercenaries."
s3362,TV Show,Tunnel,Unknown,"Todsapol Maisuk, Johnny Hao, Morakot Liu, Pemy Peramin Thabkaew, Phenphet Phenkul, Sumet Ong-Art, Amarin Nitipon, Tor Techathuwanan, Komsan Kajonpaisansuk",Unknown,"October 30, 2019",2019,TV-14,1 Season,"Crime TV Shows, International TV Shows, TV Dramas",A detective finds himself 30 years in the future and must solve a string of grisly crimes before he can return to the past.
s1061,TV Show,Indian Matchmaking,Unknown,Unknown,"United States, India","April 14, 2021",2020,TV-14,1 Season,"Reality TV, Romantic TV Shows","Matchmaker Sima Taparia guides clients in the U.S. and India in the arranged marriage process, offering an inside look at the custom in a modern era."
s3850,TV Show,Secret of Success,Unknown,"Jack Tan, Rain Shuaiyu, Rickman Chia, Orange Tan, Bernard Shen Jun, Kopi Lim Guo Wei, Dennis Gan",Unknown,"May 8, 2019",2015,TV-14,1 Season,"International TV Shows, Romantic TV Shows, TV Comedies",An aspiring actor uses a magical book to transport himself inside the movies he had always dreamed of starring in – but not without consequences.
s4384,Movie,Nothing to Hide,Fred Cavayé,"Bérénice Bejo, Suzanne Clément, Stéphane De Groodt, Vincent Elbaz, Grégory Gadebois, Doria Tillier, Roschdy Zem, Fleur Fitoussi","France, Belgium","November 16, 2018",2018,TV-MA,94 min,"Comedies, Dramas, International Movies","To spice up a dinner party, old friends agree to share every private message that pops up on their phones – with disastrous results."
s5882,Movie,A Very Murray Christmas,Sofia Coppola,"Bill Murray, Miley Cyrus, George Clooney, Chris Rock, Amy Poehler, Michael Cera, Maya Rudolph, Rashida Jones, Jason Schwartzman, Paul Shaffer, Jenny Lewis, Phoenix",United States,"December 4, 2015",2015,TV-14,57 min,"Comedies, Music & Musicals","Bill Murray rounds up an all-star cast for an evening of music, mischief and barroom camaraderie in this irreverent twist on holiday variety shows."
s4772,TV Show,The Joel McHale Show with Joel McHale,Unknown,Joel McHale,United States,"July 15, 2018",2018,TV-MA,2 Seasons,"Stand-Up Comedy & Talk Shows, TV Comedies","Trending news, pop culture, social media, original sketches and more come together in host Joel McHale's new weekly comedy commentary show."
s5822,Movie,Children of God,John Smithson,Unknown,United Kingdom,"August 1, 2016",1994,TV-MA,63 min,Documentaries,"A former member examines the lingering effects of being raised in the Family, a cult whose disturbing practices include the sexual abuse of children."
s3517,Movie,Oh! Baby,B. V. Nandini Reddy,"Samantha Ruth Prabhu, Lakshmi, Rajendraprasad, Naga Shourya, Rao Ramesh, Teja Sajja, Pragathi, Jagapathi Babu, Aishwarya, Urvashi",India,"September 14, 2019",2019,TV-14,157 min,"Comedies, International Movies, Music & Musicals",A surly septuagenarian gets another chance at her 20s after having her photo snapped at a studio that magically takes 50 years off her life.
s8700,Movie,Warehoused,Jack Zagha Kababie,"José Carlos Ruiz, Hoze Meléndez",Mexico,"November 1, 2017",2015,TV-14,92 min,"Comedies, Dramas, International Movies",A soon-to-be-retiring Mr. Lino teaches 20-something Nin the strict rules of his new warehouse job in this dramedy about the absurdities of work life.
s4609,TV Show,Three Wives One Husband,Unknown,Unknown,United Kingdom,"October 1, 2018",2018,TV-14,1 Season,"British TV Shows, International TV Shows, Reality TV","A film crew captures a year in the life of modern polygamist families at Rockland Ranch, a community for fundamentalist Mormons in the Utah desert."
s4804,Movie,Bill Burr: You People Are All the Same,Jay Karas,Bill Burr,United States,"June 30, 2018",2012,TV-MA,69 min,Stand-Up Comedy,"Funnyman Bill Burr takes the stage to uncork a profanity-laced, incisive routine that pokes fun at plastic surgery, reality TV, gold diggers and more."
s3727,TV Show,The Casketeers,Unknown,Unknown,New Zealand,"June 21, 2019",2019,TV-14,2 Seasons,"International TV Shows, Reality TV",Māori funeral directors Francis and Kaiora Tipene and staff temper good humor with care and respect as they help Polynesian families cope with loss.
s1336,TV Show,The Sinner,Unknown,"Jessica Biel, Bill Pullman, Christopher Abbott, Abby Miller, Dohn Norwood",United States,"February 6, 2021",2020,TV-MA,3 Seasons,"Crime TV Shows, TV Dramas, TV Mysteries","When a young mother inexplicably stabs a stranger to death, a sympathetic detective struggles to unlock the mystery buried in her missing memories."
s1884,Movie,StarBeam: Halloween Hero,Jon Izen,"Nahanni Mitchell, Dean Petriw, Terry Klassen, Sam Vincent, Rhona Rees, Laara Sadiq",Canada,"October 6, 2020",2020,TV-Y,33 min,Children & Family Movies,"Greedy Captain Fishbeard is stealing everybody's Halloween treats for himself, but StarBeam and Boost have some tricks up their sleeves to save the day!"
s7404,Movie,Marauders,Steven C. Miller,"Bruce Willis, Christopher Meloni, Dave Bautista, Adrian Grenier, Johnathon Schaech, Lydia Hull, Tyler Jon Olson, Christopher Rob Bowen, Richie Chance","Canada, United States","December 1, 2020",2016,R,107 min,Action & Adventure,A series of high-stakes thefts at banks owned by a manipulative millionaire sparks an FBI agent to suspect a sinister plan behind the deadly heists.
s8456,Movie,The Pirate Fairy,Peggy Holmes,"Mae Whitman, Christina Hendricks, Tom Hiddleston, Lucy Liu, Raven-Symoné, Megan Hilty, Pamela Adlon, Angela Bartys, Jim Cummings, Carlos Ponce, Mick Wingert, Kevin Michael Richardson, Jeff Bennett, Rob Paulsen, Grey DeLisle, Kari Wahlgren, Jane Horrocks, Jesse McCartney, Anjelica Huston",United States,"June 15, 2014",2014,G,78 min,Children & Family Movies,"In this spritely tale, Tinker Bell and her friends set out to find free-spirited fairy Zarina after she makes off with some precious Blue Pixie Dust."
s4052,Movie,"2,215",Nottapon Boonprakob,Artiwara Kongmalai,Thailand,"March 1, 2019",2018,TV-MA,89 min,"Documentaries, International Movies, Sports Movies","This intimate documentary follows rock star Artiwara Kongmalai on his historic, 2,215-kilometer charity run across Thailand in 2017."
s5065,Movie,Acts of Vengeance,Isaac Florentine,"Antonio Banderas, Karl Urban, Paz Vega, Robert Forster, Clint Dyer, Cristina Serafini, Lillian Blankenship, Atanas Srebrev, Mark Rhino Smith","Bulgaria, United States","January 25, 2018",2017,R,87 min,"Action & Adventure, International Movies","Devastated by the murder of his wife and child, a formerly fast-talking lawyer takes a vow of silence and trains himself for a mission of revenge."
s1980,TV Show,The American Barbecue Showdown,Unknown,"Lyric Lewis, Rutledge Wood",United States,"September 18, 2020",2020,TV-G,1 Season,Reality TV,Eight of the country's best backyard smokers and pitmasters vie for the title of American Barbecue Champion in a fierce but friendly faceoff.
s4321,TV Show,Neo Yokio,Unknown,"Jaden Smith, Jude Law, Tavi Gevinson, Susan Sarandon, Desus Nice, The Kid Mero, Richard Ayoade, Willow Smith, Kiernan Shipka, Jason Schwartzman, Amandla Stenberg, Ray Wise",United States,"December 7, 2018",2018,TV-MA,2 Seasons,"TV Comedies, TV Sci-Fi & Fantasy, Teen TV Shows","Joined by his faithful mecha-butler, Kaz Kaan pursues love, fashion and supernatural forces amid Neo Yokio's sinister high society."
s2118,Movie,Crazy Awesome Teachers,Sammaria Sari Simanjuntak,"Gading Marten, Dian Sastrowardoyo, Faradina Mufti, Boris Bokir, Kevin Ardilova, Shakira Jasmine, Asri Welas, Arswendi Bening Swara, Kiki Narendra, Ibnu Jamil",Indonesia,"August 17, 2020",2020,TV-PG,102 min,"Comedies, Dramas, International Movies","When staff salaries get stolen at his school, a reluctant new teacher sets out to recoup the money and soon discovers the joys of teaching."
s7839,TV Show,Reality of Dream,Unknown,"Sean Jindachot, Jintanutda Lummakanon, Charebelle Lanlalin, Aon Korakot Tunkaew, Attaporn Teemakorn, Rath Rattasin Nalintanapat, Ak Akarat, Geng Wayo Assawarungruang, Pemy Peramin Thabkaew",Unknown,"July 31, 2018",2015,TV-MA,1 Season,"International TV Shows, Romantic TV Shows, TV Dramas","Five friends from college chase their post-grad dreams of becoming a successful writer, film director, singer, rich wife and out-and-proud hair stylist."
s348,Movie,Planet 51,Jorge Blanco,"Justin Long, Dwayne Johnson, Gary Oldman, Seann William Scott, Jessica Biel, John Cleese, Freddie Benedict","Spain, United Kingdom, United States","August 1, 2021",2009,PG,91 min,"Children & Family Movies, Comedies, Sci-Fi & Fantasy","After landing on a planet reminiscent of 1950s suburbia, a human astronaut tries to avoid capture, recover his spaceship and make it home safely."
s6688,Movie,Emelie,Michael Thelin,"Sarah Bolger, Joshua Rush, Carly Adams, Thomas Bair, Susan Pourfar, Chris Beetem",United States,"August 2, 2018",2016,TV-MA,82 min,"Horror Movies, Thrillers","A suburban couple hires a new sitter to watch their three kids for the night, unaware that the young woman isn't who she claims to be."
s7684,Movie,Our Godfather,"Mark Franchetti, Andrew Meier",Tommaso Buscetta,United Kingdom,"September 10, 2019",2019,TV-MA,93 min,"Documentaries, International Movies","In 1986, Tommaso Buscetta became the first top-level Mafia boss ever to testify against the mob. It cost him and his family everything."
s6010,Movie,3 Heroines,Iman Brotoseno,"Reza Rahadian, Bunga Citra Lestari, Tara Basro, Chelsea Islan",Indonesia,"January 5, 2019",2016,TV-PG,124 min,"Dramas, International Movies, Sports Movies",Three Indonesian women break records by becoming the first of their nation to medal in archery at the Seoul Olympics in the summer of 1988.
s8246,Movie,The Chosen,Antonio Chavarrías,"Alfonso Herrera, Hannah Murray, Henry Goodman, Julian Sands, Frances Barber, Emilio Echevarría, Alejandro Calva, Elvira Mínguez, Roger Casamajor, Luis Rosales, Javier Godino, Alexander Holtmann, Brontis Jodorowsky","Spain, Mexico","April 14, 2017",2016,TV-14,111 min,"Dramas, International Movies, Thrillers","In 1937, Spanish revolutionary Ramón trains as a Soviet spy, impersonating a wealthy Belgian as part of a plot to assassinate Leon Trotsky in Mexico."
s2897,Movie,The Body,Jeethu Joseph,"Rishi Kapoor, Emraan Hashmi, Sobhita Dhulipala, Vedika, Anupam Bhattacharya, Chandan Anand, Arif Zakaria, Rukhsar Ahmed",India,"February 21, 2020",2019,TV-14,101 min,"International Movies, Thrillers",Mind games and mystery abound as a detective investigates the disappearance of a woman’s body from a morgue in this Hindi remake of a Spanish thriller.
s4133,TV Show,Romance is a bonus book,Unknown,"Lee Jong-suk, Lee Na-young, Jung Eugene, Wi Ha-jun, Kim Tae-woo, Kim Yu-mi, Cho Han-cheul, Kim Sun-young",South Korea,"February 3, 2019",2019,TV-14,1 Season,"International TV Shows, Korean TV Shows, Romantic TV Shows",A gifted writer who's the youngest editor-in-chief ever at his publishing company gets enmeshed in the life of a former copywriter desperate for a job.
s3186,TV Show,The Road to Love,Unknown,"Katherine Escobar Farfan, Juan Manuel Restrepo, César Mora, Mario Espitia, Carmenza González, José Daniel Cristancho, Felipe Bernedette, Camilo Amores, Linda Lucía Callejas, Fernando Solórzano, María Laura Quintero, Toto Vega, Mayra Luna, Ana María Cuéllar, María Fernanda Matus",Colombia,"December 4, 2019",2019,TV-14,1 Season,"International TV Shows, Romantic TV Shows, Spanish-Language TV Shows","After an argument with her dad, a young woman from a family of macho truck drivers is kicked out of the home and must make her own success as a trucker."
s3947,TV Show,Possessed,Unknown,"Song Sae-byeok, Go Joon-hee, Youn Jung-hoon, Jo Han-sun, Lee Won-jong, Park Gene-woo, Kwon Hyuk-hyun, Park Sang-min",South Korea,"April 4, 2019",2019,TV-MA,1 Season,"Crime TV Shows, International TV Shows, Korean TV Shows",A reluctant clairvoyant joins forces with a brusque police detective hiding a soft heart to help him solve criminal cases using her psychic abilities.
s2296,Movie,Hunter in the Blue Side of Manchester,Rako Prijanto,"Adipati Dolken, Ganindra Bimo, Donny Alamsyah, Vonny Cornellya, Tania Staite, Maurice Bryrne, Kevin Bzezovski Taroreh","Indonesia, United Kingdom","July 3, 2020",2020,TV-MA,89 min,"Dramas, International Movies","To honor his father, a diligent college graduate takes on the daunting goal of becoming a reporter for an English Premier League soccer club."
s6363,Movie,Born Strong,"Gary Cohen, Ross Hockrow","Eddie Hall, Hafþór Júlíus Björnsson, Brian Shaw, Zydrunas Savickas",United States,"December 31, 2017",2017,TV-MA,86 min,"Documentaries, Sports Movies",Four 400-pound giants fight for the crown at the Arnold Strongman Classic and offer a glimpse into their lives leading up to the competition.
s7086,TV Show,Intelligence,Unknown,"Ian Tracey, Klea Scott, John Cassini, Matt Frewer, Alana Husband, Kyla Wise, Camille Sullivan, Darcy Laurie, Eugene Lipinski, Michael Eklund",Canada,"July 19, 2017",2007,TV-MA,2 Seasons,"Crime TV Shows, TV Dramas",Clashes both on the street and in the bedroom pits the female head of the Organized Crime Unit against the cocky leader of a pot-smuggling ring.
s7799,TV Show,Prohibition: A Film by Ken Burns and Lynn Novick,Unknown,Peter Coyote,United States,"February 22, 2017",2011,TV-PG,1 Season,"Crime TV Shows, Docuseries","Ken Burns's documentary traces the passage of the 18th Amendment, the social and legal effects of prohibiting alcohol, and the repeal of Prohibition."
s6210,Movie,Backfire,Dave Patten,"Black Deniro, Byron ""Squally"" Vinson, Dominic Costa, Nick Ferraro, Peter Ferriero, Jowharah Jones",United States,"April 5, 2019",2019,TV-MA,97 min,"Dramas, Independent Movies, Thrillers","When two would-be robbers accidentally kill a made man, they find themselves on the run from the South Philly Italian mob."
s985,Movie,Kara Bela,Burak Aksak,"Cengiz Bozkurt, Seda Bakan, Erkan Kolçak Köstendil, Cihan Ercan, Berat Yenilmez, İştar Gökseven, Erdal Tosun, Tarık Ünlüoğlu",Turkey,"April 23, 2021",2015,TV-MA,101 min,"Comedies, International Movies",The uneventful life of middle-aged Kudret turns upside down when a road trip turns into a wild race for survival with killers in hot pursuit.
s6245,Movie,Barely Lethal,Kyle Newman,"Hailee Steinfeld, Jessica Alba, Samuel L. Jackson, Sophie Turner, Dove Cameron, Toby Sebastian, Gabriel Basso, Thomas Mann, Rachael Harris, Dan Fogler, Steve-O, Rob Huebel, Finesse Mitchell, Jaime King",United States,"July 26, 2018",2015,PG-13,99 min,"Action & Adventure, Comedies",A girl raised to be a government assassin just wants to be a normal teen – so she runs away and pretends to be a high school exchange student.
s8494,Movie,The Rover,David Michôd,"Guy Pearce, Robert Pattinson, Scoot McNairy, David Field, Anthony Hayes, Gillian Jones, Susan Prior, Nash Edgerton","Australia, United States","July 19, 2018",2014,R,103 min,"International Movies, Thrillers","Set in a chaotic future, this Outback saga follows loner Eric's brutal ordeal when a criminal gang takes his car and leaves him nowhere with nothing."
s5983,Movie,100 Days Of Solitude,Unknown,Unknown,Spain,"July 6, 2018",2018,TV-MA,93 min,"Documentaries, International Movies","Spanish photographer José Díaz spends 100 days living alone on a remote mountain, connecting to nature and documenting the beauty of his surroundings."
s1120,Movie,Into the Grizzly Maze,David Hackl,"James Marsden, Thomas Jane, Billy Bob Thornton, Piper Perabo, Scott Glenn, Michaela McManus, Adam Beach, Kelly Curran","United States, Canada","April 1, 2021",2015,R,90 min,"Action & Adventure, Horror Movies",Estranged brothers Beckett and Rowan reunite in the Alaskan wild to confront a savage grizzly bear wreaking havoc on their hometown.
s8061,Movie,Soul to Keep,"David Allensworth, Monière","Sandra Mae Frank, Aurora Heimbach, Craig Fogel, Tony Spitz, Jordan Theodore, Kate Rose Reynolds, Jessie Jordan, Derek Long, Sophia Getz, Amelia Sheeler",United States,"July 1, 2019",2019,TV-MA,94 min,"Horror Movies, Independent Movies","Two siblings invite friends to their inherited, remote country home, but the fun stops when the group summons a demonic force from an old spellbook."
s6123,Movie,Alone in Berlin,Vincent Perez,"Emma Thompson, Brendan Gleeson, Daniel Brühl, Monique Chaumette, Joachim Bissmeier, Katrin Pollitt, Lars Rudolph, Uwe Preuss, Daniel Sträßer, Rainer Reiners, Mikael Persbrandt","United Kingdom, France, Germany","February 15, 2019",2016,R,103 min,Dramas,"After learning of their son's death on the battlefield, a grieving Berlin couple embark on a quietly dangerous act of resistance against Adolf Hitler."
s1195,Movie,Catch.er,Walter Taylaur,"OC Ukeje, Blossom Chukwujekwu, Alexx Ekubo, Beverly Naya, Tope Tedela, Gbenro Ajibade, Omowunmi Dada, Kiki Omeili, Wofai Fada",Nigeria,"March 17, 2021",2017,TV-14,80 min,"Dramas, International Movies, Thrillers","A man becomes the prime suspect in his wife's murder, but the police investigation soon widens to other potential culprits with hidden motives."
s5137,Movie,Temple,Michael Barrett,"Logan Huffman, Natalia Warner, Brandon Sklenar, Naoto Takenaka, Asahi Uchida, Mei Kurokawa, Hisashi Miyazawa, Miho Tamaki, Seiki Chiba, Yoshimi Tachi","Japan, United States","December 2, 2017",2017,TV-MA,78 min,"Horror Movies, Independent Movies",Three unsuspecting American tourists visit a mysterious mountain shrine in Japan despite uncanny warnings from local inhabitants to stay away.
s1320,Movie,Xico's Journey,Eric D. Cabello Díaz,"Verónica Alva, Pablo Gama Iturrarán “Mago Gamini”, Luis Ángel Jaramillo, Lila Downs, Elena Poniatowska, Verónica Castro, Enrique Guzmán, Alex Lora, Marco Antonio Solís, Víctor Trujillo",Mexico,"February 12, 2021",2021,TV-Y7,87 min,Children & Family Movies,"A girl, a dog and her best pal set out to save a mountain from a gold-hungry corporation. But the key lies closer to home, with her sidekick pup, Xico."
s2677,TV Show,Fauda,Unknown,"Lior Raz, Hisham Suliman, Shadi Mar'i, Laëtitia Eïdo, Tsahi Halevi, Yuval Segal, Neta Garty, Tomer Kapon, Itzik Cohen, Rona-Lee Shim'on, Boaz Konforty, Doron Ben-David",Israel,"April 16, 2020",2020,TV-MA,3 Seasons,"Crime TV Shows, International TV Shows, TV Action & Adventure","A top Israeli agent comes out of retirement to hunt for a Palestinian militant he thought he'd killed, setting a chaotic chain of events into motion."
s7751,Movie,Planetarium,Rebecca Zlotowski,"Natalie Portman, Lily-Rose Depp, Emmanuel Salinger, Amira Casar, Pierre Salvadori, Louis Garrel","France, Belgium","January 1, 2018",2016,TV-MA,108 min,"Dramas, International Movies","In pre-World War II France, two sisters purport to be able to communicate with the dead and soon catch the eye of an ambitious filmmaker."
s8726,Movie,What's Up With Love?,"Rudy Soedjarwo, Riri Riza","Dian Sastrowardoyo, Nicholas Saputra, Ladya Cheryll, Titi Kamal, Sissy Priscillia, Adinia Wirasti, Dennis Adhiswara",Indonesia,"December 8, 2018",2002,R,110 min,"Dramas, International Movies, Romantic Movies","A popular high school girl strains her relationship with her close-knit clique when she begins falling for a reclusive, lower-class schoolmate."
s2518,TV Show,Boys Over Flowers,Unknown,"Ku Hye-sun, Lee Min-ho, Kim Hyun-joong, Kim Bum, Kim Joon, Kim So-eun, Lee Hye-yeong, Park Ji-bin, Lim Ye-jin, Jeong Ho-bin",South Korea,"May 16, 2020",2009,TV-14,1 Season,"International TV Shows, Korean TV Shows, Romantic TV Shows",Unassuming high school girl Jan-di stands up to – and eventually falls for – a spoiled rich kid who belongs to the school's most powerful clique.
s5377,Movie,Chasing Coral,Jeff Orlowski,Unknown,United States,"July 14, 2017",2017,TV-PG,89 min,Documentaries,"Divers, scientists and photographers around the world mount an epic underwater campaign to document the disappearance of coral reefs."
s8517,Movie,The Spy Who Fell to Earth,Thomas Meadmore,Unknown,United Kingdom,"April 5, 2019",2019,TV-MA,94 min,"Documentaries, International Movies","Based on Dr. Ahron Bregman's book, this documentary examines the life and mysterious death of Ashraf Marwan, an Egyptian billionaire and Israeli spy."
s7946,Movie,Saturday Church,Damon Cardasis,"Luka Kain, Regina Taylor, Margot Bingham, Marquis Rodriguez, Mj Rodriguez, Indya Moore, Alexia Garcia, Kate Bornstein, Peter Kim, Jaylin Fletcher",United States,"October 6, 2020",2017,TV-MA,83 min,"Dramas, LGBTQ Movies",A teen struggling with gender identity and family tensions seeks hope and support in New York City's underground LGBTQ ballroom community.
s4608,Movie,Theeya Velai Seyyanum Kumaru,Sundar C.,"Siddarth, Santhanam, Hansika Motwani, Ganesh Venkatraman, RJ Balaji, Bosskey, Manobala, Chitra Lakshmanan",India,"October 1, 2018",2013,TV-PG,132 min,"Comedies, International Movies, Music & Musicals","When shy Kumar gets stuck on the losing end of a love triangle, the Love Doctor, Mokia, has a strategy for Kumar to win the love of his life."
s606,Movie,The Long Riders,Walter Hill,"David Carradine, Keith Carradine, Robert Carradine, James Keach, Stacy Keach, Dennis Quaid, Randy Quaid, Kevin Brophy, Harry Carey Jr., Christopher Guest, Nicholas Guest, Shelby Leverington, Felice Orlandi, Pamela Reed, James Remar, Fran Ryan, Savannah Smith Boucher, Amy Stryker, James Whitmore Jr.",United States,"July 1, 2021",1980,R,100 min,Action & Adventure,"This Western chronicles the misadventures and demise of the James-Younger gang, 19th-century outlaws who tore through Missouri on a crime spree."
s4314,Movie,"Out of Many, One","John Hoffman, Nanfu Wang",Unknown,United States,"December 12, 2018",2018,TV-PG,35 min,Documentaries,"In this documentary short, a diverse group of men and women discuss their personal journeys as they prepare for the U.S. citizenship test."
s2948,TV Show,Arrow,James Bamford,"Stephen Amell, Katie Cassidy, David Ramsey, Willa Holland, Paul Blackthorne, Emily Bett Rickards, John Barrowman, Colton Haynes, Susanna Thompson, Anna Hopkins, Juliana Harkavy, Adrian Holmes, Kathleen Gati, Echo Kellum, Rick Gonzalez, Dominic Bogart, Manu Bennett",United States,"February 5, 2020",2019,TV-14,8 Seasons,"Crime TV Shows, TV Action & Adventure","Based on DC Comics' Green Arrow, an affluent playboy becomes a vengeful superhero, saving the city from villains armed with just a bow and arrows."
s789,Movie,Domestic Disturbance,Harold Becker,"John Travolta, Vince Vaughn, Teri Polo, Matt O'Leary, Ruben Santiago-Hudson, Susan Floyd, Angelica Page, Steve Buscemi, Chris Ellis",United States,"June 2, 2021",2001,PG-13,89 min,Thrillers,A recovering alcoholic is skeptical of his son's claim that his new stepfather is a killer – but soon begins to sense the boy is telling the truth.
s164,Movie,My Boss's Daughter,David Zucker,"Ashton Kutcher, Tara Reid, Jeffrey Tambor, Andy Richter, Michael Madsen, Jon Abrahams, David Koechner, Carmen Electra, Kenan Thompson, Terence Stamp, Molly Shannon",United States,"September 1, 2021",2003,R,86 min,"Comedies, Romantic Movies","A young man house-sits for his mean boss, hoping to use it as an opportunity to win the heart of the boss's daughter, on whom he's long had a crush."
s5256,Movie,Our Souls at Night,Ritesh Batra,"Robert Redford, Jane Fonda, Bruce Dern, Matthias Schoenaerts, Iain Armitage, Judy Greer, Phyllis Somerville",United States,"September 29, 2017",2017,TV-14,103 min,"Dramas, Romantic Movies","After widowed neighbors Addie and Louis begin sleeping in bed together platonically to alleviate their loneliness, a real romance begins to blossom."
s922,TV Show,StartUp,Unknown,"Adam Brody, Edi Gathegi, Otmara Marrero, Martin Freeman, Ron Perlman, Addison Timlin, Mira Sorvino",United States,"May 4, 2021",2018,TV-MA,3 Seasons,"Crime TV Shows, TV Dramas",An attempt to launder stolen money finances a cryptocurrency that puts entrepreneurs in business with a corrupt FBI agent and a Miami gang.
s4765,TV Show,Luna Petunia: Return to Amazia,Unknown,"Ciara Alexys, Katie Griffin, Cory Doran, Jonah Weinberg, Stephanie Lynn Robinson, Stephanie Anne Mills, Robert Tinkler","Canada, United States","July 20, 2018",2018,TV-Y,2 Seasons,Kids' TV,"Luna Petunia returns to magical Amazia, adding memories to her scrapbook with old friends – and a new pal from the Animal Empire."
s808,Movie,Seven Souls in the Skull Castle: Season Moon Kagen,Hidenori Inoue,"Mamoru Miyano, Hiroki Suzuki, Tomoki Hirose, Ryo Kimura, Kodai Matsuoka, Aki Hano, Tetsuya Chiba",Unknown,"June 2, 2021",2017,TV-PG,212 min,"Action & Adventure, Dramas, International Movies","Japan, 1590. Wandering samurai band together to take on the lord of Skull Castle in the “Moon Kagen” version of the show, performed in a 360º theater."
s1031,Movie,Four Sisters Before the Wedding,Mae Czarina Cruz,"Alexa Ilacad, Charlie Dizon, Gillian Vicencio, Belle Mariano, Dominic Ochoa, Carmina Villaroel, Irma Adlawan, Kakai Bautista, Cai Cortez, Jameson Blake, Joao Constancia, Jeremiah Lisbo, Clarence Delgado, Pinky Amador, Minnie Aguilar, Gigi De Lana, Toni Gonzaga, Bea Alonzo, Angel Locsin, Shaina Magdayao, Enchong Dee",Philippines,"April 16, 2021",2020,TV-MA,116 min,"Children & Family Movies, Comedies, Dramas","When their parents' marriage threatens to crumble, the teenage Salazar siblings plot to reconcile them before their 20th wedding anniversary."
s1347,Movie,All My Friends Are Dead,Jan Belcl,"Julia Wieniawa-Narkiewicz, Mateusz Więcławek, Adam Graf Turczyk, Monika Krzywkowska, Nikodem Rozbicki, Kamil Piotrowski, Adam Bobik, Paulina Gałązka, Magdalena Perlińska, Katarzyna Chojnacka, Konrad Żygadło, Szymon Roszak, Michał Sikorski, Aleksandra Pisula, Wojciech Łozowski, Michał Meyer, Adam Woronowicz",Poland,"February 3, 2021",2020,TV-MA,97 min,"Comedies, Dramas, International Movies","A group of friends at a New Year’s Eve party go through a whirlwind of events that exposes secrets, breaks hearts — and leads to a shocking outcome."
s4511,Movie,Apostle,Gareth Evans,"Dan Stevens, Lucy Boynton, Michael Sheen, Mark Lewis Jones, Bill Milner, Kristine Froseth, Paul Higgins, Richard Elfyn, Elen Rhys, Ross O'Hennessy","United Kingdom, United States","October 12, 2018",2018,TV-MA,130 min,"Horror Movies, International Movies, Thrillers","In 1905, a drifter on a dangerous mission to rescue his kidnapped sister tangles with a sinister religious cult on an isolated island."
s8460,Movie,The Plan,Keerthi,"Anant Nag, Koustubh Jayakumar, Hemanth, Shreeram, Jay, Sanath, Pramod Shetty, Harish Roy",India,"March 1, 2018",2015,TV-MA,124 min,"Dramas, International Movies, Thrillers","After being sent to a remote prison, three young men suffer under the watchful eye of their jailer and make a meticulous plan to escape."
s7574,TV Show,Nature's Great Race,Unknown,Liz Bonnin,United Kingdom,"October 1, 2017",2016,TV-PG,1 Season,"British TV Shows, Docuseries, Science & Nature TV","Epic footage captures three of the world's most significant land migrations, following elephants, caribou and zebras on their treacherous journeys."
s648,TV Show,The Parisian Agency: Exclusive Properties,Unknown,"Olivier Kretz, Sandrine Kretz, Valentin Kretz, Martin Kretz, Louis Kretz",Unknown,"June 23, 2021",2021,TV-G,1 Season,"International TV Shows, Reality TV",This reality series follows the Kretz family and their luxury property business as they help clients buy and sell fabulous homes in France and abroad.
s3107,TV Show,Lost in Space,Unknown,"Molly Parker, Toby Stephens, Max Jenkins, Taylor Russell, Mina Sundwall, Parker Posey, Ignacio Serricchio",United States,"December 24, 2019",2019,TV-PG,2 Seasons,"TV Action & Adventure, TV Dramas, TV Sci-Fi & Fantasy","After crash-landing on an alien planet, the Robinson family fights against all odds to survive and escape. But they're surrounded by hidden dangers."
s8735,Movie,Who the F**k Is That Guy?,Drew Stone,Michael Alago,United States,"September 1, 2017",2017,TV-MA,78 min,"Documentaries, LGBTQ Movies, Music & Musicals","Take a ride through the life of record exec Michael Alago, a gay Puerto Rican New Yorker who signed a slew of musical acts, including Metallica."
s5765,Movie,Bombshell,Riccardo Pilizzeri,"Ande Cunningham, Mark Mitchinson, Mia Pistorius, Nathalie Boltt, Nathan Lovejoy, Colin Moy, Jay Simon, Coen Falke, Greta Gregory, Byron Coll",New Zealand,"October 1, 2016",2016,TV-MA,86 min,Dramas,"In 1985, when a vessel protesting nuclear testing is sunk in New Zealand, local police fight to prove it was a terrorist plot by their French allies."
s6606,Movie,Di Renjie zhi Sidatianwang,Hark Tsui,"Mark Chao, Feng Shaofeng, Kenny Lin, Carina Lau, Ethan Juan, Sandra Ma","China, Hong Kong","February 6, 2019",2018,TV-14,132 min,"Action & Adventure, International Movies, Sci-Fi & Fantasy","Framed by an empress who plans to steal a dragon-taming mace, imperial magistrate Dee Renjie soon uncovers a greater plot that threatens the kingdom."
s527,TV Show,Orange Is the New Black,Unknown,"Taylor Schilling, Kate Mulgrew, Laura Prepon, Jason Biggs, Natasha Lyonne, Michael Harney, Uzo Aduba, Danielle Brooks, Samira Wiley, Dascha Polanco, Selenis Leyva, Nick Sandow, Yael Stone, Taryn Manning, Lea DeLaria, Matt McGorry, Emma Myles, Vicky Jeudy, Laverne Cox, Pablo Schreiber, Lori Petty, Ruby Rose, Adrienne C. Moore, Jackie Cruz, Elizabeth Rodriguez",United States,"July 6, 2021",2019,TV-MA,7 Seasons,"TV Comedies, TV Dramas","A privileged New Yorker ends up in a women's prison when a past crime catches up with her in this Emmy-winning series from the creator of ""Weeds."""
s6682,Movie,Elizabeth at 90: A Family Tribute,John Bridcut,Unknown,United Kingdom,"May 22, 2017",2016,TV-G,90 min,Documentaries,A blend of the royal family's intimate recollections and rarely seen home movies pays tribute to Queen Elizabeth II on the eve of her 90th birthday.
s3015,Movie,Deadcon,Caryn Waechter,"Lauren Elizabeth, Claudia Sulewski, Keith Machekanyanga, Mimi Gianopulos, Lukas Gage, Carl Gilliard, Caeli, Mark Dohner, Jessie Paege, Richard Kohnke, Dominic Burgess, Judah Mackey",United States,"January 16, 2020",2019,TV-14,78 min,Horror Movies,"A group of uber-popular, social media influencers’ trip to a digital media festival grows dark when an evil spirit wants to lure them to their demise."
s5325,TV Show,20 Minutes,Unknown,"Tuba Büyüküstün, Ilker Aksum, Bülent Emin Yarar, İpek Bilgin, Müjde Uzman, Firat Çelik, Ayten Uncuoglu, Cihat Tamer",Turkey,"August 15, 2017",2013,TV-MA,1 Season,"Crime TV Shows, International TV Shows, TV Dramas","When his wife is convicted of murder, a horrified family man races to prove her innocence while a dogged investigator sets out to uncover the truth."
s1379,Movie,Penguin Bloom,Glendyn Ivin,"Naomi Watts, Andrew Lincoln, Jacki Weaver, Griffin Murray-Johnston, Rachel House, Leeanna Walsman, Lisa Hensley, Felix Cameron, Abe Clifford-Barr","Australia, United States","January 27, 2021",2021,TV-14,95 min,"Children & Family Movies, Dramas","As a mom copes with the aftermath of a harrowing accident, she finds inspiration from an injured magpie taken in by her family. Based on a true story."
s5000,Movie,Expedition China,Ben Wallis,Maggie Q,Unknown,"March 4, 2018",2017,TV-G,78 min,"Children & Family Movies, Documentaries","Cinematographers visit the remote forests and mountains of China in hopes of capturing footage of pandas, monkeys, red-crowned cranes and more."
s2436,Movie,Life's Speed Bump,Wael Ehsan,"Ahmed Helmy, Nour, Ezzat Abou Aouf, Ahmed Rateb, Ahmed Saeed Abdel-Ghany, Menna Arafa",Egypt,"June 2, 2020",2006,TV-14,109 min,"Comedies, International Movies","Seeking job opportunities, a young man arrives in Cairo and becomes increasingly involved with the family of a wealthy businessman."
s8557,Movie,The Wedding Party 2: Destination Dubai,Niyi Akinmolayan,"Enyinna Nwigwe, Daniella Down, Banky Wellington, Adesua Etomi, Somkele Iyamah, Iretiola Doyle, Sola Sobowale, Michael De Pinna, Lynita Crofford, Patience Ozokwor",Nigeria,"September 21, 2019",2017,TV-14,98 min,"Comedies, International Movies, Romantic Movies","In this sequel to the 2016 hit ""The Wedding Party,"" a couple's date night ends in an accidental proposal, sparking a series of chaotic family events."
s4712,TV Show,On Children,Unknown,"Chuan-Chen Yeh, Chung Hsin-ling, Frances Wu, Chiung-Hsuan Hsieh, Su-Yun Ko, Ivy Yin, Gingle Wang, Hsiu-Fu Liu, Tzu-Chuan Liu, Yu-Xuan Wang",Taiwan,"August 5, 2018",2018,TV-14,1 Season,"International TV Shows, TV Dramas, TV Mysteries","These uncanny tales reveal a world where individuals face the tragic consequences of social pressure, parental oppression and family dysfunction."
s7542,Movie,My Little Pony Equestria Girls: Friendship Games,"Ishi Rudell, Jayson Thiessen","Tara Strong, Rebecca Shoichet, Ashleigh Ball, Andrea Libman, Tabitha St. Germain, Cathy Weseluck, Iris Quinn, Nicole Oliver","United States, Canada","December 1, 2015",2015,TV-Y,72 min,"Children & Family Movies, Comedies","Rainbow Dash, Applejack and friends compete against Crystal Prep Academy and their lead athlete, this world's Twilight Sparkle, in sporting events."
s8515,Movie,The spiral,Krzysztof Zanussi,"Jan Nowicki, Maja Komorowska, Zofia Kucówna, Aleksander Bardini, Jan Świderski, Seweryna Broniszówna, Piotr Garlicki, Marian Glinka",Poland,"October 1, 2019",1978,TV-MA,84 min,"Dramas, Independent Movies, International Movies","When an unbearable stranger arrives at a winter mountain resort and vanishes overnight, his dark past comes to light."
s6510,TV Show,Club Friday To Be Continued - The Promise,Unknown,"Jirayu La-ongmanee, Focus Jirakul",Unknown,"April 20, 2018",2016,TV-MA,1 Season,"International TV Shows, Romantic TV Shows, TV Dramas","Two young lovers vow to stay friends through thick and thin, but separation tests their bond until fate allows them to reunite."
s2227,TV Show,Single Wives,Unknown,"Fifi Box, Matthew Hussey",Australia,"July 18, 2020",2018,TV-MA,1 Season,"Reality TV, Romantic TV Shows","Looking for a second chance at love, four formerly married women are put in various romantic situations then receive feedback from a dating coach."
s2834,Movie,Guilty,Ruchi Narain,"Kiara Advani, Akansha Ranjan Kapoor, Gurfateh Pirzada, Taher Shabbir, Niki Walia, Manu Rishi Chadha, Dalip Tahil, Kunal Vijaykar",India,"March 6, 2020",2020,TV-MA,120 min,"Dramas, International Movies","When a college heartthrob is accused of rape by a less popular student, his girlfriend navigates various versions of the story in search of the truth."
s4145,TV Show,Sword Art Online Alternative: Gun Gale Online,Unknown,"Tomori Kusunoki, Yoko Hikasa, Kazuyuki Okitsu, Chinatsu Akasaki",Japan,"February 1, 2019",2018,TV-MA,1 Season,"Anime Series, International TV Shows",College student Karen takes up Gun Gale Online and gets a reputation as the Pink Demon. Then her gaming buddy Pitohui asks her to join the Squad Jam.
s3997,TV Show,February 9,Unknown,"Shahd El Yaseen, Shaila Sabt, Hala, Hanadi Al-Kandari, Salma Salem, Ibrahim Al-Harbi, Mahmoud Boushahri, Yousef Al Balushi, Ghorour, Abdullah Al-bloshi",Unknown,"March 20, 2019",2018,TV-14,1 Season,"International TV Shows, TV Dramas","As a psychology professor faces Alzheimer's, his daughter and her three close female friends experience romance, marriage, heartbreak and tragedy."
s1152,Movie,Octonauts & the Ring of Fire,Blair Simmons,"Simon Greenall, Rob Rackstraw, Jo Wyatt, Paul Buckley, Simon Foster, Teresa Gallagher, Richard Grieve, Michael Murphy, Paul Panting, Keith Wickham","China, United Kingdom","March 30, 2021",2021,TV-Y,73 min,Children & Family Movies,"When red-hot volcanoes start a chain reaction of disasters across the ocean, the Octonauts must work together to face their biggest challenge yet."
s4469,Movie,Heneral Luna,Jerrold Tarog,"John Arcilla, Mon Confiado, Arron Villaflor, Joem Bascon, Archie Alemania, Art Acuña, Alex Medina, Nonie Buencamino, Lorenz Martinez, Jeffrey Quizon, Alvin Anson, Mylene Dizon, Bing Pimentel, Leo Martinez, Ketchup Eusebio, Ronnie Lazaro, Paulo Avelino",Philippines,"October 31, 2018",2015,R,118 min,"Dramas, International Movies",Flashbacks reveal Gen. Antonio Luna's tireless fight for Filipino independence from the U.S. and his leadership in the Philippine-American War in 1899.
s3954,TV Show,Kicko & Super Speedo,Unknown,Unknown,Unknown,"April 1, 2019",2018,TV-Y7,1 Season,"Kids' TV, TV Comedies",This high-energy animated series follows a gutsy kid and his trusty race-car pal as they save their city from bad guys and their scary vehicles.
s5642,Movie,Under the Shadow,Babak Anvari,"Narges Rashidi, Avin Manshadi, Bobby Naderi, Ray Haratian, Arash Marandi, Hamidreza Djavdan, Soussan Farrokhnia, Bijan Daneshmand, Sajjad Delafrooz, Behi Djanati Atai","United Kingdom, Jordan, Qatar, Iran","January 7, 2017",2016,PG-13,84 min,"Horror Movies, International Movies, Thrillers","During the Iran-Iraq conflict, a Tehran woman caring for her daughter while her husband is at war is gradually convinced evil spirits are at work."
s3108,Movie,Jacob's Ladder,David M. Rosenthal,"Michael Ealy, Jesse Williams, Nicole Beharie, Guy Burnet, Joseph Sikora, Karla Souza, Ritchie Coster, Jon Eyez",United States,"December 22, 2019",2019,R,90 min,Thrillers,"After being reunited with a brother he thought was killed in combat, a former army medic begins to experience violent, paranoid visions."
s7336,Movie,"Look Out, Officer",Sze Yu Lau,"Stephen Chow, Bill Tung, Stanley Sui-Fan Fung, Vivian Chan, Indra Leech, Amy Yip",Hong Kong,"August 16, 2018",1990,TV-14,88 min,"Action & Adventure, Comedies, International Movies",An officer killed on the job returns to Earth as a ghost to solve his own murder and seek justice with the help of a rookie cop and some funky magic.
s7410,TV Show,Mars,Everardo Gout,"Jihae, Alberto Ammann, Clémentine Poidatz, Anamaria Marinca, Sammi Rotibi, Nicholas Wittman, Cosima Shaw",United States," November 1, 2019",2018,TV-PG,2 Seasons,"Docuseries, Science & Nature TV, TV Dramas",Fact meets fiction in this docudrama chronicling the journey of a spacecraft crew as it embarks in 2033 on a mission to colonize the red planet.
s6957,Movie,Hell or High Water,David Mackenzie,"Jeff Bridges, Chris Pine, Ben Foster, Gil Birmingham, Marin Ireland, Katy Mixon, Dale Dickey, Kevin Rankin, William Sterchi",United States,"January 1, 2019",2016,R,102 min,"Dramas, Independent Movies","In a desperate bid to save their family ranch, two brothers stage a series of clever bank robberies with a pair of Texas Rangers in hot pursuit."
s5007,Movie,Battle Drone,Mitch Gould,"Louis Mandylor, Daniel Southworth, Richard Alan Reid, Oleg Taktarov, Natassia Malthe, Jason Earles, Dominique Swain, Michael Paré",United States,"March 1, 2018",2018,TV-MA,94 min,"Action & Adventure, Independent Movies, Sci-Fi & Fantasy","A team of mercenaries working with the CIA accepts an off-the-books mission in Chernobyl, where deadly human-controlled droids prepare an ambush."
s862,Movie,Little Singham Future mein Satakli,Prakash Satam,"Anamaya Verma, Ganesh Divekar, Jigna Bharadhwaj, Saumya Daan, Sonal Kaushal, Sumriddhi Shukla",Unknown,"May 20, 2021",2021,TV-Y7,47 min,"Children & Family Movies, Comedies","Little Singham and his crew travel to the year 2050 to rescue kids from the evil rule of Junglee Joker, who has forbidden them from laughter or play!"
s6556,Movie,Dallas Buyers Club,Jean-Marc Vallée,"Matthew McConaughey, Jennifer Garner, Jared Leto, Denis O'Hare, Steve Zahn, Michael O'Neill, Dallas Roberts, Griffin Dunne, Kevin Rankin, Donna DuPlantier",United States,"January 16, 2018",2013,R,117 min,"Dramas, Independent Movies, LGBTQ Movies","Refusing to accept a death sentence from his doctor after being diagnosed with AIDS in 1986, Ron Woodroof smuggles medications from abroad."
s4562,Movie,Delhi 6,Rakeysh Omprakash Mehra,"Abhishek Bachchan, Sonam Kapoor, Waheeda Rehman, Om Puri, Prem Chopra, Atul Kulkarni, Pavan Malhotra, Divya Dutta, Deepak Dobriyal, Sheeba Chaddha",India,"October 1, 2018",2009,TV-14,128 min,"Dramas, International Movies","In the ancient walled city of Delhi, an American-born Indian finds himself on an unexpected inner journey as he learns about himself and his roots."
s2350,TV Show,It's Okay to Not Be Okay,Unknown,"Kim Soo-hyun, Seo Yea-ji, Oh Jung-se, Park Gyu-young, Kim Ju-hun, Kim Chang-wan, Kim Mee-kyung, Kang Ki-doong, Jang Young-nam",South Korea,"June 21, 2020",2020,TV-MA,1 Season,"International TV Shows, Korean TV Shows, Romantic TV Shows",An extraordinary road to emotional healing opens up for an antisocial children's book writer and a selfless psych ward caretaker when they cross paths.
s8397,Movie,The Lives of Others,Florian Henckel von Donnersmarck,"Ulrich Mühe, Martina Gedeck, Sebastian Koch, Ulrich Tukur, Thomas Thieme, Hans-Uwe Bauer, Volkmar Kleinert, Matthias Brenner, Charly Hübner",Germany,"March 15, 2019",2006,R,138 min,"Dramas, International Movies, Thrillers","As a secret police agent eavesdrops on a successful writer in East Germany in 1984, he becomes increasingly fascinated by the man's life and politics."
s1787,Movie,La Gran Ilusión,Antonio Díaz,Antonio Díaz,Unknown,"October 28, 2020",2016,TV-14,50 min,International Movies,"Known as ""El Mago Pop,"" illusionist Antonio Díaz shocks and awes celebrities and bystanders around the world with his mind-blowing performances."
s5664,Movie,Sister Cities,Sean Hanish,"Jacki Weaver, Troian Bellisario, Stana Katic, Michelle Trachtenberg, Jess Weixler, Alfred Molina, Amy Smart, Tom Everett Scott, Kaia Gerber, Aimee Garcia, Kathy Baker, Peter Jason",United States,"December 16, 2016",2016,TV-MA,88 min,Dramas,"After years of estrangement, four sisters gather in the wake of their mother's death, which may or may not have been a suicide."
s5081,Movie,Pyar Ke Do Pal,Rajiv Mehra,"Mithun Chakraborty, Jayapradha, Simple Kapadia, Krishan Dhawan, Jagdeep, Bindu, Satyendra Kapoor, Shubha Khote, Amrit Pal, Lalita Pawar",India,"January 15, 2018",1986,TV-14,153 min,"Dramas, International Movies, Music & Musicals","Twins separated by a court order meet at camp and decide to reunite their parents, unaware of the dark secret that drove them apart years before."
s8007,Movie,Shopkins: Wild,"Adele K. Thomas, Richard Bailey","Kate Murphy, Cassandra Morris, Kayli Mills, Abby Trott, Brianna Plantano, Laura Stahl, Philece Sampler",Australia,"November 15, 2018",2018,TV-Y,75 min,Movies,Beloved movie star Scarletta Gateau visits Shopville and recruits the Shopkins for a quest through the jungle to the mysterious world of Pawville.
s4114,Movie,Yucatán,Daniel Monzón,"Luis Tosar, Rodrigo de la Serna, Joan Pera, Stephanie Cayo, Gloria Muñoz, Adrián Núñez, Alicia Fernández, Jorge Asín, Agustín Jiménez, Lupe Cartié Roda, Txell Aixendri, Xavi Lite, Alejandro Vera, João Lagarto",Spain,"February 15, 2019",2018,TV-MA,130 min,"Comedies, International Movies",Competing con artists attempt to creatively and ruthlessly swindle a fatherly lottery winner while on a lively cruise from Spain to Mexico.
s8593,TV Show,Timeless Season,Unknown,"Loo Aye Keng, Chen Ke Mei, Hady, Hishiko Woo, Jiang Pei Pei, Steve Yap",Unknown,"September 18, 2017",2009,TV-14,1 Season,"International TV Shows, TV Dramas","A decade after college, a wake reunites five female friends struggling with illness, infidelity, toxic in-laws, spousal abuse and other life issues."
s2533,Movie,Dilan 1991,"Fajar Bustomi, Pidi Baiq","Iqbaal Ramadhan, Vanesha Prescilla, Ira Wibowo, Bucek Depp, Happy Salma, Farhan, Maudy Koesnaedi, Jerome Kurnia",Indonesia,"May 14, 2020",2019,TV-14,118 min,"Dramas, International Movies, Romantic Movies","Dilan's involvement in the motorbike gang imperils his relationship with Milea, whose distant relative returns from Belgium."
s8196,Movie,The Art of the Steal,Jonathan Sobol,"Kurt Russell, Jay Baruchel, Katheryn Winnick, Chris Diamantopoulos, Kenneth Welsh, Jason Jones, Terence Stamp, Matt Dillon, Devon Bostick","Canada, United States","December 8, 2018",2013,R,90 min,"Action & Adventure, Comedies, Independent Movies","Crunch Calhoun, a daredevil motorcyclist and mostly reformed con artist, agrees to do one last job: helping his brother Nicky steal a priceless book."
s2798,TV Show,Vampires,Unknown,"Oulaya Amamra, Suzanne Clément, Kate Moran, Mounir Amamra, Aliocha Schneider, Juliette Cardinski, Pierre Lottin, Dylan Robert, Bilel Chegrani, Antonia Buresi, Marilu Marini, Ayumi Roux",France,"March 20, 2020",2020,TV-MA,1 Season,"International TV Shows, TV Dramas, TV Horror","A Paris teen who's half human, half vampire grapples with her emerging powers and family turmoil as she's pursued by a secret vampire community."
s6027,TV Show,9 Months That Made You,Unknown,Demetri Goritsas,United States,"March 1, 2017",2016,TV-PG,1 Season,"British TV Shows, Docuseries, Science & Nature TV","Witness the wonders of human gestation through cutting-edge CGI, and learn how those nine months inside the womb can affect all aspects of one's life."
s6546,Movie,Cutie and the Boxer,Zachary Heinzerling,"Noriko Shinohara, Ushio Shinohara",United States,"June 14, 2018",2013,R,82 min,Documentaries,"A 2014 Oscar nominee for Best Documentary Feature, this film explores the symbiotic relationship of artists Ushio and Noriko Shinohara."
s7945,Movie,Satte Pe Satta,Raj N. Sippy,"Amitabh Bachchan, Hema Malini, Amjad Khan, Sachin, Shakti Kapoor, Ranjeeta Kaur, Paintal, Ranjeet",India,"December 31, 2019",1982,TV-14,153 min,"Comedies, Cult Movies, Dramas","The eldest of seven brothers who run a family farm together marries a pretty nurse, inspiring his country-bumpkin siblings to follow his example."
s6772,Movie,Flying Guillotine 2,"Kang Cheng, Shan Hua","Feng Ku, Chung Wang, Szu Shih, Lung Ti, Lo Lieh, Szu-Chia Chen",Hong Kong,"July 31, 2018",1978,TV-MA,88 min,"Action & Adventure, International Movies","The emperor's reign of terror expands. Heroic outlaw Ma Teng joins a squad of female rebels, whose leader is torn between family loyalties."
s4478,Movie,W/O Ram,Vijay Yelakanti,"Lakshmi Manchu, Aadarsh Balakrishna, Priyadarshi Pullikonda, Samrat Reddy, Shrikanth Iyyangar, Shrusti Dange",India,"October 26, 2018",2018,TV-MA,115 min,"Dramas, International Movies, Thrillers","Frustrated with the stalled investigation into her husband's murder, a woman searches for the killer on her own, putting herself in grave danger."
s2532,Movie,Dilan 1990,"Fajar Bustomi, Pidi Baiq","Vanesha Prescilla, Iqbaal Ramadhan, Debo Andryos, Giulio Parengkuan, Omara Esteghlal, Yoriko Angeline, Zulfa Maharani, Brandon Salim",Indonesia,"May 14, 2020",2018,TV-14,109 min,"Dramas, International Movies, Romantic Movies","At a Bandung high school, charming and rebellious Dilan vies for the affections of shy new student Milea."
s1998,Movie,The Take,James Watkins,"Idris Elba, Richard Madden, Charlotte Le Bon, Kelly Reilly, José Garcia, Vincent Londez, Arieh Worthalter, Mohamed Makhtoumi, Théo Costa-Marini, Jérôme Gaspard","United Kingdom, France, United States, Belgium, Luxembourg, China, Germany","September 16, 2020",2016,R,92 min,"Action & Adventure, International Movies","After a mix-up lands him in hot water, a skilled pickpocket is forced to help a no-nonsense CIA operative track a terrorist group in Paris."
s5320,Movie,Lynne Koplitz: Hormonal Beast,Marcus Raboy,Lynne Koplitz,United States,"August 22, 2017",2017,TV-MA,51 min,Stand-Up Comedy,"Unabashed comedian Lynne Koplitz offers a woman's take on being crazy, the benefits of childlessness and the three things all men really want."
s1036,Movie,The Zookeeper's Wife,Niki Caro,"Jessica Chastain, Johan Heldenbergh, Daniel Brühl, Timothy Radford, Efrat Dor, Iddo Goldberg, Shira Haas, Michael McElhatton, Val Maloku, Goran Kostic","Czech Republic, United Kingdom, United States","April 16, 2021",2017,PG-13,127 min,Dramas,"When the Nazis invade Poland, Warsaw Zoo caretakers work with the underground resistance to save Jews from the horrors of the Third Reich."
s204,Movie,Kyaa Kool Hain Hum 3,Umesh Ghadge,"Tusshar Kapoor, Aftab Shivdasani, Krishna Abhishek, Mandana Karimi, Shakti Kapoor, Darshan Jariwala, Sushmita Mukherjee, Meghna Naidu, Anand Kumar, Claudia Ciesla",India,"August 27, 2021",2016,TV-MA,124 min,"Comedies, International Movies","When an unlikely porn actor falls for a woman outside the industry, he employs his co-stars as a stand-in traditional family to impress her father."
s1553,TV Show,Tiny Pretty Things,Unknown,"Lauren Holly, Kylie Jefferson, Casimere Jollette, Brennan Clost, Barton Cowperthwaite, Bayardo De Murguia, Damon J. Gillespie, Anna Maiche, Daniela Norman, Michael Hsu Rosen, Tory Trowbridge",United States,"December 14, 2020",2020,TV-MA,1 Season,"TV Dramas, TV Mysteries, TV Thrillers","When an attack brings down the star student at an elite ballet school, her replacement enters a world of lies, betrayal — and cutthroat competition."
s3336,Movie,Fire in Paradise,"Drea Cooper, Zackary Canepari",Unknown,United States,"November 1, 2019",2019,TV-MA,40 min,Documentaries,"In this documentary, survivors recall the catastrophic 2018 Camp Fire, which razed the town of Paradise and became California’s deadliest wildfire."
s1538,Movie,Lee Daniels' The Butler,Lee Daniels,"Forest Whitaker, Oprah Winfrey, John Cusack, Jane Fonda, Cuba Gooding Jr., Terrence Howard, Lenny Kravitz, James Marsden, David Oyelowo, Alan Rickman, Liev Schreiber, Robin Williams, Mariah Carey, Alex Pettyfer, Vanessa Redgrave, David Banner, Michael Rainey Jr.",United States,"December 16, 2020",2013,PG-13,132 min,Dramas,The life of a White House butler who worked for eight presidents unfolds against a backdrop of unparalleled change in American history.
s8637,Movie,True to the Game,Preston A. Whitmore II,"Columbus Short, Erica Peeples, Vivica A. Fox, Andra Fuller, Jamaar Simon, Starletta DuPois, Nelsan Ellis, Draya Michele, Nafessa Williams, Jennifer Freeman, Lisa Renee Pitts",United States,"March 1, 2018",2017,R,108 min,Dramas,"When a drug kingpin looking to go legit falls for a Philadelphia college student, it doesn't take long for his dangerous world to bleed into her life."
s2979,Movie,Kevin Hart: I'm a Grown Little Man,Shannon Hartman,Kevin Hart,United States,"January 30, 2020",2009,TV-MA,62 min,Stand-Up Comedy,"Stand-up comedy star Kevin Hart delivers his unique perspective on work, race, family and friends with this laugh-riot comedy show."
s3706,TV Show,Instant Hotel,Unknown,"Luke Jacobz, Juliet Ashworth",Australia,"June 28, 2019",2019,TV-MA,2 Seasons,"International TV Shows, Reality TV",Teams of Australian homeowners compete for the title of best Instant Hotel by staying overnight in each other's rentals and rating their experience.
s3893,TV Show,Street Food,Unknown,Unknown,United States,"April 26, 2019",2019,TV-PG,1 Season,Docuseries,Embark on a global cultural journey into street food and discover the stories of the people who create the flavorful dishes.
s1346,Movie,The Yin-Yang Master: Dream Of Eternity,Guo Jingming,"Mark Chao, Deng Lun, Wang Ziwen, Jessie Li, Wang Duo, Sun Chenjun, Xu Kaicheng, Jasper, Ju Xiaowen",China,"February 5, 2021",2021,TV-14,133 min,"Action & Adventure, International Movies","When a demonic serpent reawakens, the Yin-Yang Masters must solve a murder mystery and protect their realms from a dark conspiracy at the royal court."
s5245,TV Show,Star Trek: Enterprise,Unknown,"Scott Bakula, John Billingsley, Jolene Blalock, Dominic Keating, Anthony Montgomery, Linda Park, Connor Trinneer",United States,"October 1, 2017",2004,TV-14,4 Seasons,"Classic & Cult TV, TV Action & Adventure, TV Sci-Fi & Fantasy","Capt. Archer and his crew explore space and discover human innovation-expanding technologies as they meet new alien races in this ""Star Trek"" prequel."
s3537,Movie,Saawan,Farhan Alam,"Karam Hussain, Arif Bahlim, Najiba Faiz, Saleem Mairaj, Imran Aslam, Daniyal Yousuf, Sohail Malik, Ali Hafiz",Pakistan,"September 4, 2019",2016,TV-14,128 min,"Dramas, Independent Movies, International Movies","Outcast from society and left to die in the wilderness, a young boy with polio embarks on a journey to connect with his mother. Based on a true story."
s6543,TV Show,Crime Time,Unknown,"Augusto Madeira, Érico Brás, Gustavo Machado, Dionisio Neto, Fernanda Vianna, Georgina Castro, Leo Miranda, Marat Descartes, Mauricio Tarcinalli Barros, Sabrina Greve, Sérgio Malheiros",France,"January 31, 2019",2017,TV-MA,1 Season,"Crime TV Shows, International TV Shows, TV Action & Adventure","Born into poverty and trapped in a grim job as a cop in the favelas, a wannabe actor forges a bloody path to celebrity and wealth. Based on true events."
s7063,Movie,Incir Receli 2,Aytaç Ağırlar,"Halil Sezai Paracıkoğlu, Şafak Pekdemir, Ahmet Uz, Mehmet Selim Akgül, Sinan Çalışkanoğlu, Tuğba Sarıünal",Turkey,"March 10, 2017",2014,TV-14,103 min,"Dramas, International Movies, Romantic Movies","Grief-stricken over the death of his true love, singer-songwriter Metin has given up on life, until he meets Gizem, who slowly reawakens his heart."
s383,TV Show,All American,Unknown,"Daniel Ezra, Taye Diggs, Samantha Logan, Bre-Z, Greta Onieogou, Monet Mazur, Michael Evans Behling, Cody Christian, Karimah Westbrook, Jalyn Hall, Jordan Belfi, Briana Lane",United States,"July 27, 2021",2021,TV-14,3 Seasons,"TV Dramas, Teen TV Shows",Culture clashes and brewing rivalries test a teen football player from South Los Angeles when he’s recruited to the Beverly Hills High School team.
s8260,Movie,The Crow,Alex Proyas,"Brandon Lee, Rochelle Davis, Ernie Hudson, Michael Wincott, Bai Ling, Sofia Shinas, Anna Levine, David Patrick Kelly, Angel David, Laurence Mason, Michael Massee, Tony Todd, Jon Polito",United States,"January 1, 2019",1994,R,102 min,"Action & Adventure, Cult Movies, Sci-Fi & Fantasy","One year after Eric Draven and his fiancée are murdered, Draven – watched over by a hypnotic crow – returns from the grave to exact revenge."
s1178,Movie,Hospital,Brody Chu,"Lin Po-Hung, Tai Bo, Jacqueline Zhu, Lei Hong, Hsu Lichi, Yoko Young, Samuel Gu, Eunice Lin",Taiwan,"March 20, 2021",2020,TV-MA,90 min,"Horror Movies, International Movies","In an abandoned hospital in Tainan, visitors seeking to communicate with their relatives' spirits are haunted by disturbing, supernatural occurrences."
s8075,Movie,Spy Kids,Robert Rodriguez,"Antonio Banderas, Carla Gugino, Alan Cumming, Teri Hatcher, Cheech Marin, Danny Trejo, Robert Patrick, Tony Shalhoub, Alexa PenaVega, Daryl Sabara",United States,"April 1, 2019",2001,PG,88 min,"Children & Family Movies, Comedies",The tables are turned when pint-sized kids Carmen and Juni must rescue their secret-agent parents from the diabolical clutches of Alexander Minion.
s4863,TV Show,Saint Seiya: The Lost Canvas,Unknown,"Tetsuya Kakihara, Hiro Shimono, Aya Hirano, Atsushi Abe, Sanae Kobayashi, Kenta Miyake, Tomohiro Tsuboi, Nana Mizuki, Shigeru Chiba",Japan,"May 15, 2018",2009,TV-MA,1 Season,"Anime Series, International TV Shows",This anime adventure follows the battle between a saint of Athena and an avatar of Hades who's working on a painting that could destroy the world.
s4287,Movie,Prince of Peoria: A Christmas Moose Miracle,Jon Rosenbaum,"Gavin Lewis, Theodore Barnes, Shelby Simmons, Cynthia Kaye McWilliams",United States,"December 17, 2018",2018,TV-G,29 min,"Children & Family Movies, Comedies","Teddy's never missed the Festival of Lights, but the bowling alley’s been snowed in! Not to worry – Emil insists the Christmas moose will save the day."
s3050,TV Show,"Sex, Explained",Unknown,Janelle Monáe,United States,"January 2, 2020",2020,TV-MA,1 Season,"Docuseries, Science & Nature TV","From the biology of attraction to the history of birth control, explore the ins and outs of sex in this entertaining and enlightening series."
s6591,Movie,Delirium,Dennis Iliadis,"Topher Grace, Genesis Rodriguez, Patricia Clarkson, Callan Mulvey, Robin Thomas, Daisy McCrackin",United States,"September 1, 2018",2018,R,96 min,"Horror Movies, Thrillers",A man with a history of mental issues moves into his late parents' mansion and comes to suspect his new home may be haunted.
s1082,TV Show,"Nicky, Ricky, Dicky & Dawn",Unknown,"Brian Stepanek, Allison Munn, Aidan Gallagher, Casey Simpson, Mace Coronel, Lizzy Greene",United States,"April 12, 2021",2018,TV-G,4 Seasons,"Kids' TV, TV Comedies","Just because they're quadruplets, that doesn't mean these 10-year-olds always get along. But for all the bickering, they're loyal to the last."
s7553,Movie,Mythily Veendum Varunnu,Sabu Varghese,"Udhay, Kiran Raj, I.M. Vijayan, Sandhanam, Shivani Bhai, Sangeetha Balan",India,"August 1, 2018",2017,TV-PG,88 min,"Horror Movies, International Movies","After losing her father, a young woman moves to the city to earn money. When she finds a job at a mysterious bungalow, her worst nightmares come true."
s5255,TV Show,Mak Cun,Unknown,"Erma Fatima, Rahim Razali, Umie Aida, Nora Danish",Unknown,"September 29, 2017",2015,TV-PG,1 Season,"International TV Shows, TV Comedies, TV Dramas",A woman with an entrepreneurial spirit takes life into her own hands by starting a beauty cream business that inspires other women to take chances.
s6775,TV Show,Footprints in the Sand,Unknown,"Yenn Teoh, Leslie Chai, Elvis Chin, Candy Ice, Jacky Kam, Jordan Voon, Alvin Wong",United States,"October 16, 2017",2011,TV-14,1 Season,"International TV Shows, TV Dramas","Familial bonds strain as dramas concerning love, greed, business and generosity simmer across generations."
s5676,TV Show,Miss Panda & Mr. Hedgehog,Unknown,"Dong-hae Lee, Seung-ah Yoon, Jin-hyuk Choi, So-young Yoo, Yeo-jin Hong, Min-jin Jung",South Korea,"December 15, 2016",2012,TV-PG,1 Season,"International TV Shows, Korean TV Shows, Romantic TV Shows","When a gifted patissier with a gloomy past meets a bright and easygoing café owner, he begins to shed his thorns and learns to love again."
s5674,TV Show,K-POP Extreme Survival,Unknown,"Jung Eun Kim, Yu-hwan Park, Eun-ah Go, Yong Hwan Kwak, Jin Hyuk",South Korea,"December 15, 2016",2012,TV-14,1 Season,"International TV Shows, Korean TV Shows, Romantic TV Shows",Seung Yeon decides to chase her dream of becoming a K-pop star and audition for a popular group. There's only one catch: It's a boy band.
s7510,Movie,Moor,Jami,"Hameed Sheikh, Samiya Mumtaz, Shaz Khan, Abdul Qadir, Shabbir Rana, Sultan Hussain, Ayaz Samoo, Nayyar Ejaz, Sonia Hussain","Pakistan, United States","November 1, 2017",2015,TV-14,135 min,"Dramas, Independent Movies, International Movies","A railway stationmaster tries to cope with his wife's death, his estrangement from his son and the corrupt world in which he lives."
s5216,TV Show,In Laws,Unknown,"Kelvin Leong, Remon Lim, Loo Aye Keng, Lawrence Wong, Frederick Lee, Danielle Dai, Joey Leong",Unknown,"October 16, 2017",2016,TV-PG,1 Season,"International TV Shows, Romantic TV Shows, TV Dramas","Once domineered by her own mother, a well-meaning matriarch has trouble being lax with her children, especially when her daughter-in-law moves in."
s4461,Movie,Sommore: The Reign Continues,Kevin Layne,Sommore,United States,"November 1, 2018",2015,TV-MA,93 min,Stand-Up Comedy,"Self-proclaimed ""Queen of Comedy"" Sommore storms the stage to deliver a riotous stand-up performance in Charlotte, North Carolina."
s2181,TV Show,Toradora!,Unknown,"Rie Kugimiya, Junji Majima, Yui Horie, Hirofumi Nojima, Eri Kitamura, Sayaka Ohara, Ai Nonaka, Momoko Ishikawa, Hiroyuki Yoshino, Kazuyuki Okitsu, Rie Tanaka, Yuhko Kaida, Saori Goto",Japan,"August 1, 2020",2008,TV-14,1 Season,"Anime Series, International TV Shows, Romantic TV Shows","Menacing in appearance but gentle at heart, Ryūji forms an unlikely friendship with Taiga, a tiny girl with a sharp tongue and a tough attitude."
s5077,Movie,Arango y Sanint: Ríase el show,"Raúl Campos, Jan Suter","Julián Arango, Antonio Sanint",Colombia,"January 17, 2018",2018,TV-MA,62 min,Stand-Up Comedy,"Colombian stand-up comedians Antonio Sanint and Julián Arango impersonate an Argentine visitor and a cabbie, and a pair of dirty old men at the opera."
s6619,TV Show,Diva Brides,Unknown,Unknown,Unknown,"October 2, 2019",2017,TV-MA,1 Season,"British TV Shows, Reality TV","In this reality series, brides-to-be stop at nothing to have their dream weddings despite meager funds, fallouts with friends or even absent grooms."
s8432,TV Show,The Murder Detectives,Unknown,Unknown,United Kingdom,"March 31, 2017",2015,TV-MA,1 Season,"British TV Shows, Crime TV Shows, Docuseries","This series tracks the ups and downs of an 18-month investigation into the 2014 stabbing murder of teenager Nicholas Robinson in Bristol, England."
s8788,Movie,You Can’t Fight Christmas,Kenny Young,"Brely Evans, Andra Fuller, Persia White, Porscha Coleman, Travis Winfrey, Nathan Davis Jr., Dedrick Bonner, Matthew Jones, Larry Poindexter, Richard Gant, Marla Gibbs",United States,"December 19, 2017",2017,TV-PG,85 min,"Comedies, Romantic Movies","After stepping in to revitalize his family's hotel, a money-minded businessman clashes with the hotel's cheery, Christmas-loving decorator."
s2477,TV Show,History 101,Unknown,Unknown,United Kingdom,"May 22, 2020",2020,TV-14,1 Season,"British TV Shows, Docuseries, International TV Shows","Infographics and archival footage deliver bite-size history lessons on scientific breakthroughs, social movements and world-changing discoveries."
s8225,Movie,The Brawler,Ken Kushner,"Zach McGowan, Amy Smart, Joe Pantoliano, Burt Young, Tony Darrow, Nick Loeb, Taryn Manning, Jason James Richter",United States,"May 18, 2019",2019,TV-MA,95 min,"Dramas, Independent Movies, Sports Movies","Newly famous after challenging Muhammad Ali for a championship title, boxer Chuck Wepner spirals down the slippery slope of being a celebrity."
s3491,Movie,Birders,Otilia Portillo Padua,Unknown,"United States, Mexico","September 25, 2019",2019,TV-G,38 min,"Documentaries, International Movies",Bird watchers on both sides of the U.S.-Mexico border share their enthusiasm for protecting and preserving some of the world's most beautiful species.
s2797,Movie,Ultras,Francesco Lettieri,"Aniello Arena, Antonia Truppo, Ciro Nacca, Simone Borelli, Daniele Vicorito, Salvatore Pelliccia",Italy,"March 20, 2020",2020,TV-MA,109 min,"Dramas, International Movies, Sports Movies",An aging soccer fanatic faces down the reality of his past while struggling to give himself and a young follower very different futures.
s405,Movie,9to5: The Story of a Movement,Unknown,Unknown,Unknown,"July 22, 2021",2021,TV-MA,85 min,Documentaries,"In this documentary, female office workers in '70s Boston inspire change with a call for better pay, more opportunities and an end to sexual harassment."
s1049,TV Show,Power Players,Unknown,"Kieran Walton, Carlos Salazar, Greg Chun, Jamieson Price, Reba Buhr, Todd Haberkorn, Landon McDonald, Scott Whyte, Paul Haapaniemi","United States, France","April 15, 2021",2020,TV-Y,3 Seasons,Kids' TV,A kid transforms into an action figure-sized superhero and teams with his toys in a fight against a villainous robot to save the world.
s1792,TV Show,Chico Bon Bon: Monkey with a Tool Belt,Unknown,"Robbie Daymond, Dayci Brookshire, Anthony Tedesco, Andy Abbott, Roberta Lemons, Cole Seaver",United States,"October 27, 2020",2020,TV-Y,4 Seasons,Kids' TV,"Armed with tools and engineering smarts, monkey mechanic Chico Bon Bon and his Fix-It Force help the people of Blunderburg solve all of their problems."
s2804,Movie,Lu Over the Wall,Masaaki Yuasa,"Kanon Tani, Shota Shimoda, Shinichi Shinohara, Akira Emoto, Soma Saito, Minako Kotobuki, Daigo, Nobu",Japan,"March 18, 2020",2017,PG,113 min,"Anime Features, Music & Musicals, Sci-Fi & Fantasy",Middle schooler Kai's depressing life in a boring fishing village changes drastically when a local mermaid named Lu joins his band.
s5327,Movie,Colin Quinn: Unconstitutional,Jay Chapman,Colin Quinn,United States,"August 15, 2017",2015,TV-MA,56 min,Stand-Up Comedy,New York comedian Colin Quinn writes and stars in this live one-man stage show that dissects and deconstructs U.S. constitutional history.
s4255,TV Show,Hashoter Hatov,Unknown,"Moshe Ivgy, Guy Loel, Yuval Semo, Yigal Adika, Avi Shnaidman, Vered Feldman, Liora Rivlin",Israel,"December 28, 2018",2015,TV-MA,1 Season,"Crime TV Shows, International TV Shows, TV Comedies",An honest – though overzealous – police officer strives to do good work while dealing with his bickering parents and incompetent coworkers.
s4665,TV Show,Age of Rebellion,Peter Ho,"Peter Ho, Jeanine Yang, Tammy Chen, Jason Tsou, Chang Ting-hu, Nana Lee, Nien Hsuan Wu",Taiwan,"September 1, 2018",2018,TV-MA,1 Season,"Crime TV Shows, International TV Shows, TV Dramas","At their high school, a group of unruly teens wreak havoc, face bullies and navigate turbulent lives beyond school grounds."
s8034,Movie,Sky on Fire,Ringo Lam,"Daniel Wu, Joseph Chang, Amber Kuo, Zhang Jingchu, Ruoyun Zhang","China, Hong Kong","August 5, 2017",2016,TV-MA,100 min,"Action & Adventure, International Movies",The security chief at a top-level medical facility must fight to ensure that revolutionary cancer research doesn't fall into the wrong hands.
s2255,TV Show,The Protector,Unknown,"Çağatay Ulusoy, Ayça Ayşin Turan, Hazar Ergüçlü, Okan Yalabık, Mehmet Kurtuluş, Yurdaer Okur",Turkey,"July 9, 2020",2020,TV-MA,4 Seasons,"International TV Shows, Romantic TV Shows, TV Action & Adventure","Discovering his ties to a secret ancient order, a young man living in modern Istanbul embarks on a quest to save the city from an immortal enemy."
s2468,Movie,I'm No Longer Here,Fernando Frías de la Parra,"Juan Daniel García, Angelina Chen, Jonathan Espinoza, Coral Puente, Tania Alvarado, Fanny Tovar, Luis Leonardo Zapata, Yahir Alday, Leonardo Garza, Yocelin Coronado, Deyanira Coronado","Mexico, United States","May 27, 2020",2019,TV-MA,112 min,"Dramas, Independent Movies, International Movies","A terrible misunderstanding with a local gang sends 17-year-old Ulises, leader of a group hooked on cumbia music, across the border to save his life."
s3566,Movie,Mayday Life,Muh Chen,"Mayday, Huang Bo, Tony Leung Ka-fai","China, Taiwan","August 23, 2019",2019,TV-PG,120 min,"International Movies, Music & Musicals",Mayday's Life Tour concert unfolds as five fading superheroes are summoned to save the world from an extraterrestrial enemy that detests sound.
s4673,TV Show,Cathedral of the Sea,Unknown,"Daniel Grao, Ginés García Millán, Óscar Hernández, Alain Hernández, Nora Navas, Lucía Díez, Jorge Kent, Ali El Aziz, Julia Carnero, David Venancio Muro, Jonás Beramí, Hugo Arbues, Natalia de Molina",Spain,"August 31, 2018",2017,TV-MA,1 Season,"International TV Shows, Spanish-Language TV Shows, TV Dramas","In 14th-century Barcelona, a serf's determined climb to wealth and freedom incurs the disdain of the noble class and the suspicion of the Inquisition."
s2898,Movie,The Last Thing He Wanted,Dee Rees,"Anne Hathaway, Ben Affleck, Willem Dafoe, Toby Jones, Rosie Perez, Edi Gathegi, Mel Rodriguez, Onata Aprile",United States,"February 21, 2020",2020,R,116 min,"Dramas, Thrillers",A hard-hitting reporter becomes entangled in the story she’s trying to break when she helps her ailing father broker an arms deal in Central America.
s936,Movie,Madagascar 3: Europe's Most Wanted,"Eric Darnell, Tom McGrath, Conrad Vernon","Ben Stiller, Chris Rock, David Schwimmer, Jada Pinkett Smith, Sacha Baron Cohen, Cedric the Entertainer, Andy Richter, Tom McGrath, Frances McDormand, Jessica Chastain, Bryan Cranston, Martin Short",United States,"May 1, 2021",2012,PG,96 min,"Children & Family Movies, Comedies","Next stop: New York! But to get back home, Alex and friends must hitch a ride with a traveling European circus and evade an evil animal-control officer."
s3341,TV Show,Maid-Sama!,Unknown,"Ayumi Fujimura, Nobuhiko Okamoto, Kazuyoshi Shiibashi, Kana Hanazawa, Yu Kobayashi, Mitsuhiro Ichiki, Takuma Terashima, Yoshimasa Hosoya",Japan,"November 1, 2019",2010,TV-14,1 Season,"Anime Series, Romantic TV Shows","To keep the boys in line, student council president Misaki runs the school with an iron fist – while secretly working as a waitress at a maid café."
s2805,TV Show,Women Of The Night,Unknown,"Karina Smulders, Susan Radder, Hilde Van Mieghem, Thijs Römer, Matteo van der Grijn, Daphne Wellens, Steef de Bot, Isis Cabolet, Dragan Bakema, Saman Amini, Roeland Fernhout, Anne-Laure Vandeputte",Netherlands,"March 18, 2020",2019,TV-MA,1 Season,"Crime TV Shows, International TV Shows, TV Dramas","Haunted by a shadowy past, the wife of a rising star in Amsterdam's mayoral office finds herself drawn into the city’s underworld of sex and drugs."
s8522,Movie,The Sunshine Makers,Cosmo Feilding-Mellen,Unknown,United Kingdom,"March 9, 2017",2015,TV-MA,91 min,"Documentaries, International Movies","Take a trip and witness the rise and fall of Tim Scully and Nicholas Sand, improbable pioneers of the drug counterculture during the 1960s."
s8442,Movie,The Nutcracker and the Four Realms,"Lasse Hallström, Joe Johnston","Mackenzie Foy, Keira Knightley, Helen Mirren, Morgan Freeman, Matthew Macfadyen, Eugenio Derbez, Miranda Hart, Jack Whitehall, Ellie Bamber, Richard E. Grant, Omid Djalili, Tom Sweet, Misty Copeland, Sergei Polunin, Meera Syal",United States,"May 28, 2019",2018,PG,99 min,Children & Family Movies,"When her late mother gifts her a key, Clara embarks on a dreamlike journey full of fantasy and conflict in this retelling of the holiday classic."
s4361,Movie,The World Is Yours,Romain Gavras,"Isabelle Adjani, Karim Leklou, François Damiens, Vincent Cassel, Oulaya Amamra",France,"November 30, 2018",2018,TV-MA,101 min,"Action & Adventure, Comedies, International Movies","To escape his life of crime, a Paris drug dealer takes on one last job involving Spain, unhinged gangsters, his longtime crush and his scheming mother."
s2354,Movie,Chaman Bahaar,Apurva Dhar Badgaiyann,"Jitendra Kumar, Ritika Badiani, Yogendra Tikku, Bhuvan Arora, Alam Khan, Dhirendra Tiwari, Ashwani Kumar, Bhagwan Tiwari",India,"June 19, 2020",2020,TV-MA,112 min,"Comedies, Dramas, International Movies","A local shop becomes a hub for young men taken with the new neighbor. But as business booms, it may leave the equally smitten storeowner heartbroken."
s7069,Movie,INDIA,Sanjeev Gupta,"Heeba Shah, Ashwin Shukla, Muskaan, Aldan Shaikh, Ayesha",India,"February 17, 2017",2014,NR,95 min,"Dramas, Independent Movies, International Movies","A man buys a young girl, code-names her ""Doll"" and sends her to live with a mother of two who has a mysterious mission to be fulfilled."
s6910,Movie,Hairspray,Adam Shankman,"Nikki Blonsky, John Travolta, Michelle Pfeiffer, Christopher Walken, Amanda Bynes, James Marsden, Queen Latifah, Zac Efron, Brittany Snow, Allison Janney, Elijah Kelley, Jerry Stiller","United States, United Kingdom, Canada","January 1, 2020",2007,PG,116 min,"Children & Family Movies, Comedies, Music & Musicals","In 1962, ambitious plus-size teen Tracy Turnblad tries to integrate a racially divided Baltimore one Watusi at a time."
s96,TV Show,The Circle,Unknown,Michelle Buteau,"United States, United Kingdom","September 8, 2021",2021,TV-MA,3 Seasons,Reality TV,"Status and strategy collide in this social experiment and competition show where online players flirt, befriend and catfish their way toward $100,000."
s7948,Movie,Savage Raghda,Mahmoud Karim,"Ramez Galal, Riham Hagag, Bayyumi Fuad, Entessar, Ahmed Fathy, Mohammed Tharwat",Egypt,"June 13, 2019",2018,TV-MA,93 min,"Comedies, International Movies, Romantic Movies","Desperate to support his son, a single father uses his talent with makeup to dress up as a woman to try out for a part in a commercial."
s681,TV Show,The Last Dance,Unknown,"Michael Jordan, Scottie Pippen, Dennis Rodman",United States,"June 19, 2021",2020,TV-MA,1 Season,Docuseries,"This docuseries gives a definitive account of Michael Jordan’s career and the 1990s Chicago Bulls, packed with unaired footage from the 1997-98 season."
s1487,Movie,Death to 2020,"Al Campbell, Alice Mathias","Samuel L. Jackson, Hugh Grant, Lisa Kudrow, Kumail Nanjiani, Tracey Ullman, Samson Kayo, Leslie Jones, Diane Morgan, Cristin Milioti, Joe Keery",United States,"December 27, 2020",2020,TV-MA,71 min,Comedies,"As the year we all want to end finally does, take a look back at 2020's mad glory in this comedic retrospective from the creators of ""Black Mirror."""
s2424,TV Show,Supernatural,Phil Sgriccia,"Jared Padalecki, Jensen Ackles, Mark Sheppard, Misha Collins, Jim Beaver, Andrea Menard, Samantha Smith, Mark Pellegrino, Alexander Calvert","United States, Canada","June 5, 2020",2019,TV-14,15 Seasons,"Classic & Cult TV, TV Action & Adventure, TV Horror","Siblings Dean and Sam crisscross the country, investigating paranormal activity and picking fights with demons, ghosts and monsters."
s7059,Movie,Immoral Tales,Walerian Borowczyk,"Lise Danvers, Fabrice Luchini, Charlotte Alexandra, Paloma Picasso, Pascale Christophe, Florence Bellamy, Jacopo Berinizi, Lorenzo Berinizi",France,"June 6, 2019",1974,UR,103 min,"Dramas, International Movies, Romantic Movies","This anthology illustrates the timeless nature of desire in four stories of incest, bloodlust and other forbidden subjects."
s5556,TV Show,Hoff the Record,Gordon Anderson,"David Hasselhoff, Asim Chaudhry, Fergus Craig, Mark Quartley, Ella Smith, Brett Goldstein",United Kingdom,"March 31, 2017",2016,TV-MA,2 Seasons,"British TV Shows, TV Comedies","TV star David Hasselhoff hopes to reboot his career in the U.K., but both his comeback plans and his personal life keep going off the rails."
s366,Movie,Eyes of a Thief,Najwa Najjar,"Khaled Abol El Naga, Souad Massi, Suhail Haddad, Malak Ermileh, Maisa Abd Elhadi, Walid Abdul Salam, Nisreen Faour, Areen Omari",", France, Algeria","July 30, 2021",2014,TV-14,103 min,"Dramas, Independent Movies, International Movies","After a decade in prison, a Palestinian man with a dark secret returns to the West Bank and searches for the daughter he lost long ago."
s8017,Movie,Siddhant,Vivek Wagh,"Vikram Gokhale, Swati Chitnis, Kishore Kadam, Ganesh Yadav, Sarang Sathaye, Archit Deodhar, Madhavi Soman, Neha Mahajan",India,"October 30, 2018",2014,TV-G,105 min,"Dramas, Independent Movies, International Movies",A principled mathematics teacher is shocked to discover that his grandson used unethical means to achieve academic success.
s6253,TV Show,Battle Creek,Unknown,"Josh Duhamel, Dean Winters, Aubrey Dollar, Edward Fordham Jr., Kal Penn, Janet McTeer, Liza Lapira, Damon Herriman, Meredith Eaton",United States,"December 31, 2015",2015,TV-14,1 Season,"Crime TV Shows, TV Comedies, TV Dramas","A polished FBI agent must team up with a cynical cop when he's dispatched to Battle Creek, Michigan, to set up an office at the local precinct."
s6909,Movie,Hadi İnşallah,Ali Taner Baltacı,"Büşra Pekin, Murat Boz, Cezmi Baskın, Şinasi Yurtsever, İdil Dizdar, Hülya Gülsen Irmak, Canan Özer, Şenay Bozoklar, Emrah Kaman, Müjde Uzman",Turkey,"April 4, 2018",2014,TV-14,95 min,"Comedies, International Movies, Romantic Movies",A young woman recovering poorly from a bad romance gets a new lease on life after encountering a handsome man during a job interview.
s6168,TV Show,Anjaan: Special Crimes Unit,Unknown,"Gashmeer Mahajani, Heena Parmar",India,"May 1, 2018",2018,TV-14,1 Season,"International TV Shows, TV Horror, TV Mysteries","The cases are supernatural; the police officers human. Together, cops Aditi and Vikrant must solve mysteries from the realm of the paranormal."
s7331,Movie,Logan's Run,Michael Anderson,"Michael York, Richard Jordan, Farrah Fawcett, Jenny Agutter, Peter Ustinov, Roscoe Lee Browne, Randolph Roberts, Gary Morgan, Greg Lewis",United States,"November 1, 2019",1976,PG,118 min,"Action & Adventure, Classic Movies, Cult Movies","In the 23rd century, inhabitants of a domed city exist in a world filled with life's pleasures – but no one is allowed to live past the age of 30."
s4354,TV Show,Death by Magic,Unknown,Drummond Money-Coutts,United States,"November 30, 2018",2018,TV-PG,1 Season,Reality TV,"Magician Drummond Money-Coutts travels the globe, sharing his infectious love of his craft and attempting feats that proved fatal to other magicians."
s2623,Movie,The Reliant,Paul Munger,"Kevin Sorbo, Mollee Gray, Eric Roberts, Brian Bosworth, Julia Denton, Blake Burt, Marisa Lynae Hampton, Josh Murray, Kiera Strauss, Tyler Sanders",United States,"April 28, 2020",2019,PG-13,116 min,"Dramas, Faith & Spirituality","When a town suffers an economic collapse, social unrest forces a family to seek refuge in the wilderness as bitter outlaws threaten their survival."
s1676,Movie,Break Ke Baad,Danish Aslam,"Imran Khan, Deepika Padukone, Shahana Goswami, Lillete Dubey, Sharmila Tagore, Navin Nischol, Parzan Dastur, Neelu Kohli, Ziyah Vastani, Yudhishtir Urs, Grady McGahan",India,"November 19, 2020",2010,TV-14,108 min,"Comedies, International Movies, Music & Musicals",Childhood friends Abhay and Aaliya experience plenty of obstacles in their paths as they find their way in the world and back to each other.
s5691,TV Show,From Dusk Till Dawn,Unknown,"D.J. Cotrona, Zane Holtz, Eiza Gonzalez, Jesse Garcia, Madison Davenport, Brandon Soo Hoo, Wilmer Valderrama, Robert Patrick, Jake Busey, Samantha Esteban, Don Johnson",United States,"December 5, 2016",2016,TV-MA,3 Seasons,"Classic & Cult TV, TV Action & Adventure, TV Horror",Bank-robbing brothers encounter vengeful lawmen and demons south of the border in this original series based on Robert Rodriguez' cult horror film.
s5222,TV Show,West Coast Customs,Unknown,"Ryan Friedlinghaus, Hunter Clancey",United States,"October 15, 2017",2015,TV-G,6 Seasons,"Docuseries, Reality TV","West Coast Customs, a mecca for well-heeled car lovers, stars as their team creates some of the most luxurious, outrageous vehicles on the planet."
s2938,TV Show,Dragons: Rescue Riders,Unknown,"Nicolas Cantu, Brennley Brown, Zach Callison, Skai Jackson, Noah Kaye Bentley, Andre Robinson, Marsai Martin",United States,"February 7, 2020",2020,TV-Y,2 Seasons,"Kids' TV, TV Comedies","Twins Dak and Leyla and their dragon friends devote their lives to rescuing others, defending their home of Huttsgalor and having fun along the way."
s2418,TV Show,13 Reasons Why,Unknown,"Dylan Minnette, Katherine Langford, Kate Walsh, Derek Luke, Brian d'Arcy James, Alisha Boe, Christian Navarro, Miles Heizer, Ross Butler, Devin Druid, Michele Selene Ang, Steven Silver, Amy Hargreaves",United States,"June 5, 2020",2020,TV-MA,4 Seasons,"Crime TV Shows, TV Dramas, TV Mysteries","After a teenage girl's perplexing suicide, a classmate receives a series of tapes that unravel the mystery of her tragic choice."
s4102,Movie,Candyflip,Shanawaz Nellikunnil,"Prashant Prakash, Kalki Koechlin, Prakash Raj, Gulshan Devaiah, Valeriya Polyanychko",India,"February 15, 2019",2017,TV-MA,104 min,"Dramas, Independent Movies, International Movies","On the incandescent shores of Goa, a young man tumbles down a mind-bending – and soon dangerous – series of trips after taking hallucinatory drugs."
s2323,TV Show,Homemade,Unknown,Unknown,"Chile, Italy","June 30, 2020",2020,TV-MA,1 Season,"International TV Shows, TV Dramas","Acclaimed filmmakers from around the world channel their creativity during COVID-19 isolation with this diverse, genre-spanning collection of short films."
s5860,Movie,Jimmy Carr: Funny Business,Sam Wrench,Jimmy Carr,United Kingdom,"March 18, 2016",2016,TV-MA,62 min,Stand-Up Comedy,British comedian Jimmy Carr unleashes his deadpan delivery and wickedly funny one-liners to a sold-out audience at the UK's Hammersmith Apollo.
s1657,Movie,Hillbilly Elegy,Ron Howard,"Amy Adams, Glenn Close, Gabriel Basso, Haley Bennett, Freida Pinto, Bo Hopkins, Owen Asztalos",United States,"November 24, 2020",2020,R,117 min,Dramas,"An urgent phone call pulls a Yale Law student back to his Ohio hometown, where he reflects on three generations of family history and his own future."
s5824,TV Show,Edge of the Universe,Unknown,Unknown,United Kingdom,"August 1, 2016",2008,TV-G,1 Season,"British TV Shows, Docuseries, Science & Nature TV","Leading astronomers reveal the latest discoveries about death-trap planets, asteroids, comets and other wonders of the cosmos."
s87,Movie,Prey,Thomas Sieben,"David Kross, Hanno Koffler, Maria Ehrich, Robert Finster, Yung Ngo, Klaus Steinbacher, Livia Matthes, Nellie Thalbach",Unknown,"September 10, 2021",2021,TV-MA,87 min,"International Movies, Thrillers",A hiking trip into the wild turns into a desperate bid for survival for five friends on the run from a mysterious shooter.
s190,TV Show,Bread Barbershop,Unknown,"Um Sang-hyun, Park Yoon-hee, Kang Shi-hyun, Hong Bum-ki, Kim Hyun-wook, Lee In-suk, Song Ha-rim",Unknown,"August 28, 2021",2020,TV-Y,2 Seasons,"Kids' TV, TV Comedies","In a town filled with food, Bread is a master cake decorator who gives life-changing makeovers that will put any customer in an amazing mood."
s4326,Movie,RUSSELL BRAND: RE:BIRTH,Chris Howe,Russell Brand,Unknown,"December 4, 2018",2018,TV-MA,63 min,Stand-Up Comedy,Russell Brand gets loquacious in London as he ruminates on the state of the world and marvels over how his life changed the moment he became a father.
s2808,TV Show,Shaun the Sheep: Adventures from Mossy Bottom,Unknown,"John Sparkes, Justin Fletcher, Marcus Brigstocke, Simon Greenall, Kate Harbour, Emma Tate, Andy Nyman, Richard Webber","United Kingdom, United States, Ireland","March 17, 2020",2020,TV-Y7,1 Season,"British TV Shows, Kids' TV, TV Comedies","Clever sheep Shaun, loyal dog Bitzer and the rest of the Mossy Bottom gang cook up oodles of fun and mischief on the farm."
s6096,Movie,After Porn Ends,Bryce Wagoner,Unknown,United States,"May 27, 2019",2012,NR,93 min,Documentaries,"This documentary explores the careers of some of porn's top stars and examines their adjustment to ""normal"" society after leaving adult entertainment."
s4516,Movie,Kuntilanak,Rizal Mantovani,"Sandrinna M Skornicki, Aurélie Moeremans, Fero Walandouw, Andryan Bima, Ciara Nadine Brosnan, Ali Fikry, Adlu Fahrezy, Nena Rosier, Naufal Ho, Aqi Singgih",Indonesia,"October 12, 2018",2018,TV-14,106 min,"Horror Movies, International Movies",Five youngsters discover that an antique mirror found in their orphanage is home to an evil ghost who kidnaps children and imprisons them inside it.
s4446,Movie,Kai Po Che!,Abhishek Kapoor,"Rajkummar Rao, Amit Sadh, Sushant Singh Rajput, Amrita Puri, Digvijay Deshmukh, Asif Basra, Manav Kaul, Ashish Kakkad",India,"November 1, 2018",2013,TV-MA,120 min,"Dramas, International Movies, Sports Movies",This Bollywood drama tells the story of three best friends who dream of starting a cricket training academy in Ahmedabad for very different reasons.
s5272,Movie,Strong Island,Yance Ford,Unknown,"United States, Denmark","September 15, 2017",2017,TV-MA,108 min,Documentaries,"The forces of family, grief and racial injustice converge in this powerful documentary exploring the murder of filmmaker Yance Ford's brother."
s3571,Movie,Game Over (Telugu Version),Ashwin Saravanan,"Taapsee Pannu, Vinodhini, Parvathi T, Ramya Subramanian, Sanchana Natarajan, Anish Kuruvilla, David Solomon Raja",Unknown,"August 21, 2019",2019,TV-MA,98 min,"Horror Movies, International Movies, Thrillers","As a series of murders hit close to home, a video game designer with PTSD must confront her demons, or risk becoming their victim."
s1348,Movie,Black Beach,Esteban Crespo,"Raúl Arévalo, Candela Peña, Paulina García, Claude Musungayi, Babou Cham, Lidia Nené, Melina Matthews, Emilio Buale, Mulie Jarju, Jimmy Castro, Fenda Drame, Dairon Tallon, Teresita Evuy, Olivier Bony","Spain, Belgium, United States","February 3, 2021",2020,TV-MA,116 min,"Action & Adventure, International Movies",A lawyer with a promising future is forced to deep dive into his past when he agrees to negotiate with an old friend turned kidnapper.
s1471,Movie,Alaska Is a Drag,Shaz Bennett,"Martin L. Washington Jr., Maya Washington, Matt Dallas, Christopher O'Shea, Jason Scott Lee, Margaret Cho, Kevin Daniels, John Fleck, Nia Peeples, Adam Tomei",United States,"December 31, 2020",2017,TV-MA,83 min,"Dramas, LGBTQ Movies","Tormented by bullies, an aspiring drag star working at an Alaskan cannery becomes a skilled fighter and is tapped for competition by a boxing coach."
s5949,Movie,The Ryan White Story,John Herzfeld,"Judith Light, Lukas Haas, Michael Bowen, Nikki Cox, George Dzundza, Valerie Landsburg, Sarah Jessica Parker, Mitchell Ryan",United States,"October 1, 2011",1989,TV-PG,94 min,Dramas,"After contracting HIV from a tainted blood treatment, teenaged hemophiliac Ryan White is forced to fight for his right to attend public school."
s3555,Movie,Unbridled,Jota Linares,"Natalia de Molina, Daniel Grao, Natalia Mateo, Ignacio Mateos, Borja Luna, Mario Tardón, Mariana Cordero",Spain,"August 30, 2019",2018,TV-MA,100 min,"International Movies, Thrillers","Desperate to keep her husband’s secret, a devoted politician’s wife struggles to stave off threats that could ruin their promising new life."
s8179,Movie,The Accountant of Auschwitz,Matthew Shoychet,Unknown,Canada,"July 1, 2019",2018,TV-14,78 min,"Documentaries, International Movies","Decades after WWII, a former SS officer stands trial in his native Germany after being charged for his complicity in the murder of Jews at Auschwitz."
s3588,TV Show,Victim Number 8,Unknown,"César Mateo, María de Nati, Verónika Moral, Iñaki Ardanaz, Farah Hamed, Lisi Linder, Khaled Kouka, Óscar Zafra, Jesús Ruyman, Alfonso Torregrosa, Itziar Lazkano, Son Khoury, Youssef Bougarouane, Marcial Álvarez",Spain,"August 16, 2019",2018,TV-MA,1 Season,"International TV Shows, Spanish-Language TV Shows, TV Action & Adventure",No one can be trusted after a terrorist bombing in Bilbao kills seven and destroys the lives of the suspected jihadi and everyone around him.
s4835,Movie,Ali's Wedding,Jeffrey Walker,"Osamah Sami, Don Hany, Helana Sawires, Frances Duca, Majid Shokor, Rodney Afif, Ghazi Alkinani, Ryan Corr",Australia,"June 8, 2018",2018,TV-MA,110 min,"Comedies, Independent Movies, International Movies","After telling a white lie that spins out of control, the son of an Iraqi-born cleric in Melbourne becomes torn between family duty and his own heart."
s6211,Movie,Backtrack,Michael Petroni,"Adrien Brody, Sam Neill, Robin McLeavy, Bruce Spence, Jenni Baird, Chloe Bayliss, Anna Lise Phillips, George Shevtsov","Australia, United Kingdom, United Arab Emirates, Canada","December 25, 2018",2015,R,90 min,"Dramas, Thrillers","Haunted by visions of the dead, psychologist Peter returns home to confront a long-ago trauma. But will the trip exorcise or embolden the ghosts?"
s770,Movie,From Stress to Happiness,"Alejandro De Grazia, Juan Stadler",Unknown,Argentina,"June 3, 2021",2020,TV-G,58 min,"Documentaries, International Movies","A stressed-out documentary filmmaker goes on a journey of discovery with a pair of monks, one of whom is known as ""the happiest man in the world."""
s1663,Movie,The Suit,Mohammad Adel,"Tamer Hosny, Akram Hosny, Amina Khalil, Dalal Abdelaziz, Maged El-Masri, Yasser Ali Maher, Salwa Mohammed, Mahmoud El-Bezzawy, Hassan Hosny, Taher Abu Lela, Ahmed Zaher",Egypt,"November 23, 2020",2018,TV-14,97 min,"Action & Adventure, Comedies, International Movies","After a duo of slackers dress up as policemen for a costume party, they decide to prolong their disguise — not knowing that it will lead them to danger."
s5873,Movie,Ricardo O'Farrill Abrazo Genial,"Raúl Campos, Jan Suter",Ricardo O'Farrill,Mexico,"January 22, 2016",2016,TV-MA,92 min,Stand-Up Comedy,"Ricardo O'Farrill brings his sharp, observational humor to the stage with a relentless sarcasm and specific Mexican sensibility. Prepare for mockery."
s7756,Movie,Popeye,Robert Altman,"Robin Williams, Shelley Duvall, Ray Walston, Paul Dooley, Paul L. Smith, Richard Libertini, Donald Moffat, Macintyre Dixon, Roberta Maxwell, Donovan Scott",United States,"November 24, 2019",1980,PG,114 min,"Action & Adventure, Children & Family Movies, Comedies","During a storm that wrecks his ship, super-strong sailor Popeye washes ashore and winds up rooming at the Oyl household, where he meets Olive."
s7927,Movie,Samarppanam,K. Gopinathan,"Virginia Rodriguez, Anil Nedumangad, Santhosh Keezhattoor, Indrans, P. Balachandran, Renji Panicker, Gopalan",India,"March 1, 2018",2017,TV-PG,116 min,"Dramas, International Movies","When a young girl is killed in a suspicious train accident, three very different lives become intertwined in their quest for answers."
s1599,Movie,Between Maybes,Jason Paul Laxamana,"Gerald Anderson, Julia Barretto, Yayo Aguila, Christian Vazquez",Philippines,"December 3, 2020",2019,TV-14,108 min,"Dramas, International Movies, Romantic Movies","A former actress takes a trip to Japan, where she meets a young man who provides an escape from reality and makes her consider a different way of life."
s3644,Movie,The Great Hack,"Karim Amer, Jehane Noujaim",Unknown,United States,"July 24, 2019",2019,TV-MA,114 min,Documentaries,Explore how a data company named Cambridge Analytica came to symbolize the dark side of social media in the wake of the 2016 U.S. presidential election.
s521,TV Show,I Think You Should Leave with Tim Robinson,Unknown,"Tim Robinson, Andy Samberg, Sam Richardson, Will Forte, Fred Willard, Cecily Strong, Tim Heidecker, Kate Berlant",United States,"July 6, 2021",2021,TV-MA,2 Seasons,TV Comedies,There is no such thing as an ordinary interaction in this offbeat sketch comedy series that features a deep roster of guest stars.
s2545,Movie,Action Replayy,Vipul Amrutlal Shah,"Akshay Kumar, Aishwarya Rai Bachchan, Om Puri, Kiron Kher, Neha Dhupia, Rannvijay Singh, Aditya Roy Kapur, Sudeepa Singh, Randhir Kapoor, Rajpal Yadav",India,"May 11, 2020",2010,TV-PG,129 min,"Children & Family Movies, Comedies, International Movies","Sick of his parents’ constant squabbling, a young man travels back in time to the onset of their romance, with plans to set them up for marital bliss."
s8427,Movie,The Monster,Bryan Bertino,"Zoe Kazan, Ella Ballentine, Aaron Douglas, Christine Ebadi, Marc Hickox, Scott Speedman, Chris Webb","United States, Canada","January 9, 2019",2016,R,91 min,"Horror Movies, Independent Movies",A troubled mother-daughter relationship faces the ultimate test when the duo’s broken-down car leaves them trapped within reach of a vicious creature.
s5974,Movie,#Roxy,Michael Kennedy,"Jake Short, Sarah Fisher, Booboo Stewart, Danny Trejo, Pippa Mackie, Jake Smith, Patricia Zentilli, Carter Thicke",Canada,"April 10, 2019",2018,TV-14,105 min,"Comedies, Romantic Movies",A teenage hacker with a huge nose helps a cool kid woo a girl that he’s secretly in love with.
s1648,Movie,Unexpectedly Yours,Cathy Garcia-Molina,"Sharon Cuneta, Robin Padilla, Julia Barretto, Joshua Garcia, John Estrada, Pilar Pilapil, Marissa Delgado, Maritoni Fernandez",Philippines,"November 26, 2020",2017,TV-14,121 min,"Comedies, International Movies, Romantic Movies","A pair of former batchmates cross paths 30 years later when they wind up as new neighbors, and their reconnection soon blossoms into something more."
s4962,TV Show,Rapture,Unknown,"Logic, Nas, Dave West, T.I., G-Eazy, 2 Chainz, Rapsody, Just Blaze, A Boogie Wit tha Hoodie",United States,"March 30, 2018",2018,TV-MA,1 Season,Docuseries,Groundbreaking artists share their life stories in this vibrant documentary series that captures hip-hop's impact on global culture.
s466,TV Show,Heist,Unknown,Unknown,Unknown,"July 14, 2021",2021,TV-MA,1 Season,"Crime TV Shows, Docuseries",Millions in stolen cash. Missing luxury bourbon. Watch ordinary people almost get away with these extraordinary heists in this true crime series.
s6108,Movie,Aitraaz,"Abbas Alibhai Burmawalla, Mastan Alibhai Burmawalla","Akshay Kumar, Kareena Kapoor, Priyanka Chopra, Amrish Puri, Paresh Rawal, Annu Kapoor",India,"March 1, 2018",2004,TV-14,153 min,"International Movies, Music & Musicals, Romantic Movies",A happily married business executive is forced to deal with an episode from his past that he had long thought was put behind him.
s7846,Movie,Red Oleanders Raktokarobi,Amitava Bhattacharya,"Shantilal Mukherjee, Mumtaz Sorcar, Rahul, Koushik Sen, Rajesh Sharma, Debdut Ghosh, Anindya Banerjee, Amitabha Bhattacharjee, Usashi Chakraborty, Dipankar Dey",India,"September 15, 2018",2017,TV-14,112 min,"Dramas, International Movies","When a theater group stages a production of a Rabindranath Tagore play, they begin to notice parallels between the story and their own lives."
s4994,Movie,The Outsider,Martin Zandvliet,"Jared Leto, Tadanobu Asano, Kippei Shiina, Shioli Kutsuna, Emile Hirsch, Raymond Nicholson, Rory Cochrane, Nao Omori, Min Tanaka",United States,"March 9, 2018",2018,TV-MA,121 min,"Dramas, Thrillers","An American soldier imprisoned in postwar Japan enters the dark world of the yakuza, adopting their way of life in repayment for his freedom."
s4379,Movie,The Pixar Story,Leslie Iwerks,Stacy Keach,United States,"November 18, 2018",2007,G,89 min,Documentaries,Go behind the scenes at Pixar Animation Studios with this Emmy-nominated documentary tracing the creation and history of the groundbreaking company.
s4012,Movie,Late Life: The Chien-Ming Wang Story,Frank W Chen,Chien-Ming Wang,"United States, Taiwan","March 15, 2019",2018,TV-14,98 min,"Documentaries, Sports Movies",Injuries sidelined the bright career of New York Yankees pitcher Chien-Ming Wang. This documentary captures his relentless battle back to the majors.
s1935,Movie,Bully,Lee Hirsch,Unknown,United States,"September 29, 2020",2012,PG-13,98 min,Documentaries,This eye-opening documentary tracks the stories of five different families whose children are struggling to defend themselves from school bullies.
s420,Movie,Chhota Bheem: Bheem vs Aliens,Rajiv Chilaka,"Vatsal Dubey, Julie Tejwani, Rupa Bhimani, Jigna Bhardwaj, Rajesh Kava, Mousam, Swapnil",Unknown,"July 22, 2021",2010,TV-Y7,69 min,"Children & Family Movies, Sports Movies",Space invaders have kidnapped Dholakpur’s king and princess! The only way Bheem can rescue them? Defeat the aliens in a cricket match.
s4635,TV Show,Transformers: Rescue Bots,Unknown,"Lacey Chabert, Elan Garfias, Maurice LaMarche, Jason Marsden, Shannon McKain, Steve Blum, Parvesh Cheena, D.C. Douglas, Imari Williams, LeVar Burton, Diamond White","Canada, United States","September 19, 2018",2016,TV-Y7,1 Season,Kids' TV,"Follow the adventure of four young transformers, Heatwave, Chase, Blades and Boulder, and their human counterparts: a family of emergency responders."
s427,Movie,Cousins,"Ainsley Gardiner, Briar Grace-Smith","Rachel House, Briar Grace-Smith, Tanea Heke, Tioreore Ngatai-Melbourne, Ana Scotney, Hariata Moriarty, Chelsie Preston Crayford, Sylvia Rands",New Zealand,"July 22, 2021",2021,TV-MA,99 min,Dramas,"Separated as children, three cousins with an unshakeable bond confront their painful pasts and embark on an emotional journey to find each other."
s8462,Movie,The Polar Express,Robert Zemeckis,"Tom Hanks, Leslie Zemeckis, Eddie Deezen, Nona Gaye, Peter Scolari, Brendan King, Andy Pellick, Michael Jeter, Chris Coppola, Julene Renee",United States,"January 1, 2021",2004,G,100 min,Children & Family Movies,"In this warm-hearted tale, a young boy's faith in the holiday spirit is revived after he makes his way by train to the North Pole on Christmas Eve."
s1981,TV Show,The Blacklist,Unknown,"James Spader, Megan Boone, Diego Klattenhoff, Ryan Eggold, Harry Lennix, Amir Arison, Hisham Tawfiq, Mozhan Marnò",United States,"September 18, 2020",2019,TV-14,7 Seasons,"Crime TV Shows, TV Dramas, TV Thrillers","After turning himself in, a brilliant fugitive offers to help the FBI bag other baddies, but only if rookie profiler Elizabeth Keen is his partner."
s674,TV Show,No Time for Shame,Unknown,Santiago Artemis,Argentina,"June 19, 2021",2019,TV-MA,1 Season,"International TV Shows, Reality TV, Spanish-Language TV Shows","Follow Santiago Artemis, a Buenos Aires fashion dynamo, as he makes his dreams come true while grappling with his love life, therapist and clients."
s7774,TV Show,Power Rangers Samurai,Unknown,"Alex Heartman, Erika Fong, Hector David Jr., Najee De-Tiege, Brittany Anne Pirtle, Rene Naufahu, Jeff Szusterman, Felix Ryan, Paul Schrier",United States,"January 1, 2016",2011,TV-Y7,1 Season,Kids' TV,"A new generation of Power Rangers must master the Symbols of Samurai Power, which give them control over the Earth's elements to battle dark forces."
s6280,TV Show,Being Mary Jane: The Series,Unknown,"Gabrielle Union, Lisa Vidal, Margaret Avery, Omari Hardwick, Latarsha Rose, Aaron D. Spears, B.J. Britt, Raven Goodwin, Richard Roundtree",United States," July 1, 2017",2016,TV-14,4 Seasons,"Romantic TV Shows, TV Dramas",Ambitious single TV journalist Mary Jane attempts to balance her career with her overbearing family and an increasingly messy love life.
s365,TV Show,Centaurworld,Unknown,"Kimiko Glenn, Megan Hilty, Parvesh Cheena, Chris Diamantopoulos, Megan Nicole Dong, Jessie Mueller, Josh Radnor",Unknown,"July 30, 2021",2021,TV-Y7,1 Season,"Kids' TV, TV Comedies","On a quest to reunite with her trusty rider, a fearless war horse journeys through a whimsical world filled with magic, adventure and singing centaurs."
s4263,TV Show,Watership Down,Noam Murro,"James McAvoy, Nicholas Hoult, John Boyega, Ben Kingsley, Tom Wilkinson, Gemma Arterton, Peter Capaldi, Olivia Colman, Mackenzie Crook, Anne-Marie Duff, Taron Egerton, James Faulkner, Freddie Fox, Lee Ingleby, Miles Jupp, Daniel Kaluuya, Rory Kinnear, Craig Parkinson, Rosamund Pike, Daniel Rigby, Jason Watkins","United Kingdom, Ireland, United States","December 23, 2018",2018,TV-PG,1 Season,"British TV Shows, International TV Shows, TV Action & Adventure",A warren of rabbits battles many threats on their daring journey to find a new home in this adaptation of the classic novel by Richard Adams.
s1078,Movie,Shiva: Journey to Plunotaria,Suhas Kadav,Unknown,Unknown,"April 13, 2021",2019,TV-Y7,81 min,Children & Family Movies,Young superhero Shiva must use his powers to thwart a scheming scientist’s plans to blast Earth with explosive pellets from planet Plunotaria.
s3623,Movie,Sebastian Maniscalco: Why Would You Do That,Joe DeMaio,Sebastian Maniscalco,United States,"August 6, 2019",2016,TV-MA,63 min,Stand-Up Comedy,"Sebastian Maniscalco delivers an expressive stand-up at the legendary Beacon Theatre on Whole Foods, family nicknames and dodging obnoxious neighbors."
s1298,Movie,No Escape Room,Alex Merkin,"Jeni Ross, Mark Ghanimé, Hamza Haq, Kathyrn Davis, Dennis Andres, Brianna Barnes",United States,"February 18, 2021",2018,TV-14,85 min,Horror Movies,A lighthearted bonding opportunity takes a dark and decidedly dangerous turn when a father and daughter try out an escape room in a small town.
s1103,Movie,Accepted,Steve Pink,"Justin Long, Jonah Hill, Adam Herschman, Columbus Short, Maria Thayer, Lewis Black, Blake Lively, Mark Derwin, Ann Cusack, Robin Lord Taylor, Hannah Marks, Anthony Heald",United States,"April 2, 2021",2006,PG-13,93 min,Comedies,"Rejected by every college he applied to, a high school senior invents a fake university that will fool his parents and help his fellow outcasts."
s8241,Movie,The Cell,Tarek Al Eryan,"Ahmed Ezz, Mohamed Mamdouh, Samer al Masri, Amina Khalil, Ahmed Safwat, Ahmed Salah Hosny, Aïcha Ben Ahmed, Rania Elkhatib, Riham Abdel Ghafour",Egypt,"June 13, 2019",2017,TV-MA,126 min,"Action & Adventure, Dramas, International Movies",A special operations officer vows to get revenge against the terrorist who killed his friend in a brutal attack.
s3506,TV Show,Inside Bill's Brain: Decoding Bill Gates,Unknown,Bill Gates,United States,"September 20, 2019",2019,TV-14,1 Season,"Docuseries, Science & Nature TV",Take a trip inside the mind of Bill Gates as the billionaire opens up about those who influenced him and the audacious goals he's still pursuing.
s2214,Movie,The Kissing Booth 2,Vince Marcello,"Joey King, Joel Courtney, Jacob Elordi, Molly Ringwald, Taylor Zakhar Perez, Maisie Richardson-Sellers, Meganne Young","United Kingdom, United States","July 24, 2020",2020,TV-14,133 min,"Comedies, Romantic Movies","With college decisions looming, Elle juggles her long-distance romance with Noah, changing relationship with bestie Lee and feelings for a new classmate."
s6983,Movie,Hokkabaz,"Ali Taner Baltacı, Cem Yılmaz","Cem Yılmaz, Mazhar Alanson, Özlem Tekin, Tuna Orhan, Tuncer Salman, Kemal İnci, Gürgen Öz, Caner Alkaya, Ayçe Abana, Bahtiyar Engin",Turkey,"March 10, 2017",2006,TV-MA,118 min,"Comedies, Dramas, International Movies","Trying to resurrect his career, not-so-talented magician Iskender goes on tour, but things get iffy when one of his illusions works a little too well."
s278,TV Show,AlRawabi School for Girls,Unknown,"Andria Tayeh, Rakeen Sa'ad, Noor Taher, Yara Mustafa, Joanna Arida, Salsabiela, Nadera Emran, Reem Saadeh",Jordan,"August 12, 2021",2021,TV-14,1 Season,"International TV Shows, TV Dramas, Teen TV Shows",The bullied outcasts at prestigious Al Rawabi School for Girls plot a series of risky takedowns to get back at their tormentors.
s1742,Movie,Miss India,Narendra Nath,"Keerthy Suresh, Dr. Rajendra Prasad, Jagapathi Babu, V. K. Naresh, Nadhiya, Naveen Chandra, Sumanth Shailendra, Kamal Kamaraju, Praveen, Pujitha Ponnada, Divya Sripada",India,"November 4, 2020",2020,TV-PG,136 min,"Dramas, International Movies","Uprooted to America, an aspiring Indian entrepreneur confronts disapproval, sexism and rivalry as she draws from her culture to start a tea business."
s1540,TV Show,Marvel Anime: X-Men,Unknown,"Toshiyuki Morikawa, Rikiya Koyama, Katsunosuke Hori, Aya Hisakawa, Kaori Yamagata, Yoshiko Sakakibara, Yurika Hino, Yukari Tamura, Hideyuki Tanaka",Japan,"December 16, 2020",2011,TV-14,1 Season,"Anime Series, International TV Shows","A year after their dissolution, the X-Men are re-assembled by Professor Charles Xavier to investigate the kidnapping of young mutants in Japan."
s5937,Movie,Shrek the Musical,Jason Moore,"Brian d'Arcy James, Daniel Breaker, Sutton Foster, Christopher Sieber, John Tartaglia, Rozi Baker, Ryan Duncan, Leah Greenhaus, Chris Hoch, Marissa O'Donnell, Denny Paschall",United States,"December 29, 2013",2013,TV-G,130 min,"Children & Family Movies, Comedies, Music & Musicals","The greatest fairy tale never told comes to life in this colorful, song-filled, Tony Award-winning Broadway production based on the hit movie."
s2047,Movie,Kandasamys: The Wedding,Jayan Moodley,"Jailoshini Naidoo, Maeshni Naicker, Madhushan Singh, Mishqah Parthiephal, Yugan Naidoo, Koobeshan Naidoo, Mariam Bassa, Rushil Juglall, Tesarnia Oree",South Africa,"September 4, 2020",2019,TV-14,93 min,"Comedies, Dramas, International Movies","With their clashing demands, the mothers of both bride and groom turn wedding prep into comical chaos in this sequel to “Keeping Up With the Kandasamys.”"
s5588,Movie,Force 2,Abhinay Deo,"John Abraham, Sonakshi Sinha, Tahir Raj Bhasin, Narendra Jha, Adil Hussain, Vikram Kapadia, Patricia Hittler, Genelia D'souza, Raj Babbar, Freddy Daruwala, Boman Irani",India,"February 27, 2017",2016,TV-14,123 min,"Action & Adventure, International Movies","An ex-cop investigates the death of his best friend and two other spies, killings that lead to a mole operating from India's embassy in Budapest."
s7621,Movie,Now and Then,Lesli Linka Glatter,"Christina Ricci, Rosie O'Donnell, Thora Birch, Melanie Griffith, Gaby Hoffmann, Demi Moore, Ashleigh Aston Moore, Rita Wilson, Janeane Garofalo, Hank Azaria, Bonnie Hunt, Cloris Leachman",United States,"August 2, 2019",1995,PG-13,102 min,Dramas,"Waxing nostalgic about the bittersweet passage from childhood to puberty, four childhood girlfriends recall the magical summer of 1970."
s7655,Movie,Once In A Lifetime Sessions with Moby,Matt Askem,"Moby, Alex Cohen",United States,"August 1, 2018",2018,TV-14,86 min,"Documentaries, Music & Musicals","Through performances and interviews, musician Moby opens up about his unusual childhood, his heroes and the stories behind his songs."
s6585,Movie,Death House,Harrison Smith,"Cody Longo, Cortney Palm, Adrienne Barbeau, Michael Berryman, Barbara Crampton, Sid Haig, Gunnar Hansen, Lindsay Hartley, Kane Hodder, Lloyd Kaufman, Camille Keaton, Bill Moseley, Tony Todd, Dee Wallace, Vincent Ward, Vernon Wells",United States,"May 5, 2019",2017,R,88 min,Horror Movies,Two federal agents battle through an army of rioting prisoners – and their sense of reality – inside a high-tech prison modeled after Dante’s Inferno.
s1656,Movie,Dragons: Rescue Riders: Huttsgalor Holiday,"Greg Rankin, TJ Sullivan","Noah Kaye Bentley, Brennley Brown, Zach Callison, Nicolas Cantu, Skai Jackson, Marsai Martin, Andre Robinson, Carlos Alazraqui, Roshon Fegan, Grey Griffin, Brad Grusnick, Sam Lavagnino, John C. McGinley, Roger Craig Smith",United States,"November 24, 2020",2020,TV-Y,46 min,"Children & Family Movies, Comedies",Snowfall marks the start of Odinyule — the Viking holiday of giving! But crazy weather might cancel the tradition unless the Rescue Riders can swoop in.
s1493,TV Show,Bridgerton,Unknown,"Adjoa Andoh, Julie Andrews, Lorraine Ashbourne, Jonathan Bailey, Ruby Barker, Sabrina Bartlett, Harriet Cains, Bessie Carter, Nicola Coughlan, Phoebe Dynevor, Ruth Gemmell, Florence Hunt, Claudia Jessie, Ben Miller, Luke Newton, Regé-Jean Page, Golda Rosheuvel, Luke Thompson, Will Tilston, Polly Walker",United States,"December 25, 2020",2020,TV-MA,1 Season,"Romantic TV Shows, TV Dramas",The eight close-knit siblings of the Bridgerton family look for love and happiness in London high society. Inspired by Julia Quinn's bestselling novels.
s4414,TV Show,Kopitiam,Unknown,"Joanna Bessey, Douglas Lim, Lina Teoh, Rashid Salleh, Mano Maniam, Tan Jin Chor",Malaysia,"November 3, 2018",2003,TV-14,7 Seasons,"International TV Shows, TV Comedies","A young woman returns to Malaysia to take over her father’s old coffee shop. Along with inheriting the Kopitiam, she gains a kooky group of friends."
s6063,Movie,A Walk to Remember,Adam Shankman,"Mandy Moore, Shane West, Peter Coyote, Daryl Hannah, Lauren German, Clayne Crawford, Al Thompson",United States,"July 1, 2020",2002,PG,102 min,"Dramas, Romantic Movies","When bad boy Landon is cast opposite campus bookworm Jamie in a high school play, romance blooms — until tragedy threatens to tear them apart."
s292,TV Show,SHAMAN KING,Unknown,"Yoko Hikasa, Katsuyuki Konishi, Megumi Hayashibara, Inuko Inuyama, Romi Park, Kosuke Takaguchi, Masahiko Tanaka, Wataru Takagi, Yuji Ueda, Megumi Nakajima, Takehito Koyasu, Yoko Soumi, Motoko Kumai, Yui Horie, Yuichi Nakamura, Nana Mizuki, Takumu Miyazono, Noriaki Kanze, Michiko Neya, Toru Sakurai, Rina Hidaka, Masakazu Morita, Minami Takayama",Japan,"August 9, 2021",2021,TV-14,1 Season,"Anime Series, International TV Shows","Medium Yoh Asakura enters a battle tournament held every 500 years, competing with other shamans in a bid to become the all-powerful Shaman King."
s5986,Movie,12 ROUND GUN,Sam Upton,"Sam Upton, Jared Abrahamson, Mark Boone Junior, Laila Ali, Kate Vernon, Cassi Thomson, Colby French, Miguel Perez, Jay Acovone",United States,"March 14, 2019",2017,TV-MA,90 min,"Dramas, Independent Movies, Sports Movies","Dealing with personal demons and the death of his son, a prizefighter attempts a return to the ring by challenging his rival to a 12-round rematch."
s4806,Movie,The Maus,Yayo Herrero,"Alma Terzic, August Wittgenstein, Aleksandar Seksan, Sanin Milavic, Diana Fernández Pérez, Ella Jazz",Spain,"June 30, 2018",2017,TV-MA,90 min,"Horror Movies, Independent Movies, International Movies","While traveling with her German boyfriend, Selma is confronted by the violent remnants of the Bosnian War and the ethnic cleansing her family faced."
s6923,TV Show,Happy Valley,Unknown,"Sarah Lancashire, Siobhan Finneran, Charlie Murphy, James Norton, George Costigan, Karl Davies, Shane Zaza, Steve Pemberton, Joe Armstrong, Adam Long, Rick Warden, Rhys Connah, Katherine Kelly",United Kingdom," March 16, 2016",2016,TV-MA,2 Seasons,"British TV Shows, Crime TV Shows, International TV Shows","Yorkshire police sergeant Catherine Cawood pursues the man who assaulted her late daughter, unaware he is now part of a secret kidnapping plot."
s3768,Movie,Rock My Heart,Hanno Olderdissen,"Lena Klenke, Dieter Hallervorden, Emilio Sakraya, Annette Frier, Milan Peschel, Vedat Erincin, Johann von Bülow, Michael Lott, Hans Martin Stier, Anneke Kim Sarnau",Germany,"June 7, 2019",2019,TV-PG,110 min,"Children & Family Movies, Dramas, International Movies","After an adventurous teen with a heart defect bonds with an unruly stallion, she trains to compete as an amateur jockey in a life-threatening race."
s7783,TV Show,Power Rangers Time Force,Unknown,"Jason Faunt, Erin Cahill, Kevin Kleinberg, Deborah Estelle Phillips, Michael Copon, Daniel Southworth, Vernon Wells, Kate Sheldon, Edward Lawrence Albert, Brianne Siddall, Terence J. Rotolo, Eddie Frierson",United States,"January 1, 2016",2001,TV-Y7,1 Season,Kids' TV,"The team launches a new campaign against evil in the year 3000, when the imprisoned criminal mastermind Ransik is freed by his daughter."
s4342,Movie,Helios,"Leung Lok Man, Luk Kim-ching","Jacky Cheung, Nick Cheung, Chang Chen, Shawn Yue, Wang Xueqi, Janice Man, Ji Jin-hee, Choi Si-won","Hong Kong, China, United States","December 1, 2018",2015,TV-14,118 min,"Action & Adventure, International Movies","When master criminal Helios steals a mobile WMD, rival agents from Hong Kong, South Korea and China must join forces to recover the device."
s704,TV Show,The Gift,Unknown,"Beren Saat, Mehmet Günsür, Metin Akdülger, Melisa Şenolsun, Başak Köklükaya, Civan Canova, Tim Seyfi, Meral Çetinkaya, Hazal Türesan, Cezmi Baskın",Turkey,"June 17, 2021",2021,TV-MA,3 Seasons,"International TV Shows, TV Dramas, TV Mysteries",A painter in Istanbul embarks on a personal journey as she unearths universal secrets about an Anatolian archaeological site and its link to her past.
s940,Movie,Motu Patlu in Wonderland,Suhas Kadav,"Saurav Chakraborty, Omi Sharma, Sankalp, Brian D Costa, Renu Sharda, Chinmey Sharma, Anamay Verma, Parminder Ghumman, Shailendra Pandey, Ravi Rajesh",Unknown,"May 1, 2021",2013,TV-Y7,76 min,"Children & Family Movies, Music & Musicals","When pals Motu and Patlu take a ride in their scientist friend’s newly built plane, a crash-landing on a strange island leads to action and adventure."
s1745,Movie,The Beginning of Life,Estela Renner,Unknown,Unknown,"November 3, 2020",2016,TV-PG,96 min,"Documentaries, International Movies","Scientists, advocates and parents around the world explore how carefully tending to kids' earliest needs can shape the course of human society."
s8059,TV Show,Sotus The Series,Unknown,"Sangpotirat Perawat, Ruangroj Prachaya",Thailand,"May 25, 2019",2016,TV-MA,1 Season,"International TV Shows, Romantic TV Shows, TV Dramas","When freshman engineering student Kongpob stands up to older bully Arthit, their confrontation soon leads to a deep attraction between the two boys."
s3156,Movie,The 9th Precinct,Ding-Lin Wang,"Roy Chiu, Chia-Chia Peng, Wen Chen-ling, Eugenie Liu, Yeo Yann Yann",Taiwan,"December 13, 2019",2019,TV-MA,95 min,"International Movies, Thrillers",An idealistic cop joins an underground police unit and battles ghoulish forces threatening the balance between the human and the supernatural realms.
s7757,TV Show,Portlandia,Unknown,"Fred Armisen, Carrie Brownstein",United States,"September 25, 2019",2018,TV-14,8 Seasons,TV Comedies,"Fred Armisen and Carrie Brownstein send up the residents of Portland, Ore. Typical targets include artisanal light bulbs and feminist bookstores."
s5473,Movie,Raees,Rahul Dholakia,"Shah Rukh Khan, Mahira Khan, Nawazuddin Siddiqui, Mohammed Zeeshan Ayyub, Sheeba Chaddha, Shubham Chintamani, Shubham Tukaram, Atul Kulkarni, Narendra Jha, Jaideep Ahlawat, Sunny Leone",India,"May 26, 2017",2017,TV-14,143 min,"Action & Adventure, Dramas, International Movies","After street smart kid Raees rises to become Gujarat's bootlegging king in the 1980s, he tries to balance his life of crime with helping his people."
s8377,TV Show,The Kindness Diaries,Unknown,Leon Logothetis,Unknown,"May 1, 2019",2019,TV-PG,1 Season,Reality TV,"Host Leon Logothetis travels the world with only a vintage motorbike and the kindness of strangers, which he pays back in unexpected, inspiring ways."
s246,TV Show,Korean Cold Noodle Rhapsody,Unknown,Paik Jong-won,Unknown,"August 20, 2021",2021,TV-PG,1 Season,"Docuseries, International TV Shows","Refreshing and flavorful, naengmyeon is Korea's coolest summertime staple. A journey through its history begins, from how it's cooked to how it's loved."
s4495,TV Show,Making a Murderer,Unknown,Unknown,United States,"October 19, 2018",2018,TV-14,2 Seasons,"Crime TV Shows, Docuseries","Filmed over 10 years, this real-life thriller follows a DNA exoneree who, while exposing police corruption, becomes a suspect in a grisly new crime."
s5972,Movie,(T)ERROR,"Lyric R. Cabral, David Felix Sutcliffe",Unknown,United States,"June 30, 2016",2015,NR,84 min,Documentaries,This real-life look at FBI counterterrorism operations features access to both sides of a sting: the government informant and the radicalized target.
s269,Movie,Unroyal,Moses Inwang,"Matilda Lambert, Ik Ogbonna, Prince Sontoye, Blossom Chukwujekwu, Linda Osifo, Emem Inwang, Pete Edochie, Shaffy Bello, Okon Imeh  Bishop, Chinenye Nnebe, Femi Adebayo",Unknown,"August 15, 2021",2020,TV-MA,97 min,"Dramas, International Movies","When a rude and arrogant princess finds herself relying on a gatekeeper after a terrible accident, it may be enough to make her change her ways."
s6565,Movie,Dark Chocolate (Bengali Version),Agnidev Chatterjee,"Riya Sen, Mahima Chaudhry, Rajesh Sharma, Indrasish Roy, Mumtaz Sorcar, Sudip Mukherjee, Shataf Figar, Koushik Sen",India,"December 15, 2017",2016,TV-MA,91 min,"Dramas, International Movies, Thrillers","In this Bangla thriller inspired by a true story, the discovery of a charred corpse in the woods leads to a high-profile murder investigation."
s3898,TV Show,KO One,Unknown,"Aaron Yan, Jiro Wang, Calvin Ka-Sing Chen, Danson Tang, Tsai Yi-chen, Alien Huang",Taiwan,"April 19, 2019",2005,TV-MA,1 Season,"International TV Shows, TV Action & Adventure, TV Comedies","Gifted with special powers, fighting skills and slick hair, the rowdy KO One navigates tough friendships and high school romance."
s5813,TV Show,Caught on Camera,Unknown,Nick Wallis,United Kingdom,"August 15, 2016",2015,TV-MA,3 Seasons,"British TV Shows, Crime TV Shows, Docuseries","Nick Wallis presents crimes caught on CCTV, cell phones and other devices and reveals how investigators use the recordings to solve tough cases."
s6005,Movie,"27, el club de los malditos",Nicanor Loreti,"Diego Capusotto, Sofía Gala, Daniel Aráoz, Willy Toledo, El Polaco, Paula Manzone, Yayo Guridi, Guillermo Toledo",Argentina,"May 1, 2018",2018,TV-MA,82 min,"Action & Adventure, Comedies, International Movies","After a musician dies under suspicious circumstances, a hard-drinking detective and a music fan investigate why rock stars often die at the age of 27."
s2458,Movie,Freej Al Taibeen,Ahmed Zain,"Ali Al Shehhi, Huda Al Ghanim, Muhammed Murshed, Yaser Alneyadi, Khaled Al-Nuaimi, Nasser Al-Dhahnani, Nawal Chamoun, Iman Husein",United Arab Emirates,"May 29, 2020",2018,TV-PG,99 min,"Comedies, Dramas, International Movies","Local rivals gear up to compete in a traditional game that tests their physical strength and endurance, but complications disrupt their training."
s5173,Movie,Bon Cop Bad Cop 2,Alain Desrochers,"Patrick Huard, Colm Feore, Marc Beaupré, Noam Jenkins, Andreas Apergis, Mariana Mazza, Erik Knudsen, Sarah-Jeanne Labrosse, Lucie Laurier, Neil Crone, Catherine St-Laurent",Canada,"November 11, 2017",2017,TV-MA,126 min,"Action & Adventure, Comedies, International Movies","Two veteran buddy cops are back for a second chapter, this time to tackle a car theft ring that turns out to be much more than they bargained for."
s3692,TV Show,DreamWorks Kung Fu Panda Awesome Secrets,Unknown,"Jack Black, Dustin Hoffman, Dennis Haysbert, Paul Scheer, Randall Duk Kim, David Cross, Jessica DiCicco, Jaycee Chan, Angelina Jolie, Seth Rogen, Tony Leondis",United States,"July 1, 2019",2008,TV-PG,1 Season,"Kids' TV, TV Action & Adventure, TV Comedies","In this pair of adventures, Po tells the story of how masters Thundering Rhino, Storming Ox and Croc met and takes on Shifu's biggest challenge yet."
s1391,Movie,The Shadow of Violence,Nick Rowland,"Cosmo Jarvis, Barry Keoghan, Niamh Algar, Ned Dennehy, Kiljan Tyr Moroney, David Wilmot, Brid Brennan, Simone Kirby, Anthony Welsh","United Kingdom, Ireland","January 21, 2021",2020,R,101 min,Dramas,"As he reconciles with his ex and their son, an enforcer for a crime family gets an order that tests his loyalty and endangers everyone he holds dear."
s4916,Movie,Enissa Amani: Ehrenwort,Max Amini,Enissa Amani,Germany,"April 26, 2018",2018,TV-MA,66 min,Stand-Up Comedy,"Live from Hamburg, Iranian-German comedian Enissa Amani shares her take on German engineering, tax deductions and online fan-mail etiquette."
s8504,TV Show,The Seventies,Unknown,Unknown,United States,"September 30, 2018",2015,TV-PG,1 Season,Docuseries,"This series examines 1970s America, focusing on the major political and historical landmarks of the decade and the cultural response to those events."
s3889,Movie,Loving is Losing,Fernando Ayllón,"Ricardo Quevedo, Liss Pereira, Iván Marín, Lorna Cepeda, Carolina Sarmiento, Linda Baldrich, Joavany Álvarez, María Cecilia Botero, Rocío Tavera, Bruno Díaz",Colombia,"April 26, 2019",2019,TV-MA,91 min,"Comedies, International Movies, Romantic Movies","When a newly single photographer is forced to work with a longtime rival, the battle of their egos turns into a chance for love."
s548,TV Show,We the People,Unknown,"H.E.R., Adam Lambert, Cordae, Kristen Anderson-Lopez, Daveed Diggs, Brittany Howard, Robert Lopez, Lin-Manuel Miranda, Brandi Carlile, Kyle Harvey, Bebe Rexha, Andra Day, Janelle Monáe, Amanda Gorman",United States,"July 4, 2021",2021,TV-Y7,1 Season,Kids' TV,"Learn the basics of rights and citizenship with upbeat songs by popular artists like Janelle Monáe, H.E.R., Adam Lambert, Brandi Carlile and more."
s6139,Movie,American Experience: Ruby Ridge,Barak Goodman,"Dave Hunt, Bo Gritz, Sara Weaver",United States,"April 19, 2017",2017,TV-MA,53 min,Documentaries,"A botched attempt to arrest a white supremacist in Idaho results in a gun battle, a standoff and three deaths that galvanize public opinion in 1992."
s6987,Movie,Holy Man 2,Note Chern-Yim,"Apisit Opasaimlikit, Suthep Po-ngam, Phichet Iamchaonaa, Note Chern-Yim",Thailand,"July 30, 2018",2008,TV-14,92 min,"Comedies, Faith & Spirituality, International Movies","Former rap musician Joey Boy is now a monk who takes Father Teng's place at his rural temple, where a crisis develops involving a nearby stone quarry."
s3617,Movie,Badla,Sujoy Ghosh,"Amitabh Bachchan, Taapsee Pannu, Amrita Singh, Tony Luke, Manav Kaul",India,"August 7, 2019",2019,TV-14,117 min,"International Movies, Thrillers","When a woman is accused of killing her lover, a renowned lawyer is hired – but the more they try to  untangle the truth, the more convoluted it becomes."
s6350,Movie,Bobbi Jene,Elvira Lind,Bobbi Jene Smith,"Denmark, Sweden, Israel, United States","June 1, 2018",2017,TV-MA,99 min,Documentaries,This candid profile follows dancer Bobbi Jene Smith as she leaves the company of Israeli choreographer Ohad Naharin to forge her own artistic path.
s5163,Movie,Saving Capitalism,Jacob Kornbluth,Robert Reich,United States,"November 21, 2017",2017,TV-PG,73 min,Documentaries,Former Secretary of Labor Robert Reich meets with Americans from all walks of life as he chronicles a seismic shift in the nation's economy.
s6068,TV Show,A.D. Kingdom and Empire,Unknown,"Juan Pablo Di Pace, Adam Levy, Chipo Chung, Babou Ceesay, Emmett Scanlan, Will Thorp, Richard Coyle, Vincent Regan, Greta Scacchi, James Callis, Joanne Whalley, Jodhi May, Chris Brazier, Fraser Ayres, Jóhannes Haukur Jóhannesson, Ken Bones, Kenneth Collard",United States,"December 15, 2017",2015,TV-14,1 Season,TV Dramas,"In the wake of Jesus Christ's crucifixion, his apostles dedicate themselves to spreading his message, risking their freedom and their lives."
s3625,TV Show,No Good Nick,Unknown,"Melissa Joan Hart, Sean Astin, Siena Agudong, Lauren Lindsey Donzis, Kalama Epstein",United States,"August 5, 2019",2019,TV-PG,2 Seasons,"Kids' TV, TV Comedies, TV Dramas","A family finds their lives turned upside down when a teenage con artist shows up on their doorstep, claiming she's a distant relative."
s6874,TV Show,Gonul,Neslihan Yesilyurt,"Gökçe Bahadır, Engin Öztürk, Onur Saylak",Turkey,"July 12, 2017",2015,TV-14,1 Season,"International TV Shows, TV Dramas, TV Thrillers","A nurse escapes from her surgeon fiancé after his ex reveals his dark secrets. She later finds love again, but a car accident changes everything."
s1558,Movie,Canvas,Frank E. Abney III,Unknown,United States,"December 11, 2020",2020,G,9 min,"Children & Family Movies, Dramas","After a heartbreaking loss, a grandfather struggling to reclaim his passion for painting finds the inspiration to create again."
s4711,TV Show,Pretty Man,Unknown,"Sierra Li, Dylan Xiong, Yu Yi Jie, Zhao Yao Ke, Tien Hsin",Unknown,"August 8, 2018",2018,TV-14,1 Season,"International TV Shows, Romantic TV Shows, TV Dramas","Doomed by misunderstandings, two middle-school classmates miss their shot at love – but a twist of fate brings them together years later."
s7061,Movie,In Search of Fellini,Taron Lexton,"Ksenia Solo, Mary Lynn Rajskub, Maria Bello, Enrico Oetiker, Paolo Bernardini, Beth Riesgraf, David O'Donnell, Nancy Cartwright, Bruno Zanin, Michael Wiseman, Andrea Osvárt",United States,"March 19, 2018",2017,R,103 min,"Action & Adventure, Dramas",A naive and sheltered young woman embarks on a whimsical adventure across Italy in the hopes of meeting director Federico Fellini.
s3080,TV Show,ARASHI's Diary -Voyage-,Unknown,Arashi,Japan,"December 31, 2019",2019,TV-PG,1 Season,"Docuseries, International TV Shows","Twenty years after their debut, join the beloved members of Arashi on a new journey as they showcase their lives, talents and gifts to the world."
s6327,Movie,Black Site Delta,Jesse Gustafson,"Cam Gigandet, Teri Reeves, Michael Dale, Dion Mucciacito, Casey Hendershot, Benjamin Charles Watson, John Brodsky, Arash Mokhtar",United States,"August 9, 2017",2017,TV-MA,88 min,Action & Adventure,"After discovering that their secret military prison is under attack by terrorists, a ragtag group of inmates does their best to neutralize the enemy."
s867,Movie,Small Town Crime,"Eshom Nelms, Ian Nelms","John Hawkes, Anthony Anderson, Octavia Spencer, Robert Forster, Clifton Collins Jr., Jeremy Ratchford, James Lafferty, Michael Vartan, Daniel Sunjata, Don Harvey, Stefanie Scott, Caity Lotz, Dale Dickey",United States,"May 19, 2021",2017,R,92 min,Thrillers,"When a disgraced ex-cop discovers a dying woman, he's compelled to track down her killer — an act of self-redemption that takes him down a dark path."
s4915,TV Show,海的儿子,Unknown,"Li Nanxing, Christopher Lee, Jesseca Liu, Apple Hong, Jeanette Aw",Unknown,"April 27, 2018",2016,TV-14,1 Season,"International TV Shows, TV Dramas","Two brothers start a new life in Singapore, where they run into a childhood friend who falls in love with the elder while attracting the younger."
s6812,Movie,Frozen Planet: On Thin Ice,Unknown,David Attenborough,"United Kingdom, United States, Spain, Germany, Greece, Canada","January 28, 2016",2011,TV-PG,47 min,Movies,David Attenborough journeys to both polar regions to investigate what rising temperatures will mean for the people and wildlife that live there.
s7394,Movie,Mandi,Shyam Benegal,"Shabana Azmi, Smita Patil, Naseeruddin Shah, Amrish Puri, Kulbhushan Kharbanda, Saeed Jaffrey, Om Puri, Sreela Mazumdar, Neena Gupta",India,"January 1, 2020",1983,TV-MA,155 min,"Dramas, Independent Movies, International Movies","Forbidden love, fraying loyalties and flagrant hypocrisy emerge when sanctimonious politicians drive a madam’s brothel from the heart of Hyderabad."
s2062,Movie,Barbie Princess Adventure,Conrad Helten,"America Young, Erica Lindbeck, Ritesh Rajan, Dave Fennoy, Stephanie Sheh, Cristina Milizia, Desirae Whitfield, Emma Galvin, Angelo Restaino, Eamon Brennan, Ogie Banks",Netherlands,"September 1, 2020",2020,TV-Y,72 min,"Children & Family Movies, Music & Musicals","Through music and magic, Barbie learns what it's like to be a modern princess when she trades places with a royal lookalike."
s1142,Movie,Wazir,Bejoy Nambiar,"Amitabh Bachchan, Farhan Akhtar, Aditi Rao Hydari, Manav Kaul, Neil Nitin Mukesh, John Abraham",India,"April 1, 2021",2016,TV-14,98 min,"Dramas, International Movies, Thrillers","Helping an amputee grandmaster settle the score for his tragic past, a grieving detective unravels a conspiracy more complicated than he imagined."
s4282,Movie,Lang Tong,Sam Loh,"William Lawandi, Angeline Yap, Vivienne Tseng, Esther Goh, Alan Tan",Singapore,"December 20, 2018",2015,TV-MA,82 min,"International Movies, Thrillers","After seducing a philandering con man, a rebellious young woman enlists his help in carrying out a heinous crime against her sister."
s270,TV Show,Winx Club,Unknown,"Liza Jacqueline, Helena Evangeliou, Lisa Ortiz, Kerry Williams, Gregory Abbey, Dan Green, Michael Sinterniklaas, Suzy Myers, Christina Rodriguez, Dani Schaffel, Sebastian Arcelus, Rachael Lillis",Italy,"August 15, 2021",2015,TV-Y7,2 Seasons,Kids' TV,"In this animated fantasy, a girl named Bloom befriends a band of fairies, then follows them into the secretive and dangerous ""Magical Dimension."""
s1803,Movie,Shattered Memories,Chris Sivertson,"Elizabeth Bogush, Brad Schmidt, Sarah Lind, Eddie Kaye Thomas, Phillip Boyd, Victoria Barabas, Mark Famiglietti, Walker Borba, Meg DeLacy",United States,"October 23, 2020",2018,TV-14,86 min,"Dramas, Thrillers","When her former lover's mysteriously murdered, a woman must clear her name – and avoid the killer."
s1732,Movie,A New York Christmas Wedding,Otoja Abit,"Nia Fairweather, Chris Noth, Cooper Koch, Tyra Ferrell, Denny Dillon, Adriana DeMeo, Otoja Abit, David Anzuelo, Camilla Harden, Natasha Goodman, Avery Whitted, Tony D. Head, Joe Perrino",United States,"November 5, 2020",2020,TV-MA,90 min,"Dramas, LGBTQ Movies, Romantic Movies","As her wedding nears, a bride-to-be is visited by an angel who reveals what could have been if she'd followed feelings for her childhood best friend."
s6572,TV Show,Day and Night,Unknown,"Pan Yueming, Wang Longzheng, Liang Yuen, Lü Xiaolin, Yin Shuyi, Hou Xuelong, Song Naigang",China,"March 23, 2018",2017,TV-MA,1 Season,"Crime TV Shows, International TV Shows, TV Dramas",A detective assists with an investigation into a brutal mass murder case in which his twin brother is the prime suspect.
s6737,Movie,Familiye,"Sedat Kirtan, Kubilay Sarikaya","Kubilay Sarikaya, Arnel Taci, Muhammed Kirtan, Violetta Schurawlow, Burak Yiğit, Giwar Xatar Hajabi, Ridvan Kirtan, Ilhan Erdinc, Michael Hanemann, Sedat Kirtan",Germany,"May 1, 2019",2017,TV-MA,99 min,"Dramas, Independent Movies, International Movies","An ex-con struggles to take care of his two brothers, a gambling addict and a young man with Down syndrome, after being released from prison."
s3266,Movie,El sendero de la anaconda,Alessandro Angulo,"Wade Davis, Martin von Hildebrand",Colombia,"November 15, 2019",2019,TV-14,74 min,"Documentaries, International Movies","In the most remote areas of the Amazon jungle, a writer and his anthropologist friend meet communities who have resisted change for centuries."
s7042,Movie,I Am Sun Mu,Adam Sjöberg,Unknown,"China, South Korea, United States","February 1, 2017",2015,NR,88 min,"Documentaries, International Movies",A North Korean propagandist who escaped to Seoul now creates satirical art about Kim Jong Il's regime and copes with repercussions of his defection.
s8606,TV Show,Top Grier,Unknown,Unknown,United States,"December 31, 2018",2018,TV-MA,3 Seasons,Reality TV,"Social media star Hayes Grier returns to North Carolina for a reality series packed with action sports, pranks and romantic escapades."
s3813,TV Show,It's Bruno!,Unknown,"Solvan ""Slick"" Naim, Rob Morgan, Shakira Barrera, Jade Eshete, Adriane Lenox, Donnell Rawlings, Eden Marryshow, Sam Eliad, Devale Ellis, J. Ray Acosta",United States,"May 17, 2019",2019,TV-MA,1 Season,TV Comedies,"An old-school Brooklyn native devotes his days to caring for his adorable dog, Bruno – and making sure the neighbors show his pooch the proper respect."
s2575,TV Show,The Universe: Ancient Mysteries Solved,Unknown,Erik Thompson,Unknown,"May 2, 2020",2015,TV-PG,1 Season,"Docuseries, Science & Nature TV","From astronomical events to shapes and patterns in space, strange and wonderful phenomena are explored with modern science in this series."
s6758,Movie,Fireflies,Sabal Singh Shekawat,"Rahul Khanna, Arjun Mathur, Shivani Ghai, Monica Dogra, Aadya Bedi",India,"April 24, 2019",2013,TV-MA,99 min,"Dramas, Independent Movies, International Movies","Grappling with love and loss in their respective lives, two estranged brothers must confront their traumatic, unresolved past when they cross paths."
s5609,TV Show,White Nights,Unknown,"Yo-Won Lee, Goo Jin, U-ie, Hae-in Jung, Gook-hwan Jeon, Han-yong Jeong",South Korea,"February 14, 2017",2016,TV-14,1 Season,"International TV Shows, Korean TV Shows, TV Dramas","A coldhearted heiress, a man from her past and an ambitious new hire in her company all become entangled on a battleground for money and power."
s7667,TV Show,One Strange Rock,Unknown,Will Smith,United States,"February 2, 2019",2018,TV-PG,1 Season,"Docuseries, Science & Nature TV","Hosted by Will Smith, this series follows eight astronauts who share their unique perspectives on Earth, the fragile and beautiful planet we call home."
s7433,Movie,Meditation Park,Mina Shum,"Cheng Pei-pei, Tzi Ma, Sandra Oh, Don McKellar, Zak Santiago, Liane Balaban, Alannah Ong, Lillian Lim, Jemmy Chen",Canada,"March 9, 2018",2017,TV-PG,94 min,Dramas,An elderly immigrant matriarch from Hong Kong finally begins to break out of her shell of isolation when she suspects her husband of infidelity.
s6754,Movie,Final Destination,James Wong,"Devon Sawa, Ali Larter, Kerr Smith, Kristen Cloke, Seann William Scott, Tony Todd, Daniel Roebuck, Chad Donella, Roger Guenveur Smith, Amanda Detmer",United States,"January 1, 2020",2000,R,98 min,"Cult Movies, Horror Movies, Thrillers","After narrowly avoiding a fatal plane explosion, a group of seemingly lucky teen classmates finds that Death is not so easily cheated."
s804,TV Show,Ouran High School Host Club,Takuya Igarashi,"Maaya Sakamoto, Mamoru Miyano, Masaya Matsukaze, Kenichi Suzumura, Keisuke Oda, Ayaka Saito, Daisuke Kirii",Japan,"June 2, 2021",2006,TV-PG,1 Season,"Anime Series, Romantic TV Shows, Teen TV Shows","New student Haruhi stumbles on the Ouran High School Host Club, an all-male group that makes money by entertaining the girls of the school."
s2656,Movie,The Silence of the Marsh,Marc Vigil,"Pedro Alonso, Nacho Fresneda, Carmina Barrios, José Ángel Egido, Àlex Monner, Raúl Prieto, Maite Sandoval, Javier Godino, Luis Zahera, Miguel de Lira",Spain,"April 22, 2020",2019,TV-MA,93 min,"International Movies, Thrillers","While researching corruption for his new book, a successful crime novelist shades the line between fiction and reality."
s5098,TV Show,Lovesick,Unknown,"Johnny Flynn, Antonia Thomas, Daniel Ings, Hannah Britland, Joshua McGuire, Richard Thomson, Jessica Ellerby",United Kingdom,"January 1, 2018",2018,TV-MA,3 Seasons,"British TV Shows, International TV Shows, Romantic TV Shows","In his quest for true love, Dylan found chlamydia. Joined by friends Evie and Luke, he relives past encounters as he notifies all his former partners."
s7823,Movie,Raiders!: The Story of the Greatest Fan Film Ever Made,"Jeremy Coon, Tim Skousen",Unknown,United States,"September 16, 2016",2015,NR,93 min,Documentaries,"Three childhood friends attempt to finish the pet project they've worked on for over 30 years: re-creating ""Raiders of the Lost Ark"" shot for shot."
s4868,TV Show,Evil Genius,"Trey Borzillieri, Barbara Schroeder",Unknown,United States,"May 11, 2018",2018,TV-MA,1 Season,"Crime TV Shows, Docuseries, TV Mysteries",This baffling true crime story starts with the grisly death of a pizza man who robs a bank with a bomb around his neck – and gets weirder from there.
s2187,Movie,Raat Akeli Hai,Honey Trehan,"Nawazuddin Siddiqui, Radhika Apte, Khalid Tyabji, Aditya Srivastava, Padmavati Rao, Shivani Raghuvanshi, Nishant Dahiya, Shweta Tripathi, Gyanendra Tripathi, Shreedhar Dubey, Swanand Kirkire, Riya Shukla, Tigmanshu Dhulia, Ila Arun, Natasha Rastogi",India,"July 31, 2020",2020,TV-MA,150 min,"Dramas, International Movies, Thrillers","When a newly married landlord is murdered, a misfit cop’s investigation is complicated by the victim’s secretive family and his own conflicted heart."
s53,Movie,InuYasha the Movie 3: Swords of an Honorable Ruler,Toshiya Shinohara,"Kappei Yamaguchi, Satsuki Yukino, Koji Tsujitani, Houko Kuwashima, Kumiko Watanabe, Ken Narita, Akio Otsuka, Kikuko Inoue",Japan,"September 15, 2021",2003,TV-14,99 min,"Action & Adventure, Anime Features, International Movies",The Great Dog Demon beaqueathed one of the Three Swords of the Fang to each of his two sons. Now the evil power of the third sword has been awakened.
s6140,TV Show,American Experience: The Circus,Sharon Grimberg,Unknown,United States,"May 2, 2019",2018,TV-PG,1 Season,Docuseries,"An exploration of the American circus, as the spectacle evolved from a one-ring show to a cultural event and eventually, a dying breed."
s5338,Movie,Baahubali: The Beginning (Hindi Version),S.S. Rajamouli,"Prabhas, Rana Daggubati, Anushka Shetty, Tamannaah Bhatia, Sathyaraj, Nassar, Ramya Krishnan, Sudeep",India,"August 7, 2017",2015,TV-14,159 min,"Action & Adventure, Dramas, International Movies",Villagers in the kingdom of Mahismati rescue a baby who is destined to embark on a heroic quest in this Hindi version of S.S. Rajamouli's epic.
s2372,Movie,Lola Igna,Eduardo Roy Jr.,"Angie Ferro, Yves Flores, Meryll Soriano, Maria Isabel Lopez, Royce Cabrera, Jojo Riguerra, Soliman Cruz, Armand Reyes",Philippines,"June 18, 2020",2019,TV-14,114 min,"Comedies, International Movies",An elderly woman finds her life disrupted when her family and village realize she has a chance at a world record for being the oldest grandmother alive.
s6425,Movie,Carriers,"Àlex Pastor, David Pastor","Lou Taylor Pucci, Chris Pine, Piper Perabo, Emily VanCamp, Christopher Meloni, Kiernan Shipka, Ron McClary, Mark Moses",United States,"November 20, 2019",2009,PG-13,85 min,"Horror Movies, Sci-Fi & Fantasy, Thrillers","As a lethal virus spreads globally, four friends seek a reputed plague-free haven. But while avoiding the infected, the travelers turn on one another."
s351,Movie,Space Cowboys,Clint Eastwood,"Clint Eastwood, Tommy Lee Jones, Donald Sutherland, James Garner, James Cromwell, Marcia Gay Harden, William Devane, Loren Dean, Courtney B. Vance, Rade Serbedzija, Barbara Babcock, Blair Brown",United States,"August 1, 2021",2000,PG-13,130 min,"Action & Adventure, Dramas, Sci-Fi & Fantasy",A retired engineer agrees to help NASA prevent a Russian satellite from falling to Earth if he and his over-the-hill pals can man the mission.
s8152,Movie,Tarzan,"Chris Buck, Kevin Lima","Tony Goldwyn, Minnie Driver, Glenn Close, Brian Blessed, Nigel Hawthorne, Rosie O'Donnell, Lance Henriksen, Wayne Knight, Alex D. Linz",United States,"June 23, 2018",1999,G,89 min,Children & Family Movies,"After being shipwrecked off the African coast, a lone child grows up in the wild, and is destined to become lord of the jungle."
s3548,Movie,Back to School,"Rémy Four, Julien War","Ludovik, Jérôme Niel, Nicolas Berno, Johann Dionnet, Caroline Anglade, Joséphine Draï, Pauline Deshons, Marc Riso, Romain Lancry, Nicolas Lumbreras, Claire Tran, Pitcho Womba Konga",Unknown,"August 30, 2019",2019,TV-MA,84 min,"Comedies, International Movies","Eager to flaunt their success in front of old bullies and teenage crushes, two best friends spend a wild night at their middle school reunion."
s7173,Movie,Katt Williams: Live,Alphonso J. Wesson,Katt Williams,United States,"July 19, 2018",2006,NR,85 min,Stand-Up Comedy,"Outspoken comedian Katt Williams pokes fun at a variety of topics, including sex, relationships, parenthood and trying to make it as an entertainer."
s5726,Movie,The Ivory Game,"Kief Davidson, Richard Ladkani",Unknown,Austria,"November 4, 2016",2016,TV-14,112 min,Documentaries,"Filmmakers infiltrate the corrupt global network of ivory trafficking, exposing poachers and dealers as African elephants edge closer to extinction."
s2363,TV Show,The Politician,Unknown,"Ben Platt, Gwyneth Paltrow, Jessica Lange, Zoey Deutch, Lucy Boynton, Bob Balaban, David Corenswet, Julia Schlaepfer, Laura Dreyfuss, Theo Germaine, Rahne Jones, Benjamin Barrett",United States,"June 19, 2020",2020,TV-MA,2 Seasons,"TV Comedies, TV Dramas, Teen TV Shows",Rich kid Payton has always known he's going to be president. But first he has to navigate the most treacherous political landscape of all: high school.
s5639,Movie,Very Big Shot,Mir-Jean Bou Chaaya,"Alain Saadeh, Fouad Yammine, Tarek Yaacoub, Alexandra Kahwaji, Wissam Fares, Georges Hayeck, Fadi Abi Samra, Marcel Ghanem","Lebanon, Qatar","January 12, 2017",2015,TV-MA,109 min,"Comedies, Dramas, International Movies","When three brothers struggling to go straight become targets of a criminal underworld, they use the making of a movie as a front to transport drugs."
s8493,Movie,The Roommate,Christian E. Christiansen,"Leighton Meester, Minka Kelly, Cam Gigandet, Aly Michalka, Danneel Ackles, Frances Fisher, Tomas Arana, Billy Zane, Nina Dobrev, Matt Lanter, Kat Graham",United States,"April 1, 2020",2011,PG-13,91 min,Thrillers,"While acclimating to campus life, college freshman Sara begins to realize that her new roommate, Rebecca, is becoming obsessed with her."
s5094,Movie,Mustang Island,Craig Elrod,"Macon Blair, Lee Eddy, John Merriman, Byron Brown, Jason Newman",United States,"January 2, 2018",2017,TV-14,86 min,"Comedies, Dramas, Independent Movies","After being dumped on New Year's Eve, Bill pursues his ex-girlfriend to an off-season Gulf Coast beach town, but things get complicated along the way."
s1458,TV Show,Jenni Rivera: Mariposa de Barrio,Unknown,"Angélica Celaya, Gabriel Porras, Rosalinda Rodríguez, Samadhi Zendejas, Tony Garza, Regina Orquín, Enrique Montaño, Adrián Carvajal, Emmanuel Morales, Adriano Zendejas, Xavier Ruvalcaba, Raúl Sandoval, Mauricio Novoa, Uriel del Toro, Ana Wolfermann, Stephanie Arcila, Vanessa Pose, Alma Matrecito",United States,"January 1, 2021",2017,TV-MA,1 Season,"Spanish-Language TV Shows, TV Dramas",This drama follows Mexican-American singer Jenni Rivera's unlikely rise from suicidal pregnant teen and abused wife to banda superstar.
s7829,TV Show,Ramayan,Unknown,"Gagan Malik, Neha Sargam, Neil Bhatt",India,"April 1, 2018",2012,TV-14,1 Season,"International TV Shows, TV Dramas",A prince's divine destiny to rule as a king is thwarted by his stepmother's scheme to put her own child on the throne in this legendary epic.
s5864,TV Show,Your lie in April,Unknown,"Natsuki Hanae, Risa Taneda, Ayane Sakura, Ryota Osaka, Saori Hayami, Yuki Kaji",Japan,"March 1, 2016",2014,TV-14,1 Season,"Anime Series, International TV Shows, Romantic TV Shows","After his mother's death, a piano prodigy's will to play disappears. But meeting a free-spirited girl who plays the violin turns his life around."
s3135,Movie,Don 2,Farhan Akhtar,"Shah Rukh Khan, Priyanka Chopra, Boman Irani, Lara Dutta, Kunal Kapoor, Om Puri, Alyy Khan, Nawab Shah","India, Germany","December 15, 2019",2011,TV-14,148 min,"Action & Adventure, International Movies, Music & Musicals","With Asia under his complete control, criminal mastermind Don turns to Europe, battling the mob bosses of each nation along the way."
s5197,Movie,Judah Friedlander: America Is the Greatest Country in the United States,Judah Friedlander,Judah Friedlander,United States,"October 31, 2017",2017,TV-MA,84 min,Stand-Up Comedy,"Deadpan comic and self-proclaimed world champion Judah Friedlander performs over several nights in New York, explaining why America is No. 1."
s5335,Movie,Baahubali 2: The Conclusion (Hindi Version),S.S. Rajamouli,"Prabhas, Rana Daggubati, Anushka Shetty, Tamannaah Bhatia, Sathyaraj, Ramya Krishnan, Nassar, Subbaraju",India,"August 7, 2017",2017,TV-MA,165 min,"Action & Adventure, Dramas, International Movies","To avenge his father's death, a young man leads an army into battle against a cruel tyrant in this Hindi conclusion to the historic saga."
s6101,TV Show,Age Gap Love,Unknown,Fay Ripley,United Kingdom,"July 12, 2019",2017,TV-MA,1 Season,"British TV Shows, Reality TV, Romantic TV Shows","Despite the social backlash and challenges that come with intergenerational romance, these couples choose to stick together through thick and thin."
s1697,TV Show,Polly Pocket,Unknown,"Emily Tennant, Shannon Chan-Kent, Kazumi Evans, Patricia Drake, Rhona Rees, Ian Hanlin, Maryke Hendrikse, Vincent Tong, David Kaye, Ellen Kennedy","Canada, United States, Ireland","November 15, 2020",2021,TV-Y,2 Seasons,Kids' TV,"After uncovering a magical locket that allows her to shrink in size, Polly and her friends set out on big adventures with petite power."
s2494,Movie,Anchor Baby,Lonzo Nzekwe,"Omoni Oboli, Sam Sarpong, Terri Oliver, Colin Paradine, Mark Cassius","Canada, Nigeria","May 20, 2020",2010,TV-MA,97 min,"Dramas, International Movies",A Nigerian couple living in the U.S. face agonizing fallout when they defy deportation orders with the hopes of giving their unborn child citizenship.
s7436,TV Show,Mega Food,Unknown,Unknown,United Kingdom,"July 12, 2019",2013,TV-G,1 Season,"British TV Shows, Docuseries, International TV Shows","Visiting the busiest kitchens in the world, this reality series focuses on large-scale food production – and the people who make it happen."
s4062,Movie,Sarvam Thaala Mayam (Tamil Version),Rajiv Menon,"G.V. Prakash Kumar, Nedumudi Venu, Aparna Balamurali, Divyadarshini, Vineeth, Kumaravel, Ravi Prakash, Sumesh",Unknown,"March 1, 2019",2018,TV-14,131 min,"Dramas, International Movies, Music & Musicals","An aspiring musician battles age-old caste divides to be able to learn the art of a classical instrument from a traditionalist, veteran percussionist."
s8316,TV Show,The Furchester Hotel,Unknown,"Sarah Burgess, Ryan Dillon, Louise Gold, David Rudman, Andrew Spooner, Mak Wilson","United Kingdom, United States"," February 1, 2017",2015,TV-Y,2 Seasons,"British TV Shows, Kids' TV","Elmo hops across the pond to help his extended monster family solve problems at their ""almost"" world-class establishment, the Furchester Hotel."
s7288,TV Show,Lego Friends,Unknown,"Elisa Schnebelie, Raquel Christiana, Lucia Vecchio, Karen Strassman, Michelle Ruff, Sam Riegel",Unknown," February 1, 2019",2017,TV-G,3 Seasons,Kids' TV,"As a way to make friends, new girl in town Olivia volunteers to work at the Heartlake City World Petacular with four other girls."
s193,Movie,C Kkompany,Sachin Yardi,"Mithun Chakraborty, Tusshar Kapoor, Anupam Kher, Rajpal Yadav, Raima Sen, Dilip Prabhavalkar, Sanjay Mishra",India,"August 27, 2021",2008,TV-14,127 min,"Action & Adventure, Comedies, International Movies","Three broke friends pose as an underworld gang for extortion, but their plan takes on a life of its own when their phony company becomes famous."
s1005,TV Show,Izzy's Koala World,Unknown,"Izzy Bee, Ali Bee, Tim Bee",Australia,"April 20, 2021",2021,TV-Y,2 Seasons,Kids' TV,Young koala caretaker Izzy Bee and her family rescue cuddly creatures in need and help them head back into the wild on Australia’s Magnetic Island.
s2293,TV Show,Little Singham,Unknown,"Swapnil Kumari, Jigna Bhardwaj, Sonal Kaushal, Neshma Chemburkar, Ganesh Divekar, Shaily Dube, Saumya Daan, Anamaya Verma, Parminder Ghumman, Pawan Kalra",India,"July 4, 2020",2020,TV-Y7,2 Seasons,"Kids' TV, TV Comedies","A spinoff of Rohit Shetty's action franchise, this animated series follows brave kid cop Little Singham’s adventures as he defends his town from evil."
s3168,Movie,Celebrity Marriage,Pascal Amanfo,"Kanayo O. Kanayo, Tonto Dikeh, Jackie Appiah, Odunlade Adekola, Toyin Aimakhu, Osita Iheme, Francis Odega, Calista Okoronkwo, Susan Peters, Roselyn Ngissah",Unknown,"December 6, 2019",2017,TV-14,107 min,"Dramas, International Movies",A successful actress with an abusive husband confides in friends who have troubling relationship issues of their own.
s5322,TV Show,Marvel's The Defenders,Unknown,"Charlie Cox, Krysten Ritter, Mike Colter, Finn Jones, Sigourney Weaver, Elodie Yung, Elden Henson, Jessica Henwick, Simone Missick, Rachael Taylor, Deborah Ann Woll, Rosario Dawson, Carrie-Anne Moss, Eka Darville, Scott Glenn",United States,"August 18, 2017",2017,TV-MA,1 Season,"Crime TV Shows, TV Action & Adventure, TV Dramas","Daredevil, Jessica Jones, Luke Cage and Iron Fist join forces to take on common enemies as a sinister conspiracy threatens New York City."
s4978,Movie,Benji,Brandon Camp,"Gabriel Bateman, Darby Camp, Kiele Sanchez, Jerod Haynes, Gralen Bryant Banks, Angus Sampson, Will Rothhaar, Jim Gleason, Brady Permenter","United Arab Emirates, United States","March 16, 2018",2018,TV-PG,87 min,"Children & Family Movies, Dramas",A determined dog comes to the rescue and helps heal a broken family when a young boy and his sister stumble into some serious danger.
s4519,TV Show,The Haunting of Hill House,Unknown,"Michiel Huisman, Carla Gugino, Timothy Hutton, Henry Thomas, Elizabeth Reaser, Oliver Jackson-Cohen, Kate Siegel, Victoria Pedretti, Lulu Wilson, Mckenna Grace, Paxton Singleton, Julian Hilliard, Violet McGraw",United States,"October 12, 2018",2018,TV-MA,1 Season,"TV Dramas, TV Horror, TV Mysteries","Flashing between past and present, a fractured family confronts haunting memories of their old home and the terrifying events that drove them from it."
s5478,TV Show,Highland: Thailand's Marijuana Awakening,Unknown,Sebastian Perry,Thailand,"May 19, 2017",2017,TV-MA,1 Season,"Docuseries, International TV Shows","Thailand's complicated history with marijuana continues to play a role in its policies and laws, as well as the health and security of its citizens."
s715,TV Show,Beyond Evil,Unknown,"Shin Ha-kyun, Yeo Jin-goo, Choi Dae-hoon, Choi Sung-eun, Cheon Ho-jin, Choi Jin-ho",Unknown,"June 15, 2021",2021,TV-MA,1 Season,"Crime TV Shows, International TV Shows, TV Thrillers","As a killing resembling a cold case resurfaces in a small town, the chase for the truth falls on two policemen who each harbor secrets of their own."
s35,TV Show,Tayo and Little Wizards,Unknown,"Dami Lee, Jason Lee, Bommie Catherine Han, Jennifer Waescher, Nancy Kim",Unknown,"September 17, 2021",2020,TV-Y7,1 Season,Kids' TV,Tayo speeds into an adventure when his friends get kidnapped by evil magicians invading their city in search of a magical gemstone.
s6196,Movie,Attacking the Devil: Harold Evans and the Last Nazi War Crime,"David Morris, Jacqui Morris",Harold Evans,United Kingdom,"May 15, 2016",2014,TV-14,102 min,"Documentaries, International Movies",Intrepid newspaper editor Harold Evans wages an ongoing battle to expose the truth about a dangerous drug and obtain compensation for its victims.
s3039,Movie,Monsters: Dark Continent,Tom Green,"Johnny Harris, Sam Keeley, Joe Dempsie, Kyle Soller, Nicholas Pinnock, Parker Sawyers, Philip Arditti, Sofia Boutella",United Kingdom,"January 10, 2020",2014,R,119 min,"Action & Adventure, Dramas, Independent Movies",An American platoon stationed in the Middle East is thrust into battle with a breed of tentacled aliens whose rapid spread threatens human survival.
s3,TV Show,Ganglands,Julien Leclercq,"Sami Bouajila, Tracy Gotoas, Samuel Jouy, Nabiha Akkari, Sofia Lesaffre, Salim Kechiouche, Noureddine Farihi, Geert Van Rampelberg, Bakary Diombera",Unknown,"September 24, 2021",2021,TV-MA,1 Season,"Crime TV Shows, International TV Shows, TV Action & Adventure","To protect his family from a powerful drug lord, skilled thief Mehdi and his expert team of robbers are pulled into a violent and deadly turf war."
s3151,Movie,6 Underground,Michael Bay,"Ryan Reynolds, Mélanie Laurent, Corey Hawkins, Dave Franco, Adria Arjona, Manuel Garcia-Rulfo, Ben Hardy, Lior Raz, Payman Maadi, Yuri Kolokolnikov, Kim Kold",United States,"December 13, 2019",2019,R,129 min,"Action & Adventure, Dramas","After faking his death, a tech billionaire recruits a team of international operatives for a bold and bloody mission to take down a brutal dictator."
s7135,Movie,Joe Cocker: Mad Dog with Soul,John Edginton,Unknown,United Kingdom,"April 1, 2017",2017,TV-14,90 min,"Documentaries, International Movies, Music & Musicals","From his star turn at Woodstock to his battles with addiction, this film chronicles the stormy life and unique talent of soulful singer Joe Cocker."
s2299,TV Show,Southern Survival,Unknown,Unknown,United States,"July 3, 2020",2020,TV-PG,1 Season,Reality TV,"The BattlBox crew tests out products designed to help people survive dangerous situations, including explosions, natural disasters and intruders."
s4667,Movie,Garbage,Qaushiq Mukherjee,"Tanmay Dhanania, Trimala Adhikari, Satarupa Das, Satchit Puranik, Gitanjali Dang, Shruti Viswan, Nikhil Chopra, Krish Moitra",India,"September 1, 2018",2018,TV-MA,109 min,"Dramas, Independent Movies, International Movies",The lives of a fundamentalist online troll and a woman reeling from a sex tape gone viral become dangerously intertwined in this provocative thriller.
s853,Movie,99 Songs (Telugu),Unknown,Unknown,Unknown,"May 21, 2021",2021,TV-14,131 min,"Dramas, International Movies, Music & Musicals","Challenged to compose 100 songs before he can marry the girl he loves, a tortured but passionate singer-songwriter embarks on a poignant musical journey."
s1638,Movie,Don’t Listen,Ángel Gómez Hernández,"Rodolfo Sancho, Ana Fernández, Ramón Barea, Belén Fabra, Lucas Blas",Spain,"November 27, 2020",2020,TV-MA,98 min,"Horror Movies, International Movies","After a tragic turn of events at the new home he's fixing up, Daniel hears a ghostly plea for help, spurring him to seek out a famous paranormal expert."
s975,Movie,Ram Prasad Ki Tehrvi,Seema Pahwa,"Supriya Pathak, Parambrata Chatterjee, Konkona Sen Sharma, Vikrant Massey, Manoj Pahwa, Vinay Pathak, Ninad Kamat, Naseeruddin Shah",India,"April 24, 2021",2019,TV-14,113 min,"Dramas, Independent Movies, International Movies","Conflicts, complications and confrontations make for an emotional and eventful affair when a multigenerational family reunites in Lucknow."
s5046,Movie,Fred Armisen: Standup For Drummers,Lance Bangs,Fred Armisen,Unknown,"February 6, 2018",2018,TV-PG,65 min,"Music & Musicals, Stand-Up Comedy","For an audience of drummers, comedian Fred Armisen shares and demonstrates his thoughts on musical genres, drummer quirks, regional accents and more."
s3910,Movie,Super Monsters Furever Friends,Unknown,"Elyse Maloway, Vincent Tong, Erin Mathews, Andrea Libman, Alessandro Juliani, Nicole Anthony, Diana Kaarina, Ian James Corlett, Britt McKillip",Unknown,"April 16, 2019",2019,TV-Y,59 min,Children & Family Movies,"On the first night of spring, the Super Monsters gather for food, fun and games in the park – and get to meet their adorable new pets!"
s7088,Movie,Into the Forest,Patricia Rozema,"Ellen Page, Evan Rachel Wood, Max Minghella, Callum Keith Rennie, Michael Eklund, Wendy Crewson",Canada,"November 7, 2018",2015,R,102 min,"Dramas, International Movies, Sci-Fi & Fantasy","In the near future, two frightened sisters fight for survival after losing their father during a deadly, quietly looming apocalypse."
s5248,TV Show,The Dream Catchers,Unknown,"Rui En, Tay Ping Hui, Jesseca Liu, Shaun Chen, Elvin Ng, Nat Ho, Dawn Yeoh, Paige Chua, Zhang Zhenhuan",Singapore,"October 1, 2017",2009,TV-14,1 Season,"International TV Shows, Romantic TV Shows, TV Dramas",Four engineers from different walks of life cross paths in pursuit of the same selfless dream: making the world a better place – and finding love.
s1989,TV Show,The Last Word,Unknown,"Anke Engelke, Thorsten Merten, Nina Gummich, Johannes Zeiler, Juri Winkler, Gudrun Ritter, Aaron Hilmer, Claudia Geisler-Bading",Germany,"September 17, 2020",2020,TV-MA,1 Season,"International TV Shows, TV Comedies, TV Dramas","Suddenly a widow, a woman rekindles her thirst for life by becoming a eulogist while navigating the existential landscape of death, grief and love."
s2333,Movie,Kasanova,Oluseyi Asurf,"Wale Ojo, Ireti Doyle, Alvin Abayomi, Toyin Abraham, Ruby Akubueze, Chimezie Imo, Tomiwa Tegbe",Nigeria,"June 26, 2020",2019,TV-14,117 min,"Comedies, International Movies, Romantic Movies","After losing his wife, a single father indulges in flimsy flings until he meets his son's music teacher, who imparts a few lessons on love."
s7494,Movie,Monster High: Friday Night Frights,Dustin McKenzie,"Laura Bailey, Ogie Banks, Cam Clarke, Debi Derryberry, Erin Fitzgerald, Kate Higgins, Julie Maddalena, Audu Paden, Cindy Robinson, Salli Saffioti, Evan Smith, America Young",United States,"January 1, 2018",2013,TV-Y7,46 min,Children & Family Movies,"In their bid to win the Skulltimate Roller Maze championship, Monster High loses its star players, Clawd and Deuce, to injury."
s7195,Movie,Kid Kulafu,Paul Soriano,"Robert Villar, Alessandra de Rossi, Cesar Montano, Alex Medina, Jake Macapagal, Khalil Ramos, Jomari Angeles, Kokoy DeSantos",Philippines,"March 4, 2019",2015,TV-14,108 min,"Dramas, International Movies, Sports Movies","Growing up in poverty and political turmoil, he found his way out in the ring. The early years of world-famous boxer Manny Pacquiao unfolds in this biopic."
s336,Movie,Freedomland,Joe Roth,"Samuel L. Jackson, Julianne Moore, Edie Falco, Ron Eldard, William Forsythe, Aunjanue Ellis, Anthony Mackie, LaTanya Richardson Jackson, Clarke Peters, Peter Friedman, Domenick Lombardozzi",United States,"August 1, 2021",2006,R,113 min,"Dramas, Thrillers","When a woman reports that her infant son was kidnapped by a black man, an African American detective and a white activist team up to dig for details."
s7486,TV Show,Monkey Planet,Unknown,George McGavin,United Kingdom,"March 31, 2017",2014,TV-PG,1 Season,"British TV Shows, Docuseries, Science & Nature TV","Join zoologist Dr. George McGavin for a fascinating, up-close look at the habits and behaviors of primates, our closest animal relatives."
s641,TV Show,Jiva!,Unknown,"Noxolo Dlamini, Candice Modiselle, Sne Mbatha, Stella Dlangalala, Zazi Kunene, Ntuthuzelo Grootboom, Given Stuurman, Tony Kgoroge, Anga Makubalo, Sibulele Gcilitshana, Zamani Mbatha, Kagiso Modupe",Unknown,"June 24, 2021",2021,TV-MA,1 Season,"International TV Shows, TV Dramas","A talented street dancer from Umlazi, Durban must confront her fears and deal with family objections to pursue her dancing dreams."
s1163,Movie,Keeping the Bees,Eylem Kaftan,"Meryem Uzerli, Feyyaz Duman, Hakan Karsak, Şennur Nogaylar, Burcu Salihoğlu",Turkey,"March 26, 2021",2020,TV-14,93 min,"Dramas, International Movies",Ayşe returns from Germany to her Black Sea hometown and sets out to fulfill her mom's dying wish — to care for her beloved bee farms.
s3416,TV Show,THE UNLISTED,Unknown,"Vrund Rao, Ved Rao, Abigail Adriano, Miah Madden, Jean Hinchliffe, Nya Cofie, Saba Zaidi Abdi, Nicholas Brown, Virginie Laverdure, Avishma Lohith, Zenia Starr, Suzi Dougherty, Aria Ferris, Danny Kim, Annabel Wolfe",Australia,"October 17, 2019",2019,TV-PG,1 Season,"Kids' TV, TV Thrillers","When they learn of a secret plot to track and control kids, identical twins Dru and Kal team up with a band of runaway rebels to take back their world."
s4861,Movie,Aiyaary,Neeraj Pandey,"Sidharth Malhotra, Manoj Bajpayee, Rakul Preet Singh, Pooja Chopra, Adil Hussain, Kumud Mishra, Naseeruddin Shah, Anupam Kher, Vikram Gokhale, Juhi Babbar",India,"May 15, 2018",2018,TV-MA,158 min,"Action & Adventure, Dramas, International Movies","When his protégé goes rogue and poses a grave threat to the government he serves, a veteran officer of the Indian Army tries to stop him at all costs."
s5688,Movie,Blue Jay,Alex Lehmann,"Sarah Paulson, Mark Duplass, Clu Gulager",United States,"December 6, 2016",2016,TV-MA,81 min,"Dramas, Independent Movies, Romantic Movies","Two former high school sweethearts unexpectedly reunite in their old hometown, where they rediscover their magical bond and face a shared regret."
s142,Movie,Extraction,Steven C. Miller,"Bruce Willis, Kellan Lutz, Gina Carano, D.B. Sweeney, Joshua Mikel, Steve Coulter, Dan Bilzerian, Heather Johansen","United States, United Kingdom, Canada","September 1, 2021",2015,R,82 min,Action & Adventure,"When a retired CIA agent is kidnapped, his son, a government analyst, embarks on an unauthorized mission to find him and halt a terrorist plot."
s577,Movie,Mary Magdalene,Garth Davis,"Rooney Mara, Joaquin Phoenix, Chiwetel Ejiofor, Tahar Rahim, Ariane Labed, Denis Ménochet, Lubna Azabal, Tchéky Karyo, Charles Babalola, Tawfeek Barhom, Ryan Corr, Uri Gavriel, Shira Haas, Tsahi Halevi, Michael Moshonov","United Kingdom, Australia, United States","July 1, 2021",2019,R,120 min,"Dramas, Faith & Spirituality, International Movies","A woman with healing powers abandons her village life to become a devout disciple of Jesus, the founder of Christianity."
s114,Movie,Afterlife of the Party,Stephen Herek,"Victoria Justice, Midori Francis, Robyn Scott, Adam Garcia, Timothy Renouf, Gloria Garcia, Myfanwy Waring, Spencer Sutherland",Unknown,"September 2, 2021",2021,TV-PG,110 min,"Comedies, Romantic Movies",Cassie lives to party... until she dies in a freak accident. Now this social butterfly needs to right her wrongs on Earth if she wants to earn her wings.
s6658,Movie,Earth to Echo,Dave Green,"Teo Halm, Astro, Reese Hartwig, Ella Wahlestedt, Jason Gray-Stanford, Algee Smith, Cassius Willis, Sonya Leslie, Kerry O'Malley, Virginia Louise Smith, Peter Mackenzie, Valerie Wildman",United States,"October 1, 2019",2014,PG,91 min,"Children & Family Movies, Sci-Fi & Fantasy","When a construction project begins in their neighborhood, four friends start receiving bizarre encoded text messages on their cell phones."
s3115,Movie,Iyore,Frank Rajah Arase,"Rita Dominic, Joseph Benjamin, Okawa Shaznay, Paul Obazele, Yemi Blaq, Bukky Wright",Nigeria,"December 20, 2019",2015,TV-PG,141 min,"Dramas, International Movies, Romantic Movies",A tragic romance unfolds during a teacher's lessons on the Benin empire after they begin to mirror her love life when her childhood love reappears.
s4730,Movie,Main aurr Mrs. Khanna,Prem Soni,"Salman Khan, Kareena Kapoor, Sohail Khan, Preity Zinta, Bappi Lahiri, Yash Tonk, Nauheed Cyrusi, Mahek Chahal",India,"August 2, 2018",2009,TV-14,109 min,"International Movies, Music & Musicals, Romantic Movies","A financially troubled Indian man heads to Singapore to find employment, while his pretty wife stays behind in a move that could cause trouble."
s5564,TV Show,One-Punch Man,Unknown,"Makoto Furukawa, Kaito Ishikawa, Yuki Kaji, Aoi Yuki, Kazuhiro Yamaji, Kenjiro Tsuda, Minami Takayama, Tessho Genda",Japan,"March 20, 2017",2015,TV-14,1 Season,"Anime Series, Crime TV Shows, International TV Shows","The most powerful superhero in the world can kill anyone with one blow. But nothing can challenge him, so he struggles with ennui and depression."
s1321,TV Show,Capitani,Unknown,"Luc Schiltz, Sophie Mousel, Claude De Demo, Joe Dennenwald, Konstantin Rommelfangen, Jules Werner, Jil Devresse, Julie Kieffer",Luxembourg,"February 11, 2021",2019,TV-MA,1 Season,"Crime TV Shows, International TV Shows, TV Dramas","In a Luxembourg village where everyone is keeping secrets, gruff police inspector Luc Capitani investigates the suspicious death of a 15-year-old girl."
s4325,Movie,The American Meme,Bert Marcus,"Paris Hilton, Josh Ostrovsky, Brittany Furlan, Kirill Bichutsky, DJ Khaled, Emily Ratajkowski, Hailey Baldwin",United States,"December 7, 2018",2018,TV-MA,98 min,Documentaries,"Social media stars Paris Hilton, Josh Ostrovsky, Brittany Furlan and Kirill Bichutsky hustle to build online empires – and face the pitfalls of fame."
s1920,Movie,The American Game,Mostafa Abu Seif,"Nahed El Sebaï, Ahmed Fahmi, Shaima Saif, Bayoumi Fouad, Entsar",Unknown,"October 1, 2020",2019,TV-PG,91 min,"Comedies, International Movies, Romantic Movies",A financially struggling young couple's relationship is tested when the CEO of the company they work for tempts them with a nearly irresistible offer.
s2571,Movie,Lady Driver,Shaun Paul Piccinino,"Grace Van Dien, Sean Patrick Flanery, Christina Moore, Casper Van Dien, Amanda Detmer, John Ducey, Matthew Joel Kranyak, David Gridley",United States,"May 2, 2020",2019,PG,104 min,"Dramas, Sports Movies","When a rebellious teen searches for her unknown roots, it leads her to the sport of dirt track racing and a discovery she didn't expect."
s716,TV Show,Elite Short Stories: Nadia Guzmán,Unknown,"Mina El Hammani, Miguel Bernardeau, Omar Ayuso",Unknown,"June 15, 2021",2021,TV-MA,1 Season,"International TV Shows, Romantic TV Shows, Spanish-Language TV Shows","Nadia feels conflicted about whether or not to see her long distance boyfriend, Guzmán, when she returns to Spain for her sister's wedding."
s309,Movie,American Masters: Inventing David Geffen,Susan Lacy,David Geffen,United States,"August 4, 2021",2012,TV-MA,115 min,Movies,"The son of Jewish immigrants, David Geffen emerged from a humble upbringing to become one of the most powerful media personalities in America."
s1309,TV Show,Booba,Unknown,Roman Karev,United Kingdom,"February 15, 2021",2021,TV-Y7,4 Seasons,"Kids' TV, TV Comedies","The world is a mystery to little Booba. But he approaches the curiosities around him with wonder, finding adventure in his everyday surroundings."
s8632,Movie,Trixie Mattel: Moving Parts,Nicholas Zeig-Owens,Brian Firkus,United States,"March 27, 2020",2019,TV-MA,91 min,"Documentaries, Music & Musicals",Drag queen Trixie Mattel deals with the bittersweet reality of success in this documentary that explores her rise to fame and subsequent music career.
s7683,Movie,Ottaal,Jayaraj Rajasekharan Nair,"Ashanth K. Shah, Kumarakom Vasudevan, Shine Tom Chacko, Sabitha Jayaraj, Thomas J. Kannampuzha",India,"March 15, 2017",2014,TV-PG,88 min,"Dramas, International Movies","Young orphan Kuttappayi goes to live with his grandfather in the country, but his new life takes a hard turn when his grandfather's health fails."
s721,TV Show,Rhyme Time Town,Unknown,"Luke Amis, Annabelle Westenholz-Smith, Maddie Evans, Jude Muir",Unknown,"June 15, 2021",2021,TV-Y,2 Seasons,Kids' TV,Fun-loving friends Daisy and Cole use music and imagination to solve problems in a town filled with nursery rhyme characters.
s1887,Movie,David Attenborough: A Life on Our Planet,"Alastair Fothergill, Jonnie Hughes, Keith Scholey",David Attenborough,"United States, United Kingdom","October 4, 2020",2020,PG,84 min,Documentaries,"A broadcaster recounts his life, and the evolutionary history of life on Earth, to grieve the loss of wild places and offer a vision for the future."
s5366,TV Show,Vexed,Unknown,"Toby Stephens, Miranda Raison, Lucy Punch, Nick Dunning, Rory Kinnear, Ronny Jhutti, Roger Griffiths, Patrick Baladi",United Kingdom,"August 1, 2017",2012,TV-MA,2 Seasons,"British TV Shows, Crime TV Shows, International TV Shows",Charming slacker DI Jack Armstrong and driven professional DI Kate Bishop try to solve crimes together without driving each other crazy.
s4281,Movie,Imperfect,Steve Cheng,"Edwin Goh, Ian Fang Weijie, Phua Yida, Kimberly Chia",Singapore,"December 20, 2018",2012,TV-MA,95 min,"Action & Adventure, International Movies","After a brawl lands him in a Boys’ Home, a teen seems to be on a promising path until loyalty to his gangster buddy leads to even bigger trouble."
s2538,Movie,The Delivery Boy,Adekunle Nodash Adejuyigbe,"Jamal Ibrahim, Jemima Osunde, Charles Etubiebi, Jude Chukwuka, Chris Iheuwa, Kehinde Fasuyi",Nigeria,"May 14, 2020",2018,TV-14,67 min,"International Movies, Thrillers",A teen criminal and a young sex worker forge an unlikely alliance during a night that forces them to confront painful pasts and crises of conscience.
s3534,Movie,Kill Me If You Dare,Şenol Sönmez,"Murat Boz, Seda Bakan, Açelya Topaloğlu, Özgür Emre Yıldırım, Seda Güven, Yosi Mizrahi, Dilşad Şimşek, Ali Yoğurtçuoğlu",Turkey,"September 6, 2019",2019,TV-14,100 min,"Comedies, International Movies, Romantic Movies","Bogged down with money problems, a couple grows cautious of each other but hit the lottery and decide to stay together – till death do they part."
s7680,TV Show,Origins Collection,Peter McDonnell,Unknown,United States," July 20, 2018",2018,TV-PG,3 Seasons,Docuseries,"This documentary series explores the stories behind history's most fascinating innovations, including games, technology, sports, medicine and more."
s5777,Movie,Riphagen - The Untouchable,Pieter Kuijpers,"Jeroen van Koningsbrugge, Anna Raadsveld, Sigrid ten Napel, Peter Blok, Bob Stoop, Lisa Zweerman, Kay Greidanus, René Kortekaas, Sieger Sloot, Mark Rietman",Netherlands,"October 1, 2016",2016,TV-14,132 min,"Dramas, International Movies","This biopic profiles Andries Riphagen, a Dutch criminal who blackmailed Jews in hiding during World War II and was responsible for hundreds of deaths."
s4100,Movie,Behind the Curve,Daniel J. Clark,Unknown,United States,"February 15, 2019",2018,TV-14,96 min,Documentaries,"Meet the growing, worldwide community of theorists who defend the belief that the Earth is flat while living in a society who vehemently rejects it."
s5358,Movie,Maz Jobrani: Immigrant,Maz Jobrani,Maz Jobrani,Unknown,"August 1, 2017",2017,TV-14,67 min,Stand-Up Comedy,"Iranian American comic Maz Jobrani lights up the Kennedy Center with riffs on immigrant life in the Trump era, modern parenting pitfalls and more."
s2508,TV Show,Patton Oswalt: I Love Everything,Marcus Raboy,"Patton Oswalt, Bob Rubin",United States,"May 19, 2020",2020,TV-MA,1 Season,"Stand-Up Comedy & Talk Shows, TV Comedies",Turning 50. Finding love again. Buying a house. Experiencing existential dread at Denny's. Life comes at Patton Oswalt fast in this stand-up special.
s525,TV Show,Midnight Diner: Tokyo Stories,Unknown,"Kaoru Kobayashi, Joe Odagiri, Mansaku Fuwa, Reiko Kataoka, Koen Kondo, Bsaku Sato, Hirofumi Arai, Mamiko Itoh, Yuma Yamoto, Yoshinori Okada, Ah-sung Ko, Kosuke Toyohara, Yoshiyuki Morishita, Junko Miyashita, Tamaki Ogawa, Toru Kazama, Kotaro Shiga, Mitsuru Hirata, Toshiki Ayata, Shohei Uno, Tamae Ando, Risa Sudou, Asako Kobayashi, Takashi Yamanaka, Yutaka Matsushige, Ken Mitsuishi, Mikako Tabe, Kimiko Yo",Japan,"July 6, 2021",2019,TV-MA,2 Seasons,"International TV Shows, TV Dramas",Patrons of an otherwise mundane Japanese diner find simple yet profound connections with one another based on the shared love of a particular dish.
s3715,Movie,Unbroken,Svati Chakravarty Bhatkal,Unknown,India,"June 26, 2019",2019,TV-14,109 min,"Documentaries, International Movies","After the brutal murders of their loved ones, three individuals share how they healed through forgiveness in this documentary presented by Aamir Khan."
s602,Movie,The Karate Kid,John G. Avildsen,"Ralph Macchio, Pat Morita, Elisabeth Shue, Martin Kove, Randee Heller, William Zabka, Ron Thomas, Rob Garrison",United States,"July 1, 2021",1984,PG,127 min,"Action & Adventure, Children & Family Movies, Classic Movies","When a bullied teen befriends an unassuming martial arts master, he’ll learn life lessons — and the right moves — to beat back his merciless rivals."
s3372,Movie,Consequences,Ozan Açıktan,"Nehir Erdoğan, Tardu Flordun, İlker Kaleli, Serkan Keskin, Esra Bezen Bilgin, Aytaç Uşun, Cem Özeren, Caner Arçkan",Turkey,"October 25, 2019",2014,TV-MA,106 min,"Dramas, International Movies, Thrillers",Secrets bubble to the surface after a sensual encounter and an unforeseen crime entangle two friends and a woman caught between them.
s5930,Movie,Print the Legend,"Luis Lopez, Clay Tweel",Unknown,United States,"September 26, 2014",2014,TV-14,100 min,Documentaries,"This award-winning, original documentary chronicles the race for market leadership in 3D printing, the next wave of technological evolution."
s1394,Movie,Sightless,Cooper Karl,"Madelaine Petsch, Alexander Koch, December Ensminger, Lee Jones",United States,"January 20, 2021",2020,TV-14,89 min,Thrillers,A former violinist grows suspicious of the new people in her life and their alarming behavior as she recovers from an assault that left her blind.
s5727,Movie,A Grand Night In: The Story of Aardman,Richard Mears,Julie Walters,United Kingdom,"November 1, 2016",2015,TV-PG,59 min,Documentaries,"Aardman Animations icons Wallace & Gromit, Morph and more join fans and collaborators for a retrospective celebrating the studio's 40th anniversary."
s552,Movie,Haseen Dillruba,Vinil Mathew,"Taapsee Pannu, Vikrant Massey, Harshvardhan Rane, Aditya Srivastava, Ashish Verma, Yamini Das, Daya Shankar Pandey",India,"July 2, 2021",2021,TV-MA,136 min,"International Movies, Romantic Movies, Thrillers","Under investigation as a suspect in her husband’s murder, a wife reveals details of their thorny marriage that seem to only further blur the truth."
s5279,TV Show,Apaches,Unknown,"Alberto Ammann, Eloy Azorín, Verónica Echegui, Lucía Jiménez, Claudia Traisac",Spain,"September 8, 2017",2016,TV-MA,1 Season,"Crime TV Shows, International TV Shows, Spanish-Language TV Shows",A young journalist is forced into a life of crime to save his father and family in this series based on the novel by Miguel Sáez Carral.
s8591,Movie,Tikli and Laxmi Bomb,Aditya Kripalani,"Vibhawari Deshpande, Chitrangada Chakraborty, Suchitra Pillai, Upendra Limaye, Divya Unny, Kritika Pande, Mayur More, Kamil Shaikh",India,"August 1, 2018",2017,TV-MA,151 min,"Dramas, International Movies",Two frustrated sex workers cut out the middlemen from their business affairs and start a cooperative that's run entirely by women.
s3089,TV Show,The Disastrous Life of Saiki K.: Reawakened,Unknown,"Hiroshi Kamiya, Daisuke Ono, Nobunaga Shimazaki, Satoshi Hino, Natsuki Hanae, Ai Kayano, Yukari Tamura, Maaya Uchida, Yoshimasa Hosoya, Masaya Matsukaze, Tomoaki Maeno, Kenji Nojima, Mitsuo Iwata, Rikako Aikawa, Yuki Kaji, Eri Kitamura, M・A・O, Kensho Ono, Kohsuke Toriumi, Nao Toyama",Japan,"December 30, 2019",2019,TV-14,1 Season,"Anime Series, International TV Shows","Kusuo and his gaggle of self-proclaimed friends are back for more psychic mishaps. If he didn't have enough problems before, he's got even more now."
s6632,Movie,Don't Look Down,Daniel Gordon,Richard Branson,United Kingdom,"April 1, 2017",2016,TV-MA,93 min,"Documentaries, International Movies","Aided by dramatic reconstructions and archive footage, Sir Richard Branson recounts his daring attempts to break hot air balloon records."
s2137,TV Show,Zoids Wild,Unknown,"Kensho Ono, Takahiro Sakurai, Mikako Komatsu, Etsuko Kozakura, Subaru Kimura, Kaito Ishikawa, Ami Koshimizu, Yoji Ikuta, Hayato Kimura, Kotaro Nishiyama, Takuya Kirimoto, Tomokazu Seki, Suzuko Mimori",Japan,"August 14, 2020",2018,TV-Y7,1 Season,"Anime Series, Kids' TV",A quest for freedom and legendary treasure begins when a cheerful young adventurer follows his father's footsteps to become the greatest Zoids hunter.
s2476,Movie,Si Doel the Movie 3,Rano Karno,"Rano Karno, Cornelia Agatha, Maudy Koesnaedi, Suty Karno, Mandra Naih, Aminah Tjendrakasih, Rey Bong, Akhmad Zulhoir Mardia",Indonesia,"May 23, 2020",2020,TV-G,93 min,"Dramas, International Movies, Music & Musicals","Torn between reuniting with one family and leaving another behind, Doel must choose between the two women he loves."
s3728,TV Show,The Confession Tapes,Unknown,Unknown,United States,"June 21, 2019",2019,TV-MA,2 Seasons,"Crime TV Shows, Docuseries","This true crime documentary series investigates cases where people convicted of murder claim their confessions were coerced, involuntary or false."
s5852,Movie,Belgica,"Felix Van Groeningen, Felix van Groeningen","Stef Aerts, Tom Vermeir, Charlotte Vandermeersch, Hélène Devos, Boris Van Severen, Sara De Bosschere, Dominique Van Malder, Sam Louwyck, Stefaan De Winter, Silvanus Saow","Belgium, France, Netherlands","April 15, 2016",2016,TV-MA,127 min,"Dramas, International Movies","Two brothers become partners in a modest nightclub and turn it into the hottest spot in town, but their exhilarating run of success comes at a price."
s4572,Movie,Jagga Jasoos,Anurag Basu,"Ranbir Kapoor, Katrina Kaif, Saurabh Shukla, Saswata Chatterjee, Rajatabha Dutta, Saravajeet Tiwari",India,"October 1, 2018",2017,TV-14,155 min,"Action & Adventure, Comedies, International Movies","An eccentric, self-proclaimed detective goes on an action-packed hunt for his missing father, with an awkward but adventurous journalist by his side."
s5479,Movie,Laerte-se,"Lygia Barbosa da Silva, Eliane Brum",Laerte Coutinho,Brazil,"May 19, 2017",2017,TV-MA,101 min,"Documentaries, International Movies, LGBTQ Movies","After living as a man for nearly 60 years, Laerte Coutinho, one of Brazil's most brilliant cartoonists, introduces herself to the world as a woman."
s5923,TV Show,Lilyhammer,Unknown,"Steven Van Zandt, Trond Fausa, Steinar Sagen, Robert Skjærstad, Tommy Karlsen, Fridtjov Såheim, Marian Saastad Ottesen","Norway, United States","November 21, 2014",2014,TV-MA,3 Seasons,"Crime TV Shows, TV Comedies, TV Dramas","After testifying against the Mafia, ex-gangster Frank Tagliano enters witness protection and asks to be sent to Norway."
s7016,Movie,How to Be a Player,Lionel C. Martin,"Bill Bellamy, Natalie Desselle, Lark Voorhies, Mari Morrow, Pierre Edwards, Jermaine 'Huggy' Hopkins, Anthony Johnson, Max Julien, Beverly Johnson, Gilbert Gottfried, Bernie Mac",United States,"November 1, 2019",1997,R,94 min,Comedies,"Dray lives life one woman at a time and is the envy of all his friends, until his sister decides to show him the error of his philandering ways."
s2114,TV Show,High Score,Unknown,Unknown,United States,"August 19, 2020",2020,TV-14,1 Season,"Docuseries, Science & Nature TV","This docuseries traces the history of classic video games, featuring insights from the innovators who brought these worlds and characters to life."
s2769,Movie,The Decline,Patrice Laliberté,"Guillaume Laurin, Marie-Evelyne Lessard, Réal Bossé, Marc-André Grondin, Marc Beaupré, Marilyn Castonguay, Guillaume Cyr, Isabelle Giroux, Juliette Maxyme Proulx",Canada,"March 27, 2020",2020,TV-MA,83 min,"Action & Adventure, International Movies",An accident at a remote training camp leaves a group of survivalists bitterly divided — and caught in a brutal fight for their lives.
s4598,Movie,Phantom,Kabir Khan,"Saif Ali Khan, Katrina Kaif, Sabyasachi Chakraborty, Mohammed Zeeshan Ayyub, Sohaila Kapoor, Denzil Smith",India,"October 1, 2018",2015,TV-14,129 min,"Action & Adventure, International Movies",India's primary intelligence agency sends an enigmatic operative on a top-secret mission to avenge the 11/26 terrorist attack on Mumbai.
s6256,Movie,Bazaar,Sagar Sarhadi,"Farooq Shaikh, Smita Patil, Naseeruddin Shah, Bharat Kapoor, Supriya Pathak, Rita Rani Kaul, Malika",India,"December 31, 2019",1982,TV-14,121 min,"Dramas, Independent Movies, International Movies","A young man challenges traditional customs by standing up to the father of the woman he loves, who has promised her to a wealthy expatriate."
s6241,Movie,Barbie: Princess Charm School,Ezekiel Norton,"Diana Kaarina, Morwenna Banks, Nicole Oliver, Brittney Wilson, Ali Liebert, Shannon Chan-Kent, Madeleine Peters, Cathy Weseluck, Ellen Kennedy, Vincent Tong, Derek Waters, Brian Drummond, Tabitha St. Germain, Bethany Brown, Miranda Nolte, Kelly Metzger, Kazumi Evans, Anna Cummer","United States, Canada","October 1, 2017",2011,TV-Y,80 min,Children & Family Movies,"Blair Willows is excited when she gets to go to Princess Charm School, where she meets princesses Delancy and Hadley, and searches for a magic crown."
s2231,TV Show,Kissing Game,Unknown,"Caio Horowicz, Iza Moreira, Michel Joelsas, Denise Fraga, Thomás Aquino, Luana Nastas, Esther Tinman, Kevin Vechiatto, Grace Passô, Bianca Byington, Bruno Garcia, Flávio Tolezani, Carolina del Carmen Peleritti",Brazil,"July 17, 2020",2020,TV-MA,1 Season,"International TV Shows, TV Dramas, TV Mysteries","At a high school in a rural, isolated ranching community, families panic when teens contract a mysterious ""kissing disease"" that quickly spreads."
s596,Movie,Stuart Little,Rob Minkoff,"Michael J. Fox, Jonathan Lipnicki, Geena Davis, Hugh Laurie, Nathan Lane","Germany, United States","July 1, 2021",1999,PG,85 min,"Children & Family Movies, Comedies","When his parents adopt a mouse instead of a little boy, George realizes brothers come in all shapes and sizes. But Snowbell the cat is not so welcoming."
s7071,Movie,Indiana Jones and the Kingdom of the Crystal Skull,Steven Spielberg,"Harrison Ford, Cate Blanchett, Karen Allen, Ray Winstone, John Hurt, Jim Broadbent, Igor Jijikine, Shia LaBeouf",United States,"January 1, 2019",2008,PG-13,123 min,"Action & Adventure, Children & Family Movies, Sci-Fi & Fantasy","Indiana Jones is drawn into a Russian plot to unearth the Crystal Skulls of Akator, Amazonian artifacts with supernatural powers."
s4593,Movie,Naan Sigappu Manithan,Thiru,"Vishal, Lakshmi Menon, Saranya Ponvannan, Jayaprakash, Sunder Ramu, Jagan, Iniya, Chetan Cheenu",India,"October 1, 2018",2014,TV-14,147 min,"Action & Adventure, Dramas, International Movies","After his sleeping disorder hinders him from protecting his girlfriend, a man sets out to take revenge on the thugs who attacked her."
s3968,Movie,The Legend of Cocaine Island,Theo Love,Unknown,United States,"March 29, 2019",2019,TV-MA,87 min,Documentaries,An urban legend about a duffel bag of cocaine buried in the Caribbean leads a misfit band to hatch a nutball plan to find it in this comic documentary.
s7901,Movie,Rumble in the Bronx,Stanley Tong,"Jackie Chan, Anita Mui, Françoise Yip, Bill Tung, Marc Akerstream, Garvin Cross, Morgan Lam, Ailen Sit",Hong Kong,"November 1, 2019",1995,R,89 min,"Action & Adventure, Comedies, International Movies","During a visit to the Bronx to help out at his uncle's store, a cheerful martial arts expert springs into action when a gang terrorizes the shop."
s3635,Movie,The Red Sea Diving Resort,Gideon Raff,"Chris Evans, Michael Kenneth Williams, Haley Bennett, Alessandro Nivola, Michiel Huisman, Alex Hassell, Mark Ivanir, Chris Chalk, Greg Kinnear, Ben Kingsley",Canada,"July 31, 2019",2019,TV-MA,130 min,"Dramas, Thrillers",Undercover agents open up a fake hotel to real tourists as a cover to help smuggle thousands of Ethiopian refugees to safety. Inspired by true events.
s677,TV Show,Riverdale,Rob Seidenglanz,"K.J. Apa, Lili Reinhart, Camila Mendes, Cole Sprouse, Marisol Nichols, Madelaine Petsch, Ashleigh Murray, Mädchen Amick, Luke Perry, Casey Cott, Charles Melton, Mark Consuelos, Lochlyn Munro, Peter Bryant, Colin Lawrence, Molly Ringwald, Asha Bromfield, Barclay Hope, Hayley Law, Martin Cummins, Sarah Habel, Nathalie Boltt, Skeet Ulrich",United States,"June 19, 2021",2019,TV-14,4 Seasons,"Crime TV Shows, TV Dramas, TV Mysteries","While navigating the troubled waters of sex, romance, school and family, teen Archie and his gang become entangled in a dark Riverdale mystery."
s1012,Movie,Free to Play,Unknown,Unknown,United States,"April 19, 2021",2014,TV-14,76 min,Documentaries,This documentary follows three professional video game players as they compete in an international tournament with a million-dollar prize.
s5555,TV Show,Five Came Back,Laurent Bouzereau,"Steven Spielberg, Guillermo del Toro, Lawrence Kasdan, Francis Ford Coppola, Paul Greengrass, Meryl Streep",Unknown,"March 31, 2017",2017,TV-MA,1 Season,Docuseries,Five acclaimed contemporary directors tell the story of five legendary Hollywood filmmakers who enlisted in the armed forces to document World War II.
s4638,TV Show,Boca Juniors Confidential,Unknown,Unknown,Unknown,"September 14, 2018",2018,TV-PG,1 Season,"Docuseries, International TV Shows, Spanish-Language TV Shows","Players, fans and staff of soccer powerhouse Boca Juniors provide an exclusive, behind-the-scenes look at Argentina's legendary club."
s2755,Movie,Greater,David Hunt,"Neal McDonough, Leslie Easterbrook, Christopher Severio, Michael Parks, Nick Searcy, Peter Gray Lewis, Fredric Lehne, M.C. Gainey, Texas Battle, Josh Emerson",United States,"March 31, 2020",2016,PG,131 min,"Children & Family Movies, Dramas, Sports Movies",Faith and determination transform a talentless football player at the University of Arkansas into an All-American in this inspiring true story.
s1231,Movie,Aelay,Halitha Shameem,"P. Samuthirakani, Manikandan, Madhumathi Padmanathan, Akalyadevi B., S I Neelambari",India,"March 5, 2021",2021,TV-14,151 min,"Comedies, Dramas, Independent Movies","A son stoically returns to his village upon his father’s death, recalling their chilly dynamic before a bizarre event disrupts his visit."
s4036,TV Show,The Confrontation,Unknown,"Hussein Almansour, Shujoon, Mohammed Alalawi, Noor Alghandour, Fahad Basim, Hamad Ashkanani",Unknown,"March 8, 2019",2018,TV-PG,1 Season,"International TV Shows, TV Dramas","A woman struggling with sleep paralysis begins a complicated relationship with the director of a media company, whose colleagues conspire against him."
s1293,Movie,Perú: Tesoro escondido,Luis Ara,Unknown,Uruguay,"February 19, 2021",2017,TV-PG,76 min,"Documentaries, International Movies","It's a country steeped in cultural traditions that stretch back more than 1,000 years. But Peru is also a land of surprising natural riches."
s2196,Movie,It's Her Day,Aniedi Anwah,"Bovi Ugboma, Amanda Ebeye, Shaffy Bello, Adunni Ade, Ini Dima-Okojie, 'Najite Dede, Gregory Ojefua, Thelma Ezeamaka, Femi Durojaiye, Ese Lami George, Toni Tones",Nigeria,"July 29, 2020",2016,TV-MA,112 min,"Comedies, International Movies, Romantic Movies","After a man promises his fiancé a dream wedding, he must keep up with her outrageous requests to have the most lavish ceremony possible."
s303,Movie,City of God: 10 Years Later,"Cavi Borges, Luciano Vidigal",Unknown,Brazil,"August 5, 2021",2013,TV-MA,69 min,"Documentaries, International Movies","A decade after the seminal Brazilian film ""City of God,"" this documentary reunites some of the cast and crew to find out what paths their lives took."
s6291,Movie,Bewildered Bolbol,Khaled Marei,"Ahmed Helmy, Zeina, Shery Adel, Emy Samir Ghanim, Yousef Fawzy, Yasser El Tobgy, Wael Sami, Maryam Saleh",Egypt,"June 20, 2019",2010,TV-14,112 min,"Comedies, International Movies, Romantic Movies",A man suffering from amnesia can't seem to choose between the women playing tricks on him.
s8519,TV Show,The Story of God with Morgan Freeman,Unknown,Morgan Freeman,United States," February 1, 2019",2017,TV-14,2 Seasons,Docuseries,"Host Morgan Freeman explores religion's role in human history, how our beliefs connect us and possible answers to life's million-dollar questions."
s1289,Movie,Operation Finale,Chris Weitz,"Oscar Isaac, Ben Kingsley, Lior Raz, Mélanie Laurent, Nick Kroll, Joe Alwyn, Haley Lu Richardson, Michael Aronov, Peter Strauss, Ohad Knoller, Torben Liebrecht, Greta Scacchi, Pepe Rapazote",United States,"February 20, 2021",2018,PG-13,123 min,"Dramas, Thrillers","In 1960, Israeli spies undertake a daring mission to capture notorious Nazi war criminal Adolf Eichmann and bring him to justice. Based on real events."
s6860,Movie,God Knows Where I Am,"Jedd Wider, Todd Wider",Lori Singer,United States,"October 22, 2018",2016,TV-PG,103 min,Documentaries,"Through diary entries, this documentary follows the life and death of homeless woman Linda Bishop and her struggles with starvation, sanity and God."
s1928,Movie,Baxu and the Giants,Florian Schott,"Camilla Jo-Ann Daries, Wafeeq Narimab, Anna Louw, Steven Afrikaner, Ashwyn Mberi, Robert Hara Gaeb",Namibia,"September 30, 2020",2019,TV-PG,29 min,"Dramas, International Movies",A young girl grows increasingly concerned about the rhino poaching in her village when it begins to directly impact her impoverished family.
s7277,Movie,LeapFrog: Numberland,Ron Myrick,"Jeannie Elias, Kat Feller, Sandy Fox, Cindy Robinson, Richard Rosenblatt",United States,"April 15, 2020",2011,TV-Y,33 min,Movies,"With transport support from their magic car, Axel, the LeapFrog pets make a new friend named Max, who helps them learn counting skills in Numberland."
s4645,Movie,Reversing Roe,Unknown,"Ricki Stern, Annie Sundberg",United States,"September 13, 2018",2018,TV-14,100 min,Documentaries,"Through interviews with abortion rights supporters and opponents, this film lifts the lid on a decades-long political campaign to overturn Roe v. Wade."
s183,Movie,Welcome Home Roscoe Jenkins,Malcolm D. Lee,"Martin Lawrence, James Earl Jones, Joy Bryant, Margaret Avery, Mike Epps, Mo'Nique, Cedric the Entertainer, Nicole Ari Parker, Michael Clarke Duncan, Louis C.K.",United States,"September 1, 2021",2008,PG-13,114 min,Comedies,"R.J. travels to Georgia for his parents' 50th anniversary. But after pompously flaunting his Hollywood lifestyle, he must examine what he's become."
s2684,Movie,Mischief,Emcy Joseph,"Suraj Venjaramoodu, Soubin Shahir, Surabhi Lakshmi, Vincy Aloshious, Gracy Soudi, Mammukoya, Jaffer Idukki, Baburaj, Sudhi Koppa, Irshad",India,"April 15, 2020",2019,TV-PG,120 min,"Comedies, Dramas, Independent Movies","Mistaking the sleeping passenger on his train for a drunk, a young man posts a picture of him online, unaware of his impulsive act's ugly repercussions."
s47,Movie,Safe House,Daniel Espinosa,"Denzel Washington, Ryan Reynolds, Vera Farmiga, Brendan Gleeson, Sam Shepard, Rubén Blades, Nora Arnezeder, Robert Patrick, Liam Cunningham, Joel Kinnaman","South Africa, United States, Japan","September 16, 2021",2012,R,115 min,Action & Adventure,Young CIA operative Matt Weston must get a dangerous criminal out of an agency safe house that's come under attack and get him to a securer location.
s5089,Movie,The House Next Door,Milind Rau,"Siddharth, Andrea Jeremiah, Anisha Victor, Atul Kulkarni, Suresh, Prakash Belawadi",India,"January 9, 2018",2017,TV-MA,135 min,"Horror Movies, International Movies, Thrillers","In this Hindi version of ""Aval,"" a young couple's relationship is shaken to its core when a mysterious and troubled family moves into the neighborhood."
s6413,Movie,Camp X-Ray,Peter Sattler,"Kristen Stewart, Peyman Moaadi, John Carroll Lynch, Lane Garrison, Joseph Julian Soria, Ser'Darius Blain, Cory Michael Smith, Julia Duffy",United States,"January 14, 2017",2014,R,117 min,"Dramas, Independent Movies","Fresh Army recruit Amy Cole is assigned to Guantanamo Bay's Camp X-Ray, where she forms a surprising bond with one of the prisoners in her charge."
s8601,TV Show,Tobot,Unknown,"Octavian Kaul, Valin Shinyei, Chelsea Miller, Sunni Westbrook, Sam Vincent, Rebecca Shoichet, Jeff Evans Todd, Paul Dobson, Rhona Rees",Canada,"September 11, 2019",2018,TV-Y7,2 Seasons,"Kids' TV, Korean TV Shows",They’re robots that can transform into cars – and the Tobots are committed to fighting villains to protect the city and root out crime.
s5885,Movie,John Mulaney: The Comeback Kid,Rhys Thomas,John Mulaney,United States,"November 13, 2015",2015,TV-MA,62 min,Stand-Up Comedy,"Armed with boyish charm and a sharp wit, the former ""SNL"" writer offers sly takes on marriage, his beef with babies and the time he met Bill Clinton."
s524,TV Show,Marcella,Unknown,"Anna Friel, Nicholas Pinnock, Sinéad Cusack, Nina Sosanya, Harry Lloyd, Laura Carmichael, Maeve Dermody, Ray Panthaki, Ian Puleston-Davies, Patrick Baladi, Florence Pugh, Jamie Bamber, Charlie Covell, Andrew Lancel, Jack Doolan, Tobias Santelmann, Stephen Lord, Ben Cura, Imogen Faires",United Kingdom,"July 6, 2021",2019,TV-MA,3 Seasons,"British TV Shows, Crime TV Shows, International TV Shows","Her marriage just ended and she's returning to work as a London detective after 12 years away. Is the serial killer she once investigated back, too?"
s2046,Movie,I'm Thinking of Ending Things,Charlie Kaufman,"Jessie Buckley, Jesse Plemons, Toni Collette, David Thewlis, Guy Boyd",United States,"September 4, 2020",2020,R,135 min,"Dramas, Independent Movies",Nothing is as it seems when a woman experiencing misgivings about her new boyfriend joins him on a road trip to meet his parents at their remote farm.
s5039,TV Show,Re:Mind,Unknown,Keyakizaka46,Japan,"February 15, 2018",2017,TV-MA,1 Season,"International TV Shows, TV Dramas, TV Mysteries","Eleven high school classmates awaken, restrained to a large dining room. While fearing for their lives, they question a motive to this bizarre act."
s6317,Movie,Bitch,Marianna Palka,"Jason Ritter, Jaime King, Marianna Palka, Brighton Sharbino, Rio Mangini, Jason Maybaum, Kingston Foster, Arielle Kebbel, Martin Starr, Roger Guenveur Smith, Caroline Aaron, Bill Smitrovich",United States,"March 11, 2018",2017,R,97 min,"Comedies, Dramas, Independent Movies","Cracking under the demands of children and a philandering, thankless husband, an overworked suburban mother assumes the persona of a ferocious dog."
s3327,Movie,A Remarkable Tale,Marina Seresesky,"Carmen Machi, Pepón Nieto, Kiti Mánver, Jon Kortajarena, Jimmy Castro, Ricardo Nkosi, Montse Pla, Malcolm Treviño-Sitté, Pepa Charro, Esperanza Elipe, Mariana Cordero, Txema Blasco",Spain,"November 1, 2019",2019,TV-MA,94 min,"Comedies, International Movies","The residents of an isolated town look to revive their home's identity when a group of foreigners unexpectedly arrive, bringing culture shock with them."
s2298,TV Show,JU-ON: Origins,Unknown,"Yoshiyoshi Arakawa, Yuina Kuroshima, Ririka, Koki Osamura, Seiko Iwaido, Kai Inowaki, Ryushin Tei, Yuya Matsuura, Kaho Tsuchimura, Takemi Fujii, Ryota Matsushima, Haruka Kubo, Shinsuke Kato, Nana Yanagisawa, Atom Shukugawa, Yura Anno, Tokio Emoto, Nobuko Sendo, Kana Kurashina",Japan,"July 3, 2020",2020,TV-MA,1 Season,"International TV Shows, TV Horror, TV Mysteries",A paranormal researcher searches obsessively for a cursed home where something terrible happened to a mother and her child long ago.
s3055,Movie,Breaking the Bank,Vadim Jean,"Kelsey Grammer, Tamsin Greig, John Michael Higgins, Mathew Horne, Pearce Quigley, Togo Igawa, Sonya Cassidy, Julie Dray, Danny Morgan, Andrew Sachs",United Kingdom,"January 1, 2020",2014,TV-PG,105 min,"Comedies, International Movies",Bank chairman Charles Bunbury – who knows next to nothing about banking – fights to save both his company and his marriage from disaster.
s3382,TV Show,The Untamed,Unknown,"Sean Xiao, Wang Yibo, Zoey Meng, Xuan Lu, Yu Bin, Wang Zhuocheng, Liu Haikuan, Zhu Zanjin, Wang Haoxuan, Ji Li",China,"October 25, 2019",2019,TV-14,1 Season,"International TV Shows, TV Action & Adventure, TV Mysteries","In a magical world of inter-clan rivalry, two soulmates face treacherous schemes and uncover a dark mystery linked to a tragic event in the past."
s4098,Movie,Awe,Prasanth Varma,"Kajal Aggarwal, Nithya Menon, Regina Cassandra, Eesha Rebba, Murli Sharma, Srinivas Avasarala, Priyadarshi Pullikonda",India,"February 15, 2019",2018,TV-MA,111 min,"Dramas, International Movies, Sci-Fi & Fantasy","Disparate characters, including an aspiring time traveler, a phony chef, a drug-addicted waitress and several others, share a surprising connection."
s944,Movie,Never Back Down,Jeff Wadlow,"Sean Faris, Amber Heard, Cam Gigandet, Evan Peters, Leslie Hope, Djimon Hounsou, Wyatt Smith, Affion Crockett, Neil Brown Jr., Lauren Leech, Tilky Jones, Steven Crowley, Tom Nowicki",United States,"May 1, 2021",2008,PG-13,113 min,"Action & Adventure, Dramas, Sports Movies","When a quick-tempered teen moves to a new town and faces the challenges of attending a new high school, he seeks solace in an underground fight club."
s6884,Movie,Goosebumps 2: Haunted Halloween,Ari Sandel,"Jeremy Ray Taylor, Madison Iseman, Caleel Harris, Wendi McLendon-Covey, Chris Parnell, Ken Jeong, Jack Black","United States, United Kingdom","April 25, 2019",2018,PG,90 min,"Children & Family Movies, Comedies","Three teens spend their Halloween trying to stop a magical book, which brings characters from the ""Goosebumps"" novels to life."
s722,Movie,Rogue Warfare: Death of a Nation,Mike Gunther,"Will Yun Lee, Jermaine Love, Rory Markham, Bertrand-Xavier Corbi, Katie Keene, Fernando Chien, Gina DeCesare, Michael Blalock, Stephen Lang, Chris Mulkey",United States,"June 15, 2021",2020,R,99 min,Action & Adventure,"As their leader recovers from trauma, a global team of elite soldiers must regroup and stop the deadly plans of an extremist mastermind within 36 hours."
s5794,Movie,Cedric the Entertainer: Live from the Ville,Troy Miller,Cedric the Entertainer,United States,"September 16, 2016",2016,TV-MA,60 min,Stand-Up Comedy,"Donning his signature suit and fedora, the dapper comic offers a unique spin on getting old, the presidential election and ""Honky Tonk Badonkadonk."""
s6866,Movie,Golden Time,Takuya Inaba,Unknown,Japan,"November 1, 2017",2013,TV-Y,22 min,"International Movies, Sci-Fi & Fantasy","In the 1980s, a recently discarded television set from the 1960s refuses to accept its fate and tries to break out of the junkyard."
s1772,TV Show,Afronta! Facing It!,Juliana Vicente,"Loo Nascimento, Ingrid Silva, Rincon Sapiência, Batekoo, Gabriel Martins, Benjamin Abras, Daniele DaMata, Tasha & Tracie Okereke, Mariana de Matos, André Novais, Mahal Pita, Grace Passô, Thamyra Thâmara, Xenia França, Criola, Dani Ornellas, Anelis Assumpção, Magá Moura, Tássia Reis, Liniker, Yasmin Thayná, Raquel Virgínia, Juliana Luna, Erica Malunguinho, Diane Lima, Karol Conká",Brazil,"October 31, 2020",2017,TV-PG,1 Season,"Docuseries, International TV Shows","This docuseries spotlights Afro-Brazilian thinkers sharing their individual journeys and discussing representation, entrepreneurship and community."
s6660,TV Show,Earth's Natural Wonders,Unknown,Olivia Colman,United Kingdom,"March 1, 2017",2015,TV-PG,1 Season,"British TV Shows, Docuseries, Science & Nature TV",Earth's most sublime landscapes can also be the most forbidding. Discover how inhabitants survive and flourish in our planet's harshest environments.
s4444,Movie,Husbands in Goa,Saji Surendran,"Jayasurya, Indrajith, Asif Ali, Lal, Bhama, Ramya Nambeeshan, Rima Kallingal, Praveena",India,"November 1, 2018",2012,TV-14,150 min,"Comedies, International Movies, Music & Musicals","Three professional friends, all husbands living with domineering wives, take a well-deserved vacation in the resort city of Goa."
s4128,TV Show,Live,Unknown,"Jung Yu-mi, Lee Kwang-soo, Bae Seong-woo, Bae Jong-ok, Sung Dong-il",South Korea,"February 5, 2019",2018,TV-MA,1 Season,"Crime TV Shows, International TV Shows, Korean TV Shows",The police officers at South Korea's busiest patrol division toil day and night as keepers of law and peace – but the reality is far from orderly.
s1572,Movie,Rose Island,Sydney Sibilia,"Elio Germano, Matilda De Angelis, Tom Wlaschiha, Luca Zingaretti, Fabrizio Bentivoglio, Leonardo Lidi, François Cluzet",Italy,"December 9, 2020",2020,TV-14,119 min,"Comedies, Dramas, International Movies","An idealistic engineer builds his own island off the coast of Italy and declares it a nation, drawing the attention of the world — and the government."
s3048,TV Show,Anne with an E,Unknown,"Amybeth McNulty, Geraldine James, R.H. Thomson, Corrine Koslo, Dalila Bela, Lucas Jade Zumann, Aymeric Jett Montaz",Canada,"January 3, 2020",2019,TV-PG,3 Seasons,"International TV Shows, TV Dramas, Teen TV Shows","A plucky orphan whose passions run deep finds an unlikely home with a spinster and her soft-spoken bachelor brother. Based on ""Anne of Green Gables."""
s8079,Movie,St. Agatha,Darren Lynn Bousman,"Sabrina Kern, Carolyn Hennesy, Courtney Halverson, Shaun Fletcher, Lindsay Seim, Hannah Fierman, Trin Miller, Seth Michaels, Justin Miles",United States,"August 8, 2019",2018,TV-MA,103 min,"Horror Movies, Independent Movies","Unwed and pregnant, a young woman flees her abusive home in 1950s Georgia and takes refuge at a mysterious convent with a terrible secret."
s6051,Movie,A Noble Intention,Joram Lürsen,"Gijs Scholten van Aschat, Jacob Derwig, Rifka Lodeizen, Juda Goslinga, Zeb Troostwijk, Elisabeth Hesemans, Joosje Duk",Netherlands,"September 1, 2016",2015,TV-MA,111 min,"Dramas, International Movies","In 1888 Amsterdam, a headstrong violin maker finds himself immersed in peril and tragedy after challenging businessmen who threaten his community."
s8024,Movie,Singh Saab the Great,Anil Sharma,"Sunny Deol, Urvashi Rautela, Prakash Raj, Amrita Rao, Anjali Abrol, Johnny Lever, Sanjay Mishra, Yashpal Sharma, Manoj Pahwa, Raj Premi",India,"July 15, 2017",2013,TV-14,143 min,"Action & Adventure, Dramas, International Movies","As the result of a TV journalist's curiosity, the amazing saga of an honorable government tax collector's past comes to light."
s8741,TV Show,Wild Alaska,Unknown,Dougray Scott,United Kingdom,"March 31, 2017",2015,TV-PG,1 Season,"British TV Shows, Docuseries, Science & Nature TV","The natural bounty of Alaska sustains its diverse species through extreme weather conditions in three seasons, each with its rewards and challenges."
s6589,Movie,Deewangee,Anees Bazmee,"Ajay Devgn, Akshaye Khanna, Urmila Matondkar, Farida Jalal, Vijayendra Ghatge",India,"January 3, 2020",2002,TV-MA,156 min,"International Movies, Thrillers","Hired by a singer to defend her friend, who has been accused of murder, a formidable lawyer learns that the man he represents may not be innocent."
s5863,TV Show,Netflix Presents: The Characters,Unknown,"Lauren Lapkus, John Early, Henry Zebrowski, Kate Berlant, Natasha Rothwell, Paul W. Downs, Tim Robinson, Dr. Brown",United States,"March 11, 2016",2016,TV-MA,1 Season,TV Comedies,We asked eight up-and-coming comedians for their wildest sketch and improv routines – and got a new comedy series unlike anything else.
s3069,Movie,Pan's Labyrinth,Guillermo del Toro,"Ivana Baquero, Sergi López, Maribel Verdú, Doug Jones, Ariadna Gil, Álex Angulo, Manolo Solo, César Vea, Roger Casamajor, Sergi Lopez","Mexico, Spain","January 1, 2020",2006,R,119 min,"Dramas, International Movies, Sci-Fi & Fantasy",Young Ofelia meets a mythical faun who claims she is destined to become princess of the Underworld. But first she must carry out three perilous tasks.
s2206,Movie,Double World,Teddy Chan,"Henry Lau, Peter Ho, Lin Chenhan, Jiang Luxia, Ming Hu, Him Law, Shi Shi, Mark Cheng, Wang Ziyi, Xu Minghu",China,"July 25, 2020",2020,TV-14,110 min,"Action & Adventure, International Movies","Keen to bring honor to his clan, young villager Dong Yilong embarks on a perilous journey to compete in a tournament that selects warriors for battle."
s1007,Movie,Motu Patlu Dino Invasion,Suhas Kadav,"Sourav Chakraborty, Mayur Vyas, Anil Datt",Unknown,"April 20, 2021",2018,TV-Y7,80 min,"Children & Family Movies, Comedies","A time machine sends Motu and Patlu back to the dinosaur period, but the real trouble starts when the reptiles travel back to the present day with them!"
s6847,Movie,Ghost Pain,"Kazuchika Kise, Masahiko Murata","Maaya Sakamoto, Ikkyu Juku, Kenichirou Matsuda, Tarusuke Shingaki, Yoji Ueda, Miyuki Sawashiro, Mayumi Asano, Takanori Hoshino, Yasuhiro Mamiya, Kenji Nojima",Japan,"February 24, 2019",2013,TV-MA,58 min,"Action & Adventure, Anime Features, International Movies","World War IV is over, but a bomb has gone off in Newport City, killing a major arms dealer who may have ties with the mysterious 501 Organization."
s4840,Movie,B.A. Pass 2,Shadab Khan,"Kritika Sachdeva, Sasho, Sanghmitra Hitaishi, Indraneil Sengupta, Saurabh Dubey, Shubhangi Latkar, Sukhbir Kaur Lamba, Arav Chowdharry",India,"June 1, 2018",2017,TV-14,126 min,"Dramas, International Movies","A young woman eager to avoid an arranged marriage moves to Mumbai, where she learns hard truths about show business, life and love."
s875,TV Show,Booba: Food Puzzle,Unknown,"Artem Kretov, Elena Solovieva, Vyacheslav Kataev",United Kingdom,"May 15, 2021",2021,TV-Y,1 Season,Kids' TV,"Curious Booba is now a chef! With friends Loola and Spike, he creates tasty treats with delightful designs using fruits, vegetables and other food."
s8029,Movie,Sister Code,Corey Grant,"Drew Sidora, Eva Marcille, Amber Rose, Marcus T. Paulk, Erica Ash, Essence Atkins, Amin Joseph, Rolonda Watts, Brooklyn McLinn, Don Hale Jr., Duane Martin, Anne-Marie Johnson",United States,"February 14, 2016",2015,R,95 min,"Comedies, Dramas, Romantic Movies","After the death of their beloved mother, three foster sisters find their bond tested by old grudges, career tensions and a startling revelation."
s7211,Movie,Kingpin,"Peter Farrelly, Bobby Farrelly","Woody Harrelson, Randy Quaid, Vanessa Angel, Bill Murray, Chris Elliott, William Jordan, Richard Tyson, Lin Shaye",United States,"January 1, 2020",1996,PG-13,114 min,"Comedies, Cult Movies, Sports Movies","After a bowler loses his hand, his career takes a nosedive. That is, until he uncovers the next big thing: an Amish kid named Ishmael."
s3572,TV Show,Hyperdrive,Unknown,"Rutledge Wood, Mike Hill, Michael Bisping, Lindsay Czarniak",United States,"August 21, 2019",2019,TV-PG,1 Season,Reality TV,"Elite street racers from around the world test their limits in supercharged custom cars on the biggest, baddest automotive obstacle course ever built."
s3583,Movie,Selfless,Tarsem Singh,"Ryan Reynolds, Natalie Martinez, Matthew Goode, Ben Kingsley, Victor Garber, Derek Luke, Michelle Dockery, Melora Hardin, Brendan McCarthy, Sam Page",United States,"August 16, 2019",2015,PG-13,117 min,"Sci-Fi & Fantasy, Thrillers","A dying tycoon has his consciousness transplanted into the body of a healthy young man, only to make a troubling discovery about the body's origin."
s598,Movie,Talladega Nights: The Ballad of Ricky Bobby,Adam McKay,"Will Ferrell, John C. Reilly, Sacha Baron Cohen, Gary Cole, Michael Clarke Duncan, Leslie Bibb, Jane Lynch, Amy Adams, Andy Richter, Molly Shannon",United States,"July 1, 2021",2006,PG-13,108 min,"Action & Adventure, Comedies, Sports Movies","NASCAR superstar Ricky Bobby believes he's the best there is, until the arrival of a French Formula One champion threatens his position as top dog."
s1986,Movie,Horrid Henry's Gross Day Out,Gary Andrews,"Lizzie Waterworth-Santo, Emma Tate, Sue Elliot Nicholls, Tamsin Heatley, Wayne Forester, Aidan Cook, Philip Pope",United Kingdom,"September 17, 2020",2020,TV-Y,61 min,"Children & Family Movies, Comedies","Worlds collide when Henry makes plans to spend Saturday on the sofa watching a ""Gross Class Zero"" marathon — and his favorite characters come to life!"
s2780,Movie,Crip Camp: A Disability Revolution,Unknown,Unknown,United States,"March 25, 2020",2020,R,108 min,Documentaries,"A groundbreaking summer camp galvanizes a group of teens with disabilities to help build a movement, forging a new path toward greater equality."
s3334,TV Show,CLANNAD,Unknown,"Yuichi Nakamura, David Matranga, Mai Nakahara, Luci Christian, Ryo Hirohashi, Shelley Calene-Black, Ai Nonaka, Hilary Haag, Akemi Kanda, Brittney Karbowski, Houko Kuwashima, Kaytha Coker, Mamiko Noto, Emily Neves, Daisuke Sakaguchi, Greg Ayres",Japan,"November 1, 2019",2008,TV-PG,2 Seasons,"Anime Series, Teen TV Shows",Maladjusted high school student Tomoya's life begins to change when he befriends his classmate Nagisa and several other eccentric girls.
s337,TV Show,Friday Night Lights,Unknown,"Kyle Chandler, Connie Britton, Aimee Teegarden, Taylor Kitsch, Jesse Plemons, Minka Kelly, Zach Gilford, Adrianne Palicki, Derek Phillips, Brad Leland, Gaius Charles, Timothy F. Crowley, Louanne Stephens, Stacey Oristano, Scott Porter",Unknown,"August 1, 2021",2010,TV-14,5 Seasons,"TV Dramas, Teen TV Shows",Eric Taylor faces enormous pressure when he signs on as the new coach of a small-town Texas football team that's poised to win the state championship.
s964,TV Show,The Unremarkable Juanquini,Unknown,"Antonio Sanint, María Cecilia Sánchez, Mariana Gómez, Julián Cerati, Julio César Herrera, Biassini Segura, Jacques Toukhmanian",Unknown,"April 30, 2021",2021,TV-MA,2 Seasons,"International TV Shows, Spanish-Language TV Shows, TV Comedies",An inept magician pulls off the trick of his life: accidentally disappearing a wanted criminal during a police raid. Now he's going to pay for that.
s148,TV Show,How to Be a Cowboy,Unknown,Unknown,Unknown,"September 1, 2021",2021,TV-PG,1 Season,Reality TV,"Dale Brisby uses social media savvy and rodeo skills to keep cowboy traditions alive — and now he's teaching the world how to cowboy right, ol' son."
s1481,TV Show,Still Game,Unknown,"Ford Kiernan, Paul Riley, Jane McCarry, Greg Hemphill, Mark Cox, Gavin Mitchell, Sanjeev Kohli",United Kingdom,"December 30, 2020",2018,TV-14,9 Seasons,"British TV Shows, Classic & Cult TV, International TV Shows","Scottish pensioners Jack and Victor make the most of their golden years, getting themselves into all kinds of scrapes in their Glasgow suburb."
s277,TV Show,Valeria,Inma Torrente,"Diana Gómez, Silma López, Paula Malia, Teresa Riott, Maxi Iglesias, Ibrahim Al Shami",Spain,"August 13, 2021",2021,TV-MA,2 Seasons,"International TV Shows, Romantic TV Shows, Spanish-Language TV Shows","A writer in creative and marital crises finds support from three friends, who are also discovering themselves. Based on the novels by Elísabet Benavent."
s2389,TV Show,Alexa & Katie,Unknown,"Paris Berelc, Isabel May, Tiffani Thiessen, Emery Kelly, Jolie Jenkins, Kerri Medders, Finn Carr, Eddie Shin",United States,"June 13, 2020",2020,TV-G,4 Seasons,"Kids' TV, TV Comedies","Alexa is battling cancer. But with her best friend, Katie, by her side, she's also starting high school – and ready for whatever comes next."
s1360,Movie,The Bank Job,Roger Donaldson,"Jason Statham, Saffron Burrows, Richard Lintern, Stephen Campbell Moore, Daniel Mays, Peter Bowles, Keeley Hawes, Colin Salmon, Alki David, James Faulkner","United Kingdom, United States, Australia","February 1, 2021",2008,R,112 min,"Dramas, International Movies, Thrillers","A thief gets in over his head when he breaks into a bank vault full of cash, gems... and secrets on everyone from the London mob to the royal family."
s2086,TV Show,I AM A KILLER: RELEASED,Unknown,Unknown,"United Kingdom, United States","August 28, 2020",2020,TV-MA,1 Season,"British TV Shows, Crime TV Shows, Docuseries","In this crime docuseries spinoff, a convict is paroled 30 years after being sentenced to death for murder. Then he makes a stunning confession."
s7963,Movie,Scream 3,Wes Craven,"David Arquette, Neve Campbell, Courteney Cox, Patrick Dempsey, Scott Foley, Lance Henriksen, Matt Keeslar, Jenny McCarthy, Emily Mortimer, Parker Posey, Deon Richmond, Kelly Rutherford, Liev Schreiber, Patrick Warburton, Jamie Kennedy",United States,"July 1, 2019",2000,R,117 min,Horror Movies,"This installment of the tongue-in-cheek horror franchise finds Sidney Prescott once again battling a crazed killer – this time, on a movie set."
s4028,TV Show,This Evening,Unknown,"Eyad Nassar, Ahmed Dawood, Mohamed Farraag, Hanan Motawie, Arwa Gouda, Bassel Alzaro",Egypt,"March 11, 2019",2017,TV-14,1 Season,"International TV Shows, TV Dramas",The lives of a wealthy couple hiding their marital problems intersect with a group of hackers and the young women they exploit.
s394,Movie,A Second Chance:  Rivals!,Clay Glen,"Emily Morris, Stella Shute, Eva Grados, India Colombi, Nina Pearce, Adam Tuominen, Carmel Johnson, Natasha Wanganeen, Elysia Markou, Alexander Lloyd, Amy Handley",Australia,"July 23, 2021",2021,PG,91 min,"Children & Family Movies, Sports Movies","Crushed when she doesn't qualify for the Olympics, a now-grown Maddy Cornell finds new purpose coaching young gymnasts going up against a rival team."
s1677,Movie,Hawaizaada,Vibhu Virender Puri,"Ayushmann Khurrana, Mithun Chakraborty, Pallavi Sharda, Naman Jain, Jameel Khan",India,"November 19, 2020",2015,TV-14,129 min,"Dramas, International Movies, Romantic Movies","In 1895 Mumbai, spirited Indian lad Shiv Talpade defies British rule and sparse funding – and physics – to build the world's first airplane."
s4351,TV Show,1983,Unknown,"Robert Więckiewicz, Maciej Musiał, Michalina Olszańska, Andrzej Chyra, Clive Russell, Zofia Wichłacz, Edyta Olszówka, Mateusz Kościukiewicz, Ewa Błaszczyk, Vu Le Hong, Tomasz Włosok, Krzysztof Wach","Poland, United States","November 30, 2018",2018,TV-MA,1 Season,"Crime TV Shows, International TV Shows, TV Dramas","In this dark alt-history thriller, a naïve law student and a world-weary detective uncover a conspiracy that has tyrannized Poland for decades."
s7262,Movie,Lady Bloodfight,Chris Nahon,"Amy Johnston, Muriel Hofmann, Jenny Wu, Kathy Wu, Jet Tranter, Mayling Ng",Hong Kong,"August 5, 2017",2016,R,101 min,Action & Adventure,An American travels to Hong Kong in hopes of winning a lucrative – but potentially deadly – all-female underground fighting tournament.
s3489,TV Show,The Inmate,Unknown,"Ignacio Serricchio, Ana Claudia Talancón, Flavio Medina, Luis Felipe Tovar, Mariana Seoane, Guy Ecker, Isabella Castillo, Bradley Stryker, Gustavo Sánchez Parra, Leonardo Ortizgris, Alejandro Calva, Rodrigo Oviedo, Ramón Medína, Erik Hayser, Tiaré Scanda",Mexico,"September 26, 2019",2018,TV-MA,1 Season,"Crime TV Shows, International TV Shows, Spanish-Language TV Shows",A former Marine poses as an inmate inside a Mexican prison in order to infiltrate a gang suspected of kidnapping a U.S. judge's teen daughter.
s3917,Movie,Rainbow Jelly,Soukarya Ghosal,"Mahabrata Basu, Anumegha Banerjee, Koushik Sen, Sreelekha Mitra, Shantilal Mukherjee, Iqbal Sultan, Daminee Basu, Subhajit Das",India,"April 15, 2019",2018,TV-14,119 min,"Dramas, International Movies, Sci-Fi & Fantasy","Mistreated by his cruel uncle, an imaginative orphan with autism sees hope when a fairy vows to change his life with a week of enchanted recipes."
s171,Movie,Rhyme & Reason,Peter Spirer,"Too $hort, B-Real, Kurtis Blow, Da Brat, Grandmaster Caz, Sean ""P. Diddy"" Combs, Chuck D., Desiree Densiti, Dr. Dre, E-40, MC Eiht, Heavy D, Lauryn Hill, Ice-T, Wyclef Jean, Ras Kass, KRS-One, L.V., Mack 10, Craig Mack, Method Man, Keith Murray, Nasir 'Nas' Jones, The Notorious B.I.G., Master P, Q-Tip, Raekwon, Redman, Senen Reyes, Busta Rhymes, RZA, DJ Scratch, Erick Sermon, Tupac Shakur, Adario Strange, Suave",United States,"September 1, 2021",1997,R,89 min,"Documentaries, Music & Musicals","The world and culture of rap song topics such as race, violence, police, family and sex are examined by hip-hop performers from both coasts."
s8212,Movie,The Black Room,Rolfe Kanefsky,"Natasha Henstridge, Lukas Hassel, Lin Shaye, Dominique Swain, Augie Duke, Caleb Scott, James Duval, Tiffany Shepis",United States,"August 7, 2017",2016,TV-MA,95 min,Horror Movies,A couple's new dream home morphs into a nightmare after they learn that an evil and lustful spirit resides in their basement.
s3276,TV Show,Llama Llama,Unknown,"Jennifer Garner, Shayle Simons, Vania Gill, Islie Hirvonen, Brendon Sunderland, Austin Abell, Evans Johnson, Kathleen Barr, David Hoole",United States,"November 15, 2019",2019,TV-Y,2 Seasons,Kids' TV,"Beloved children's book character Llama Llama springs to life in this heartwarming series about family, friendship and learning new things."
s526,TV Show,My Little Pony: Friendship Is Magic,Unknown,"Ashleigh Ball, Tabitha St. Germain, Tara Strong, Andrea Libman, Cathy Weseluck, Nicole Oliver","United States, Canada","July 6, 2021",2018,TV-Y,8 Seasons,Kids' TV,"Journey to the enchanted land of Equestria, where unicorn Twilight Sparkle and her pals have adventures and learn valuable lessons about friendship."
s7080,Movie,Insan,K. Subhash,"Akshay Kumar, Ajay Devgn, Tusshar Kapoor, Esha Deol, Lara Dutta, Laila, Rahul Dev, Koena Mitra, Archana Puran Singh, Sharat Saxena",India,"March 1, 2018",2005,TV-14,141 min,"Action & Adventure, Dramas, International Movies","A grieving policeman and a rickshaw driver are brought together by a dark, tragic secret that will change their lives forever."
s537,TV Show,Tales by Light,Unknown,"Darren Jew, Art Wolfe, Krystle Wright, Peter Eastway, Richard l’Anson, Jack Thompson, Jonathan Scott, Angela Scott, Eric Cheng, Stephen Dupont",Australia,"July 6, 2021",2018,TV-14,3 Seasons,"Docuseries, International TV Shows, Science & Nature TV","Follow renowned photographers as they explore far-flung locales, capturing extraordinary images that present nature and culture in a new light."
s5640,Movie,Jim Gaffigan: Cinco,Jeannie Gaffigan,Jim Gaffigan,United States,"January 10, 2017",2017,TV-14,74 min,Stand-Up Comedy,America's king of clean comedy delivers wickedly funny jokes in his fifth hour-long special.
s5908,Movie,Advantageous,Jennifer Phang,"Jacqueline Kim, James Urbaniak, Freya Adams, Ken Jeong, Jennifer Ehle, Samantha Kim, Troi Zee, Olivia Horton, Jennifer Ikeda, Mercedes Griffeth",United States,"June 23, 2015",2015,TV-MA,92 min,"Dramas, Independent Movies, Sci-Fi & Fantasy","In order to keep her job at a biomedical engineering firm that prizes youth, a middle-aged woman must submit to a drastic experimental procedure."
s8257,Movie,The Craft,Andrew Fleming,"Robin Tunney, Fairuza Balk, Neve Campbell, Rachel True, Skeet Ulrich, Christine Taylor, Breckin Meyer, Nathaniel Marston, Cliff De Young, Assumpta Serna",United States,"January 1, 2020",1996,R,101 min,"Horror Movies, Thrillers","At a Catholic school, a new girl falls in with a clique of teen witches who wield their powers against anyone who crosses them, even their parents."
s786,TV Show,Cocomelon,Unknown,Unknown,United States,"June 2, 2021",2021,TV-Y,3 Seasons,Kids' TV,"Learn letters, numbers, animal sounds and more with J.J. in this edutaining series that brings fun times with nursery rhymes for the whole family!"
s8721,TV Show,What Happens to My Family,Unknown,"Settar Tanrıöğen, Uraz Kaygılaroğlu, Berna Koraltürk, Melis Tüzüngüç, Özgün Karaman, Tülay Bursa, Tolga Pancaroğlu, Ertunç Tuncer, Cansu Gültekin",Turkey,"May 5, 2017",2016,TV-14,1 Season,"International TV Shows, TV Comedies, TV Dramas",A naïve young woman goes to Istanbul to meet the now-grown boy who jokingly promised to marry her in 11 years after she saved his life as a child.
s2604,TV Show,The Victims' Game,"David Chuang, Chen Kuan-chung","Joseph Chang, Hsu Wei-ning, Jason Wang, Ruby Lin, Moon Lee, River Huang, Chen Chia-kuei, Ding Ning, Hsia Ching-ting, Rexen Cheng",Taiwan,"April 30, 2020",2020,TV-MA,1 Season,"Crime TV Shows, International TV Shows, TV Dramas","After discovering his estranged daughter's link to mysterious murders, a forensic detective with Asperger's syndrome risks everything to solve the case."
s5626,Movie,IBOY,Adam Randall,"Bill Milner, Maisie Williams, Rory Kinnear, Miranda Richardson, Jordan Bolger, Charley Palmer Rothwell, Aymen Hamdouchi",United Kingdom,"January 27, 2017",2017,TV-MA,91 min,"International Movies, Sci-Fi & Fantasy, Thrillers","When shards of a cell phone get lodged in a teenager's brain, he discovers he can control electronic devices and uses his newfound power for revenge."
s7951,Movie,Saving Zoë,Jeffrey G. Hunt,"Laura Marano, Vanessa Marano, Christopher Tavarez, Giorgia Whigham, Michael Provost, Nathaniel Buzolic, Ken Jeong, Annie Jacob, Evan Castelloe, Whitney Goin, Jason Davis",United States,"January 15, 2020",2019,R,95 min,Dramas,A reserved high school freshman acts out when she recovers a diary that offers clues to a secret world that could be behind her sister's murder.
s7534,Movie,My Daddy is in Heaven,Waymon Boone,"Jenn Gotzon Chandler, Corbin Bernsen, Lorenzo Lamas, T.C. Stallings, Jill Morrison, Lane Garrison, Jake Jacobson, Lee Benton, Riley St. John, Cricket St. John",United States,"June 12, 2018",2017,TV-14,95 min,"Dramas, Faith & Spirituality","After the sudden loss of her husband, a mother has a crisis of faith and struggles to keep her life together for the sake of her daughter and herself."
s7709,Movie,Paris Is Burning,Jennie Livingston,Unknown,United States,"February 1, 2017",1990,R,77 min,"Classic Movies, Cult Movies, Documentaries","This Sundance prize-winning documentary is an intimate portrait of 1980s Harlem drag balls: a world of fierce competition, sustenance, and survival."
s5751,Movie,Blind Date,Clovis Cornillac,"Mélanie Bernier, Clovis Cornillac, Lilou Fogli, Philippe Duquesne, Grégoire Oestermann, Oscar Copp, Boris Terral, Manu Payet",France,"October 15, 2016",2015,TV-14,91 min,"Comedies, International Movies, Music & Musicals","A passionate pianist and a soulful puzzle maker who treasures silence aren't the best neighbors, but things get interesting when they start to date."
s8046,Movie,SMOSH: The Movie,Alex Winter,"Ian Hecox, Anthony Padilla, Jenna Marbles, Grace Helbig, Harley Morenstein, Jillian Nelson, Brittany Ross, Michael Ian Black, Steve Austin",United States,"September 22, 2015",2015,PG-13,83 min,Comedies,"To keep his teen crush from spotting him in an embarrassing YouTube video, Anthony and his friend Ian must enter the virtual world and alter the clip."
s8647,TV Show,Twirlywoos,Unknown,Linda Bassett,United Kingdom,"May 15, 2020",2018,TV-Y,2 Seasons,"British TV Shows, Kids' TV","The colorful and curious family of Twirlywoos bounces around their boat and visits new places, turning learning into adventures wherever they land."
s6431,TV Show,Castle of Stars,Unknown,"Chaiyapol Pupart, Jintanutda Lummakanon, Worrawech Danuwong, Ornjira Lamwilai, Yong Armchair, Keerati Mahapreukpong, Akarat Nimitchai, Kornpassorn Duaysianklao, Nattapong Chartpong",Unknown,"September 7, 2018",2015,TV-MA,1 Season,"International TV Shows, Romantic TV Shows, TV Comedies","As four couples with different lifestyles go through the ebbs and flows of joy and sorrow, each must learn how to live a good life."
s7102,TV Show,마녀사냥,Unknown,"Si-kyung Sung, Se-yoon Yoo, Dong-yup Shin, Ji-woong Heo, Sam Hammington",South Korea,"February 19, 2018",2015,TV-MA,1 Season,"International TV Shows, Korean TV Shows, Stand-Up Comedy & Talk Shows","Four Korean celebrity men and guest stars of both genders discuss women, sex and relationships – to an unprecedented degree of openness."
s2186,Movie,Latte and the Magic Waterstone,"Regina Welker, Nina Wels","Ashley Bornancin, Carter Hastings",Germany,"July 31, 2020",2020,TV-Y,83 min,"Children & Family Movies, Comedies","When a greedy bear steals a magic stone to keep the forest’s water for himself, a brave hedgehog and a timid squirrel must work together to retrieve it."
s1649,Movie,Ghosts of War,Eric Bress,"Brenton Thwaites, Theo Rossi, Skylar Astin, Kyle Gallner, Alan Ritchson, Billy Zane, Shaun Toub",United Kingdom,"November 25, 2020",2020,R,95 min,Horror Movies,"Five, battle-worn Allied soldiers guarding a chateau previously occupied by Nazis start experiencing unexplained and terrifying supernatural horrors."
s136,Movie,Cliffhanger,Renny Harlin,"Sylvester Stallone, John Lithgow, Michael Rooker, Janine Turner, Rex Linn, Caroline Goodall, Leon, Craig Fairbrass, Ralph Waite, Max Perlich, Paul Winfield","United States, Italy, France, Japan","September 1, 2021",1993,R,113 min,Action & Adventure,"Ranger Gabe Walker and his partner are called to rescue a group of stranded climbers, only to learn the climbers are actually thieving hijackers."
s1874,TV Show,The Haunting of Bly Manor,Unknown,"Victoria Pedretti, Oliver Jackson-Cohen, Henry Thomas, Amelia Eve, T'Nia Miller, Rahul Kohli, Tahirah Sharif, Amelie Bea Smith, Benjamin Evan Ainsworth",United States,"October 9, 2020",2020,TV-MA,1 Season,"TV Dramas, TV Horror, TV Mysteries","Dead doesn't mean gone. An au pair plunges into an abyss of chilling secrets in this gothic romance from the creator of ""The Haunting of Hill House."""
s8692,Movie,Wakefield,Robin Swicord,"Bryan Cranston, Jennifer Garner, Jason O'Mara, Beverly D'Angelo, Ian Anthony Dale, Pippa Bennett-Warner, Isaac Leyva, Victoria Bruno, Ellery Sprayberry, Tracey Walter",United States,"March 2, 2019",2016,R,109 min,Dramas,"An unhappy father and lawyer quits his suburban life and vanishes into the attic above his garage, where he watches his family move on without him."
s1194,Movie,Wave of Cinema: 90's Generation,Adriano Rudiman,"PADI Reborn, Dul Jaelani, Efek Rumah Kaca, Jevin Julian, Gamaliel, ARAH, Sitha Marino, M. Irfan Ramli",Unknown,"March 18, 2021",2020,TV-PG,51 min,"Documentaries, International Movies, Music & Musicals","Walk down memory lane and experience the soundtrack to beloved film ""Generasi 90an: Melankolia"" through nostalgic performances."
s7454,TV Show,Midnight Misadventures With Mallika Dua,Unknown,Mallika Dua,India,"April 1, 2019",2018,TV-14,1 Season,"International TV Shows, Stand-Up Comedy & Talk Shows, TV Comedies","In this talk show, comedian Mallika Dua serves up big laughs as Shalishka and whips up a meal with her celebrity pals who dish on their diets and lives."
s8058,Movie,Sons of Ben,Jeffrey C. Bell,Unknown,United States,"December 10, 2016",2016,NR,73 min,"Documentaries, Sports Movies","Passion is an understatement. Meet the folks who wanted a Major League Soccer club in Philadelphia so badly, they became fans before it even existed."
s4099,Movie,Ayana,Gangadhar Salimath,"Deepak Subramanya, Apoorva Soma, Ramesh Bhat, Harsha H S, Karthik A, Goutham Shashidhar, Nagshree Karkone, Moksha Kushal, Vedashree Rao",India,"February 15, 2019",2017,TV-MA,112 min,"Dramas, Independent Movies, International Movies","With his carefree bachelor days behind him, a young entrepreneur’s ambitions for adulthood come with some painful personal and professional decisions."
s1746,Movie,Ya no estoy aquí: Una conversación entre Guillermo del Toro y Alfonso Cuarón,Unknown,"Guillermo del Toro, Alfonso Cuarón",Unknown,"November 3, 2020",2020,TV-PG,15 min,Documentaries,"Guillermo del Toro and Alfonso Cuarón discuss fellow Mexican director Fernando Frías de la Parra's award-winning film ""I'm No Longer Here."""
s6678,Movie,El fin de ETA,Justin Webster,Unknown,Spain,"April 8, 2017",2017,TV-14,106 min,"Documentaries, International Movies","This documentary chronicles the decade-long process that led to the end of the ETA, a Basque terrorist group that operated for more than 50 years."
s1014,Movie,Miss Sloane,John Madden,"Jessica Chastain, Mark Strong, Gugu Mbatha-Raw, Michael Stuhlbarg, Raoul Bhaneja, John Lithgow, Sam Waterston, Chuck Shamata, Jake Lacy, Alison Pill, David Wilson Barnes","France, United States, United Kingdom, Canada","April 19, 2021",2016,R,132 min,Thrillers,A tenacious Capitol Hill lobbyist with a well-earned reputation for winning takes on the most challenging battle of her career.
s4670,Movie,Once Again,Kanwal Sethi,"Shefali Shah, Neeraj Kabi, Rasika Dugal, Bidita Bag, Priyanshu Painyuli, Bhagwan Tiwari","India, Germany, Austria","September 1, 2018",2018,TV-PG,101 min,"Dramas, Independent Movies, International Movies","After a chance phone call leads to daily conversations, a widowed restaurant owner and a lonely film actor plan to finally meet in person."
s8740,Movie,Why We Fight: The Battle of Russia,"Frank Capra, Anatole Litvak",Unknown,United States,"March 31, 2017",1943,TV-PG,82 min,Documentaries,This installment of Frank Capra's acclaimed documentary series highlights the need for a Russo-American alliance to defeat the Nazis.
s465,Movie,Gunpowder Milkshake,Navot Papushado,"Karen Gillan, Lena Headey, Carla Gugino, Chloe Coleman, Michelle Yeoh, Angela Bassett, Paul Giamatti, Ralph Ineson, Adam Nagaitis, Michael Smiley, Freya Allan",Unknown,"July 14, 2021",2021,R,115 min,"Action & Adventure, Comedies","When an assassin veers off mission to rescue a child, she triggers a war with a powerful crime syndicate — and reunites a gun-wielding sisterhood."
s6681,Movie,Elephants Dream 4 Hour,Bassam Kurdali,"Cas Jansen, Tygo Gernandt",Netherlands,"August 23, 2018",2006,TV-MA,196 min,"International Movies, Sci-Fi & Fantasy","Friends Proog and Emo live in a capricious, seemingly infinite machine with a sinister purpose in this experimental computer-animated short."
s2912,Movie,A Shaun the Sheep Movie: Farmageddon,"Richard Phelan, Will Becher","Justin Fletcher, John Sparkes, Amalia Vitale, Kate Harbour, David Holt","United Kingdom, France, Belgium, Ireland, United States","February 14, 2020",2019,G,87 min,"Children & Family Movies, Comedies",Shaun and the flock race to help an adorable alien find her way home after her ship crash-lands near Mossy Bottom Farm and sparks a UFO frenzy.
s2360,TV Show,Most Beautiful Thing,Unknown,"Maria Casadevall, Pathy Dejesus, Fernanda Vasconcellos, Mel Lisboa, Leandro Lima, Ícaro Silva, Gustavo Vaz, Alexandre Cioletti, Gustavo Machado",Brazil,"June 19, 2020",2020,TV-MA,2 Seasons,"International TV Shows, Romantic TV Shows, TV Dramas","A 1950s housewife goes to Rio de Janeiro to meet up with her husband, only to learn he's deserted her, but decides to stay and open a bossa nova club."
s2733,Movie,Kal Ho Naa Ho,Nikkhil Advani,"Shah Rukh Khan, Saif Ali Khan, Preity Zinta, Jaya Bhaduri, Sushma Seth, Reema Lagoo, Lillete Dubey, Delnaaz Paul",India,"April 1, 2020",2003,TV-14,187 min,"Comedies, Dramas, International Movies",An uptight MBA student falls for the charismatic new neighbor who charms her troubled family – but he has a secret that forces him to push her away.
s4808,TV Show,Churchill’s Secret Agents: The New Recruits,Unknown,Unknown,United Kingdom,"June 29, 2018",2018,TV-MA,1 Season,"British TV Shows, International TV Shows, Reality TV","In this history-steeped reality series, 14 contestants undergo the same rigorous four-day selection process as Britain's top-secret World War II spies."
s8358,TV Show,The Inbetweeners,Unknown,"Simon Bird, James Buckley, Blake Harrison, Joe Thomas, Greg Davies, Emily Head, Martin Trenaman, Belinda Stewart-Wilson, Robin Weaver, Henry Lloyd-Hughes",United Kingdom," January 1, 2018",2010,TV-MA,3 Seasons,"British TV Shows, TV Comedies",This rib-tickling series follows four English lads as they try – and fail spectacularly – to navigate the wretched no-man's land of adolescence.
s7765,TV Show,Power Rangers in Space,Unknown,"Tracy Lynn Cruz, Patricia Ja Lee, Christopher Khayman Lee, Justin Nimmo, Roger Velasco, Selwyn Ward, Melody Perkins, Paul Schrier, Jason Narvy, Mioko Fujiwara, Soichiro Hoshi, Yuji Kishimoto, Sanae Kobayashi, Tsuyoshi Takishita, Lex Lang","United States, France, Japan","January 1, 2016",1998,TV-Y7,1 Season,Kids' TV,"With the Power Chamber destroyed, former Turbo Power Rangers T.J., Cassie, Carlos and Ashley search for Zordon, who's been abducted by Dark Specter."
s4315,Movie,Vir Das: Losing It,Marcus Raboy,Vir Das,United States,"December 11, 2018",2018,TV-MA,68 min,Stand-Up Comedy,"The world's got a lot of problems, but Vir Das has a lot of answers as he discusses travel, religion, his childhood and more in this stand-up special."
s3671,Movie,Cities of Last Things,Wi Ding Ho,"Jack Kao, Lee Hong-chi, Louise Grinberg, Huang Lu, Ding Ning","Taiwan, China, France, United States","July 12, 2019",2018,TV-MA,106 min,"Dramas, Independent Movies, International Movies","In a dystopian tale unfolding in reverse chronology, a man with a complicated past takes revenge on the individuals who wronged him decades ago."
s3767,Movie,Pachamama,Juan Antin,"Adam Moussamih, Charli Birdgenau, Vlastra Vrana, Sonja Ball, Alexandre Harough","France, Luxembourg, Canada","June 7, 2019",2019,PG,71 min,Children & Family Movies,"When a sacred statue is taken from his Andean village, a spirited boy who dreams of becoming a shaman goes on a brave mission to get it back."
s7915,Movie,Sacro GRA,Gianfranco Rosi,Unknown,"Italy, France","March 21, 2017",2013,TV-MA,91 min,"Documentaries, International Movies","Italian filmmaker Gianfranco Rosi turns his eye to his own country, roaming and filming for over two years in a minivan on Rome's giant ring road."
s1420,TV Show,Last Tango in Halifax,Juliet May,"Derek Jacobi, Anne Reid, Sarah Lancashire, Nicola Walker, Edward Ashley, Louis Greatorex, Josh Bolt",United Kingdom,"January 12, 2021",2020,TV-MA,4 Seasons,"British TV Shows, Romantic TV Shows, TV Dramas",Two widowed childhood sweethearts fall for each other all over again when they are reunited over the Internet after nearly 60 years.
s5816,Movie,Jim Gaffigan: Beyond the Pale,Michael Drumm,Jim Gaffigan,United States,"August 11, 2016",2005,TV-14,72 min,Stand-Up Comedy,"Comedian Jim Gaffigan cuts loose on a variety of topics, including Hot Pockets, holidays, Catholicism and his favorite activity: doing nothing."
s3656,TV Show,Typewriter,Unknown,"Aarna Sharma, Aaryansh Malviya, Mikail Gandhi, Palash Kamble, Jishu Sengupta, Palomi Ghosh, Purab Kohli, Sameer Kochhar, Sara Gesawat",India,"July 19, 2019",2019,TV-MA,1 Season,"International TV Shows, TV Horror, TV Mysteries","Three young friends in Goa plan to search an old villa for ghosts, but when a new family moves in, the home’s buried past resurfaces in chilling ways."
s4389,Movie,Aalorukkam,V C Abhilash,"Indrans, Sreekanth Menon, Vishnu Agasthya, Aliyar, Seethabaala, Shaji John, Sajith Nampiyar, Benny Vadakkan",India,"November 15, 2018",2018,TV-PG,122 min,"Dramas, Independent Movies, International Movies","When an aging father seeks the help of a doctor and a journalist to look for the son who left him 16 years ago, he learns some surprising truths."
s4803,Movie,Zoo,Shlok Sharma,"Shashank Arora, Shweta Tripathi, Rahul Kumar, Gopal K. Singh, Yogesh Kurme, Prince Daniel",India,"July 1, 2018",2018,TV-MA,94 min,"Dramas, Independent Movies, International Movies","A drug dealer starts having doubts about his trade as his brother, his client, and two rappers from the slums each battle their own secret addictions."
s6014,Movie,300 Miles to Heaven,Maciej Dejczer,"Krzysztof Stroiński, Andrzej Mellin, Adrianna Biedrzyńska, Adrianna Biedrzyńska, Rafał Zimowski, Kama Kowalewska, Wiesław Komasa, Aleksander Bednarz, Jadwiga Jankowska-Cieslak, Wojciech Klata","Denmark, France, Poland","October 1, 2019",1989,TV-14,93 min,"Dramas, International Movies","Hoping to help their dissident parents, two brothers sneak out of Poland and land as refugees in Denmark, where they are prevented from returning home."
s5448,Movie,Aashik Awara,Umesh Mehra,"Saif Ali Khan, Mamta Kulkarni, Mohnish Bahl, Sharmila Tagore, Saeed Jaffrey, Kader Khan",India,"June 1, 2017",1993,TV-14,154 min,"Dramas, International Movies, Music & Musicals","Raised by a kindly thief, orphaned Jimmy goes on the run from goons and falls in love with Jyoti, whose father indirectly caused his parents' deaths."
s839,Movie,Soy Rada: Serendipity,Pablo Faro,Agustín Aristarán,Argentina,"May 27, 2021",2021,TV-MA,70 min,Stand-Up Comedy,"The delightful Argentine comic Agustín Aristarán (aka Soy Rada) is back, this time putting the spotlight on family and parenting, magic and music."
s779,TV Show,Attack on Titan,Unknown,"Yuki Kaji, Yui Ishikawa, Marina Inoue, Kisho Taniyama, Yu Shimamura, Yu Kobayashi, Shiori Mikami, Hiro Shimono, Ryota Osaka, Yoshimasa Hosoya, Tomohisa Hashizume, Saki Fujita, Hiroshi Kamiya, Daisuke Ono, Romi Park, Keiji Fujiwara, Kazuhiro Yamaji, Yusaku Yara, Takehito Koyasu",Japan,"June 2, 2021",2013,TV-MA,1 Season,"Anime Series, International TV Shows","With his hometown in ruins, young Eren Yeager becomes determined to fight back against the giant Titans that threaten to destroy the human race."
s3109,TV Show,Private Practice,Unknown,"Kate Walsh, Tim Daly, Audra McDonald, Paul Adelstein, Taye Diggs, Amy Brenneman, KaDee Strickland, Chris Lowell, Brian Benben",United States,"December 22, 2019",2012,TV-14,6 Seasons,"TV Comedies, TV Dramas","At Oceanside Wellness Center, Dr. Addison Montgomery deals with competing personalities in the new world of holistic medicine."
s6817,Movie,Furie,Le Van Kiet,"Ngo Thanh Van, Phan Thanh Nhien, Mai Cat Vi, Thanh Hoa, Pham Anh Khoa",Vietnam,"September 25, 2019",2019,TV-MA,97 min,"Action & Adventure, Dramas, International Movies","When traffickers kidnap her daughter from their village, vengeful Hai Phuong returns to Saigon – and her outlaw roots – to take down the abductors."
s7375,Movie,Madre,Aaron Burns,"Daniela Ramírez, Cristobal Tapia Montt, Aida, Matías Bassi, Nicolás Durán, Ignacia Allamand",Chile,"August 26, 2017",2016,TV-MA,95 min,"International Movies, Thrillers","Pregnant and overwhelmed, Diana hires a caretaker for her son with severe autism. But she soon begins to fear the new nanny has sinister intentions."
s1748,Movie,Prospect,"Zeek Earl, Christopher Caldwell","Sophie Thatcher, Pedro Pascal, Jay Duplass, Andre Royo, Sheila Vand, Anwan Glover","Canada, United States","November 2, 2020",2018,R,100 min,"Sci-Fi & Fantasy, Thrillers",A father and daughter travel to an alien moon in search of a valuable gem but are forced to alter their plans when a nefarious outlaw gets involved.
s7393,TV Show,Man vs Wild with Sunny Leone,Unknown,"Bear Grylls, Sunny Leone",Unknown,"December 1, 2018",2018,TV-PG,1 Season,"International TV Shows, Reality TV, TV Action & Adventure",The adventures of Bear Grylls get a unique spin as Bollywood star Sunny Leone hosts the show famous for revealing Bear's wilderness survival skills.
s3689,TV Show,Bangkok Love Stories: Objects of Affection,Unknown,"Apinya Sakuljaroensuk, Kanokchat Munyadon, Gyeon Seo, Nalin Hohler, Thongpoom Siripipat, Chinawut Indracusin, Preeyada Sitthachai, Akarin Akaranitimaytharatt, Adul Charoenrasameekiat, Kanlaya Lertkasemsup",Thailand,"July 2, 2019",2019,TV-14,1 Season,"International TV Shows, Romantic TV Shows, TV Dramas",A kind computer repairman falls for a street-smart graffiti artist whose multiple personality disorder worsens after she witnesses a double murder.
s2813,Movie,Digs & Discoveries: Mines of Mystery,Joey So,"Joseph May, Flaminia Cinque, Anna Francolini, Teresa Gallagher, Montserrat Lombard, Antonio Magro, Vincenzo Nicoli",Unknown,"March 15, 2020",2019,TV-Y,23 min,Children & Family Movies,"Amidst Italy's ancient sites and hidden treasures, Thomas is inspired to make his own special discovery, sending him on a journey to find a lost legend."
s6006,Movie,27: Gone Too Soon,Simon Napier-Bell,"Janis Joplin, Jimi Hendrix, Amy Winehouse, Jim Morrison, Kurt Cobain",United Kingdom,"May 1, 2018",2017,TV-MA,70 min,Documentaries,"Explore the circumstances surrounding the tragic deaths at 27 of Jimi Hendrix, Jim Morrison, Brian Jones, Janis Joplin, Kurt Cobain and Amy Winehouse."
s1117,TV Show,Glimpses of a Future,Unknown,Unknown,Unknown,"April 1, 2021",2020,TV-PG,1 Season,"Docuseries, International TV Shows","This docuseries celebrates the virtual collaborations between a group of artists, dancers and writers from around the world during the pandemic."
s1975,Movie,Saheb Biwi Aur Gangster Returns,Tigmanshu Dhulia,"Irrfan Khan, Jimmy Shergill, Soha Ali Khan, Mahie Gill, Raj Babbar, Deep Raj Rana, Rajiv Gupta, Sitaram Panchal, Rajesh Khera, Mugdha Godse",India,"September 19, 2020",2013,TV-MA,139 min,"Dramas, International Movies, Romantic Movies",Knotty love triangles and nefarious schemes arise when a nobleman’s plans to remarry fall into the cunning hands of his first wife and a vengeful rival.
s1494,Movie,Isa Pa with Feelings,Prime Cruz,"Maine Mendoza, Carlo Aquino, Lotlot De Leon, Cris Villanueva, Nikki Valdez, Vangie Labalan, Geleen Eugenio",Philippines,"December 25, 2020",2019,TV-G,102 min,"International Movies, Romantic Movies","When an aspiring architect falls for her Deaf neighbor, they develop a connection and set out to form their own love language despite their differences."
s7212,Movie,Kings,Deniz Gamze Ergüven,"Halle Berry, Daniel Craig, Lamar Johnson, Kaalan Walker, Rachel Hilson, Issac Ryan Brown, Callan Farris, Serenity Reign Brown, Reece Cody, Aiden Akpan","France, Belgium, China, United States","October 29, 2018",2017,R,87 min,Dramas,A foster mom and her houseful of kids befriend a bitter neighbor after the Rodney King verdict is handed down in 1992 Los Angeles.
s5943,Movie,A Stoning in Fulham County,Larry Elikann,"Ken Olin, Jill Eikenberry, Maureen Mueller, Gregg Henry, Nicholas Pryor, Noble Willingham, Peter Michael Goetz, Ron Perlman, Theodore Bikel, Olivia Burnette, Bill Allen, Brad Pitt",United States,"October 1, 2011",1988,TV-14,95 min,Dramas,"After reckless teens kill an Amish child, a prosecutor attempts to bring the youths to justice despite the condemnation he faces from the community."
s2274,Movie,Gabbar Is Back,Krish,"Akshay Kumar, Shruti Haasan, Sunil Grover, Kareena Kapoor, Ishita Vyas, Suman Talwar, Jaideep Ahlawat, Shruti Bapna",India,"July 5, 2020",2015,TV-14,128 min,"Action & Adventure, Dramas, International Movies","After a vengeful college professor targets corruption in the government, he adopts the name ""Gabbar"" and becomes a hero to a weary public."
s6822,Movie,Gagarin: First in Space,Pavel Parkhomenko,"Yaroslav Zhalnin, Mikhail Filippov, Olga Ivanova, Vadim Michman, Vladimir Steklov, Viktor Proskurin, Nadezhda Markina, Daniil Vorobyov",Russia,"September 15, 2017",2013,TV-14,108 min,"Dramas, International Movies",This biopic of Russian cosmonaut Yuri Gagarin follows his rise from childhood poverty to his selection and training for the 1961 Vostok mission.
s7437,TV Show,MegaTruckers,Unknown,Unknown,Australia,"July 12, 2019",2012,TV-PG,1 Season,Reality TV,"This reality ride-along offers a glimpse into the can-do, high-stakes world of big rig drivers who haul massive loads of cargo across Australia."
s8010,Movie,Short Term 12,Destin Daniel Cretton,"Brie Larson, John Gallagher Jr., Kaitlyn Dever, Rami Malek, Lakeith Stanfield, Kevin Hernandez, Melora Walters, Stephanie Beatriz, Lydia Du Veaux, Alex Calloway, Frantz Turner",United States,"July 18, 2019",2013,R,97 min,"Dramas, Independent Movies","A new charge at a foster care facility dredges up the memories of a young supervisor's own troubled past, and her tough exterior begins eroding."
s5870,TV Show,Turbo FAST,Unknown,"Reid Scott, John Eric Bentley, Amir Talai, Phil LaMarr, Grey DeLisle, Michael Patrick Bell, Eric Bauza",United States,"February 5, 2016",2016,TV-Y7,3 Seasons,Kids' TV,"Join Turbo and his posse, the Fast Action Stunt Team. Filled with comedy, action and fun, this series amps it up to the extreme."
s3434,TV Show,The Hook Up Plan,Unknown,"Marc Ruchmann, Zita Hanrot, Sabrina Ouazani, Joséphine Drai, Syrus Shahidi, Yvan Naubron, Guillaume Labbé, Tom Dingler",France,"October 11, 2019",2020,TV-MA,2 Seasons,"International TV Shows, Romantic TV Shows, TV Comedies","When Parisian Elsa gets hung up on her ex, her best friends secretly hire a male escort to help her move on. But their plan works a little too well."
s1924,TV Show,The Unicorn,Unknown,"Walton Goggins, Rob Corddry, Michaela Watkins, Omar Benson Miller, Maya Lynne Robinson, Ruby Jay, Makenzie Moss",United States,"October 1, 2020",2019,TV-14,1 Season,"TV Comedies, TV Dramas","A widowed father of two girls navigates the world of dating, surprised to learn that many women consider him a hot commodity."
s6386,TV Show,Buddha,Unknown,"Himanshu Soni, Kajal Jain, Sanket Choukse, Kabir Bedi, Sameer Dharmadhikari, Jagat Singh, Reshmi Ghosh, Siddharth Vasudev, Amit Behl, Hemant Choudhary",Unknown,"April 1, 2018",2013,TV-PG,1 Season,"International TV Shows, TV Dramas","In this historical drama series, young Prince Siddhartha undergoes an intense spiritual journey that eventually transforms him into the Buddha."
s7032,Movie,Hurricane Bianca: From Russia With Hate,Matt Kugelman,"Roy Haylock, Rachel Dratch, Brian McCook, D.J. ""Shangela"" Pierce, Doug Plaut, Cheyenne Jackson, Kristen Johnston, Heather McDonald, Wanda Sykes, Janeane Garofalo",United States,"August 15, 2018",2018,TV-MA,85 min,"Comedies, Independent Movies, LGBTQ Movies","When Texas teacher Richard is lured to Russia under false pretenses by his enemy Deb, his drag alter ego Bianca soon turns the country upside down."
s3083,TV Show,Occupied,Unknown,"Henrik Mestad, Ane Dahl Torp, Ingeborga Dapkunaite, Eldar Skar, Ragnhild Gudbrandsen, Kristin Braut-Solheim","Norway, Sweden","December 31, 2019",2019,TV-MA,3 Seasons,"International TV Shows, TV Dramas, TV Thrillers","In the near future, Russia initiates a ""silk glove"" invasion of Norway to restart oil production, but soon uncertainty, chaos and danger erupt."
s425,Movie,Chhota Bheem: The Rise of Kirmada,Rajiv Chilaka,"Vatsal Dubey, Julie Tejwani, Rupa Bhimani, Jigna Bhardwaj, Rajesh Kava, Mousam, Swapnil",Unknown,"July 22, 2021",2012,TV-Y7,68 min,Children & Family Movies,Bheem and young lord Krishna team up to protect the world against the wicked and powerful Kirmada and his equally dangerous bat army.
s3558,Movie,Travis Scott: Look Mom I Can Fly,White Trash Tyler,Travis Scott,United States,"August 28, 2019",2019,TV-MA,85 min,"Documentaries, Music & Musicals","While crafting his Grammy-nominated album ""Astroworld,"" Travis Scott juggles controversy, fatherhood and career highs in this intimate documentary."
s897,TV Show,The Upshaws,Unknown,"Mike Epps, Wanda Sykes, Kim Fields, Page Kennedy, Diamond Lyons, Khali Daniya-Renee Spraggins, Jermelle Simon, Gabrielle Dennis, Journey Christine",United States,"May 12, 2021",2021,TV-14,1 Season,TV Comedies,A working-class Black family in Indiana strives for a better life and a happy home while juggling everyday struggles in this comedy series.
s3407,TV Show,Spirit Riding Free: Pony Tales,Unknown,"Amber Frank, Bailey Gambertoglio, Sydney Park, Darcy Rose Byrnes, Gabriella Graves, Duncan Joiner, Nolan North",United States,"October 18, 2019",2019,TV-Y7,2 Seasons,Kids' TV,"Find the fun and adventure of ""Spirit Riding Free"" in this mix of music videos and short episodes featuring Lucky and all of her friends!"
s2526,TV Show,Parasyte: The Maxim,Unknown,"Nobunaga Shimazaki, Aya Hirano, Kana Hanazawa, Kiyono Yasuno, Rena Maeda, Miyuki Sawashiro, Hiroyuki Yoshino, Atsuko Tanaka",Japan,"May 15, 2020",2014,TV-MA,1 Season,"Anime Series, International TV Shows, TV Horror","A teenager battles an onslaught of parasites from space with help from Migi, a docile parasitic creature that's taken over his right hand."
s7803,Movie,Pulp Fiction,Quentin Tarantino,"John Travolta, Samuel L. Jackson, Uma Thurman, Harvey Keitel, Tim Roth, Amanda Plummer, Maria de Medeiros, Ving Rhames, Eric Stoltz, Rosanna Arquette, Christopher Walken, Bruce Willis",United States,"January 1, 2019",1994,R,154 min,"Classic Movies, Cult Movies, Dramas","This stylized crime caper weaves together stories featuring a burger-loving hit man, his philosophical partner and a washed-up boxer."
s195,TV Show,Deadly Sins,Unknown,"Frank Ramirez, Patricia Castañeda, Chela del Río, Patrick Delmas, María José Martínez, Robinson Díaz, Juan Ángel, Guillermo Olarte, Constanza Duque, Marcela Carvajal",Unknown,"August 27, 2021",2002,TV-MA,1 Season,"International TV Shows, Spanish-Language TV Shows, TV Dramas",A multimillionaire fakes his death and forces his relatives to live together in his mansion for one year to see who's worthy of inheriting his fortune.
s316,Movie,Ije: The Journey,Chineze Anyaene,"Genevieve Nnaji, Omotola Jalade-Ekeinde, Odalys Garcia, Ulrich Que, Jeff Swarthout, Clem Ohameze, Ann D. Carey, Anahit Setian, Danielle Soibelman, Jon Morgan Woodward","United States, Nigeria","August 3, 2021",2010,TV-MA,106 min,"Dramas, International Movies","When her sister is accused of multiple murders, a Nigerian woman travels to Los Angeles to uncover the truth and fight for her sibling’s freedom."
s7471,Movie,Miss Stevens,Julia Hart,"Lily Rabe, Timothée Chalamet, Lili Reinhart, Anthony Quintal, Oscar Nuñez, Rob Huebel",United States,"December 19, 2016",2016,NR,86 min,"Dramas, Independent Movies",Emotionally vulnerable teacher Rachel accompanies three students to a weekend drama competition and forms an unexpected bond with troubled teen Billy.
s1840,TV Show,La Révolution,Unknown,"Amir El Kacem, Marilou Aussilloux, Lionel Erdogan, Isabel Aimé Gonzalez Sola, Julien Frison, Doudou Masta, Dimitri Storoge, Amélia Lacquemant, Coline Beal, Laurent Lucas, Gaia Weiss, Chiara Tantimonaco, Nina Tantimonaco, Pierre Andrau, Philippine Martinot, Jérémie Covillault",France,"October 16, 2020",2020,TV-MA,1 Season,"International TV Shows, TV Action & Adventure, TV Dramas","In a reimagined history, a mysterious disease besets 18th century France, culminating in a brutal clash between rebels and the aristocracy."
s382,TV Show,The Snitch Cartel: Origins,Unknown,"Juan Pablo Urrego, Sebastián Osorio, Patricia Tamayo, Verónica Velásquez, María Camila Zárate, Nicole Santamaría, Eduardo Pérez, Julian Farrieta, Gustavo Angarita Jr., Carlos Manuel Vesga, Helena Mallarino, David Prada, Margarita Reyes, Adriana Silva, Laura Rodríguez, Angélica Blandón, Maia Landaburu, Jesús de los Ríos",Unknown,"July 28, 2021",2021,TV-MA,1 Season,"Crime TV Shows, International TV Shows, Spanish-Language TV Shows","Over four decades, two brothers in Cali juggle family duties, multiple romances and illegal businesses, transforming from poor kids to cocaine kingpins."
s5553,Movie,Toro,Kike Maíllo,"Mario Casas, Luis Tosar, José Sacristán, Claudia Canal, José Manuel Poga, Ingrid García Jonsson, Luichi Macías",Spain,"April 1, 2017",2016,TV-MA,106 min,"Dramas, International Movies, Thrillers",Ex-con Toro's brother and former partner in crime makes a desperate plea for help that may put Toro back behind bars ... if he survives at all.
s1878,TV Show,Private Lives,Unknown,"Seohyun, Ko Kyung-pyo, Kim Hyo-jin, Kim Young-min, Tae Won-seok, Song Sun-mi, Park Seong-geun, Jang Jin-hee, Yoon Sa-bong, Lee Hak-ju, Song Sang-eun, Jang Won-hyeok, Yoo Hee-je, Min Zio, Kim Min-sang, Kim Ba-da, Cha Soo-yeon",South Korea,"October 8, 2020",2020,TV-14,1 Season,"Crime TV Shows, International TV Shows, TV Dramas","In a world where data is no longer private, con artists uncover a sinister surveillance scheme headed by the government and a greedy corporation."
s5318,Movie,Berlin Syndrome,Cate Shortland,"Matthias Habich, Max Riemelt, Teresa Palmer, Lucie Aron, Emma Bading",Australia,"August 25, 2017",2017,R,116 min,"International Movies, Thrillers",What starts as a passionate one-night stand quickly turns sinister when Clare learns she's locked inside Andi's apartment with no way out.
s3348,Movie,The King,David Michôd,"Timothée Chalamet, Joel Edgerton, Robert Pattinson, Ben Mendelsohn, Sean Harris, Tom Glynn-Carney, Lily-Rose Depp, Thomasin McKenzie","United Kingdom, Hungary, Australia","November 1, 2019",2019,R,141 min,Dramas,Wayward Prince Hal must turn from carouser to warrior king as he faces hostilities from inside and outside the castle walls in the battle for England.
s4299,Movie,Once in a Lifetime Sessions with George Ezra,Unknown,Unknown,United States,"December 15, 2018",2018,TV-MA,78 min,"Documentaries, Music & Musicals",English singer-songwriter George Ezra performs his standout songs and speaks about his transformation from aspiring bassist to pop star.
s1292,Movie,Love,Khalid Rahman,"Shine Tom Chacko, Rajisha Vijayan, Gokulan, Sudhi Koppa, Veena Nandakumar, Johny Antony",India,"February 19, 2021",2020,TV-14,91 min,"Dramas, Independent Movies, International Movies",The troubling inner workings of a toxic marriage reveal themselves in surprising ways after one of the couple’s feuds spins out of control.
s1245,Movie,Indoo Ki Jawani,Abir Sengupta,"Kiara Advani, Aditya Seal, Mallika Dua, Rakesh Bedi, Rajendra Sethi, Chittaranjan Tripathi, Rajesh Jais, Alka Badola Kaushal",India,"March 2, 2021",2020,TV-14,115 min,"Action & Adventure, Comedies, International Movies","A spirited but naive young woman seeks a one-night stand, but after discovering her date’s real identity, things quickly go from casual to complicated."
s6587,TV Show,Deep Undercover Collection,Unknown,Dave B. Mitchell,United States,"July 20, 2018",2017,TV-MA,3 Seasons,"Crime TV Shows, Docuseries","Former FBI agent Joe Pistone, the real-life ""Donnie Brasco,"" hosts this series that reveals the true stories of undercover crime-fighting operations."
s2968,TV Show,Shopkins,Unknown,Kate Murphy,United States,"February 1, 2020",2014,TV-Y,1 Season,Kids' TV,"Tiny grocery store items come to life as the Shopkins, who have fun adventures with each other at Small Mart and the magical town called Shopville."
s3129,TV Show,Cocomong,Unknown,"Jung Sun-hye, Yang Jeong-hwa, Kim Jang, Ryoo Jeom-hee, Hong Bum-ki, Shin Yong-woo",United States,"December 15, 2019",2015,TV-Y,2 Seasons,"Kids' TV, Korean TV Shows","What's in your fridge? In sunny Refrigerator Land, everyday ingredients transform into animal friends who love a good adventure."
s2622,Movie,Organize Isler,Yılmaz Erdoğan,"Yılmaz Erdoğan, Tolga Çevik, Demet Akbağ, Altan Erkekli, Özgü Namal, Erdal Tosun, Tuncer Salman, Öner Erkan, Ebru Akel, Başak Köklükaya, Cem Yılmaz",Turkey,"April 28, 2020",2005,TV-14,104 min,"Action & Adventure, Comedies, International Movies","A gang leader recruits a suicidal Superman impersonator, while a woman driving a hot car linked to the gang plots revenge against them and their hero."
s3827,TV Show,Revisions,Unknown,"Koki Uchiyama, Mikako Komatsu, Nobunaga Shimazaki, Rie Takahashi, Manaka Iwami, Soma Saito",Japan,"May 14, 2019",2018,TV-14,1 Season,"Anime Series, International TV Shows","When Shibuya time-warps to 2388, high schooler Daisuke and his friends are conscripted by AHRV agent Milo to fight the hostile cyborg race, revisions."
s2406,TV Show,DC's Legends of Tomorrow,Rob Seidenglanz,"Victor Garber, Brandon Routh, Caity Lotz, Franz Drameh, Amy Pemberton, Dominic Purcell, Maisie Richardson-Sellers, Nick Zano, Arthur Darvill, Wentworth Miller, Tala Ashe, Adam Tsekhman, Christina Brucato, Simon Merrells, Nils Hognestad, Jes Macallan, Keiynan Lonsdale",United States,"June 10, 2020",2020,TV-14,5 Seasons,"TV Action & Adventure, TV Sci-Fi & Fantasy","A mysterious ""time master"" from the future unites an unlikely group of superheroes and villains to save the world from a powerful evil."
s3766,Movie,Luka Chuppi,Laxman Utekar,"Kartik Aaryan, Kriti Sanon, Pankaj Tripathi, Vinay Pathak, Aparshakti Khurana, Atul Srivastava, Alka Amin",India,"June 7, 2019",2019,TV-PG,125 min,"Comedies, International Movies, Romantic Movies","Pretending to marry in order to cohabitate, a small-town couple lands in endless awkward situations to hide the truth from their orthodox families."
s7252,Movie,LA 92,"Daniel Lindsay, T.J. Martin",Unknown,United States,"March 1, 2018",2017,R,114 min,Documentaries,Previously unseen footage is shaped into a fresh and timely retelling of the 1992 Rodney King trial – and the verdict that sparked civil unrest.
s1906,Movie,Cold Harbour,Carey McKenzie,"Tony Kgoroge, Yu Nan, Thomas Gumede, Deon Lotz, Fana Mokoena, Zolani Mahola, Kenneth Fok, Nicole Bessick",South Africa,"October 1, 2020",2013,TV-MA,73 min,"Action & Adventure, Dramas, International Movies","When a war breaks out between competing gangs of smugglers in Cape Town, South Africa, an honest cop is pressured to work for a powerful crime lord."
s6087,Movie,Act of Valor,"Mike McCoy, Scott Waugh","Keo Woolford, Drea Castro, Emilio Rivera, Rorke Denver, Jason Cottle, Ailsa Marshall, Alex Veadov, Dave, Roselyn Sanchez, Thomas Rosales Jr., Nestor Serrano, Gonzalo Menendez",United States,"June 1, 2020",2012,R,110 min,Action & Adventure,An elite squad of Navy SEALs is tasked with rescuing a kidnapped CIA agent from a lethal terrorist cell.
s4856,Movie,Catching Feelings,Kagiso Lediga,"Kagiso Lediga, Pearl Thusi, Akin Omotoso, Andrew Buckland",South Africa,"May 18, 2018",2018,TV-MA,117 min,"Comedies, International Movies, Romantic Movies","Amid growing tensions in their marriage, a Johannesburg professor and his journalist wife find their lives upended by a famous, hard-partying author."
s7344,TV Show,Love Cuisine,Unknown,"Lego Lee, Allison Lin, Duncan Chow, Nita Lei, Hank Wu, Calvin Lee, Fu Lei",Taiwan,"August 1, 2016",2015,TV-MA,1 Season,"International TV Shows, Romantic TV Shows, TV Comedies",A successful Taiwanese chef moves home from Europe to teach at a cooking school. He soon clashes with a pretty teacher he met under odd circumstances.
s6348,TV Show,Bob Ross: Beauty Is Everywhere,Unknown,Bob Ross,Unknown,"June 1, 2016",1991,TV-G,1 Season,TV Shows,"""The Joy of Painting"" host Bob Ross brings his signature wet-on-wet style to a bevy of bucolic landscape paintings celebrating the beauty of nature."
s6855,Movie,Ginger & Rosa,Sally Potter,"Elle Fanning, Alessandro Nivola, Christina Hendricks, Alice Englert, Timothy Spall, Oliver Platt, Annette Bening, Jodhi May, Oliver Milburn, Andrew Hawley","United Kingdom, Denmark, Canada, Croatia","July 15, 2018",2012,PG-13,90 min,"Dramas, Independent Movies","With the Cold War looming over them, teen best pals Ginger and Rosa share everything in early 1960s London – until betrayal drives them apart."
s8297,Movie,The Fighter,David O. Russell,"Mark Wahlberg, Christian Bale, Amy Adams, Melissa Leo, Jack McGee, Melissa McMeekin, Bianca Hunter, Erica McDermott, Dendrie Taylor, Jill Quigg, Kate B. O'Brien, Sugar Ray Leonard",United States,"January 13, 2019",2010,R,116 min,"Dramas, Sports Movies","After a string of defeats, a boxer rediscovers his fighting will with help from his trainer and half-brother, a once-talented pugilist."
s8649,Movie,Two Graves,Gary Young,"Cathy Tyson, Katie Jarvis, David Hayman, Josh Herdman, Dave Johns, Danielle Harold, Kedar Williams-Stirling, Neal Ward",United Kingdom,"May 1, 2019",2018,TV-MA,80 min,Thrillers,"A doctor and a drug addict kidnap the son of a local gangster, seeking revenge for the death of a loved one."
s2974,Movie,Hakkunde,Oluseyi Asurf,"Frank Donga, Rahama Sadau, Ali Nuhu, Toyin Aimakhu, Tunbosun Aiyedehin, Maryam Booth, Ahaji Issa Bello, Adebukola, Bukky Ajayi, Ibrahim Daddy, Seyilaw, Tomiwa Kukoyi",Nigeria,"January 31, 2020",2017,TV-14,93 min,"Comedies, Dramas, Independent Movies",A perpetually unemployed graduate desperately leaves his city for a potential opportunity until a roadblock threatens to derail his chance at a career.
s4980,Movie,Take Your Pills,Alison Klayman,Unknown,United States,"March 16, 2018",2018,TV-14,88 min,Documentaries,"In a hypercompetitive world, drugs like Adderall offer students, athletes, coders and others a way to do more – faster and better. But at what cost?"
s7987,Movie,Sex and the City 2,Michael Patrick King,"Sarah Jessica Parker, Kim Cattrall, Cynthia Nixon, Kristin Davis, Chris Noth, John Corbett, David Eigenberg, Evan Handler, Jason Lewis, Willie Garson, Mario Cantone",United States,"January 1, 2021",2010,R,146 min,"Comedies, Dramas, Romantic Movies","Best friends Carrie, Miranda, Samantha and Charlotte take a break from their busy New York lives for an all-expenses-paid luxury vacation to Abu Dhabi."
s7187,Movie,Khosla Ka Ghosla,Dibakar Banerjee,"Anupam Kher, Boman Irani, Parvin Dabas, Tara Sharma, Navin Nischol, Kiran Juneja, Ranvir Shorey, Vinod Nagpal, Vinay Pathak, Nitish Pandey",India,"August 2, 2018",2006,TV-14,124 min,"Comedies, Dramas, International Movies",A cranky control freak must rely on his comically dysfunctional family to pull off a scam on a greedy land shark who's stolen his prized property.
s541,TV Show,The Worst Witch,Unknown,"Bella Ramsey, Clare Higgins, Meibh Campbell, Raquel Cassidy, Jenny Richardson, Miriam Petche, Tallulah Milligan, Wendy Craig, Shauna Shim","United Kingdom, Germany","July 6, 2021",2020,TV-G,4 Seasons,"British TV Shows, Kids' TV","After stumbling into a school for witches, a bumbling heroine comes to realize that she just might belong there. Based on Jill Murphy's beloved books."
s103,TV Show,Countdown: Inspiration4 Mission to Space,Jason Hehir,Unknown,Unknown,"September 6, 2021",2021,TV-14,1 Season,"Docuseries, Science & Nature TV","From training to launch to landing, this all-access docuseries rides along with the Inspiration4 crew on the first all-civilian orbital space mission."
s7806,Movie,Pyaar Ka Punchnama,Luv Ranjan,"Kartik Aaryan, Divyendu Sharma, Raayo S. Bakhirta, Nushrat Bharucha, Sonalli Sehgall, Ishita Raj",India,"May 1, 2017",2011,TV-14,149 min,"Comedies, Dramas, International Movies",Matters of the heart introduce chaos into the once-idyllic bachelor existence of three young men who share an apartment.
s8759,TV Show,World's Busiest Cities,Unknown,"Anita Rani, Ade Adepitan, Dan Snow",United Kingdom,"February 1, 2019",2017,TV-PG,1 Season,"British TV Shows, Docuseries","From Moscow to Mexico City, three BBC journalists delve into the inner workings of some of the most burgeoning metropolises on Earth."
s4482,Movie,Baahubali: The Beginning (English Version),S.S. Rajamouli,"Prabhas, Rana Daggubati, Anushka Shetty, Tamannaah Bhatia, Sathyaraj, Nassar, Ramya Krishnan, Sudeep",Unknown,"October 24, 2018",2015,TV-14,138 min,"Action & Adventure, Dramas, International Movies",Villagers in the kingdom of Mahismati rescue a baby who is destined to embark on a heroic quest in this English version of S.S. Rajamouli's epic.
s7008,Movie,Hotel Pacific,Janusz Majewski,"Marek Kondrat, Roman Wilhelmi, Roman Skamene, Čestmír Řanda, Michał Pawlicki, Martin Hron, Stanisława Celińska, Joanna Kasperska, Jaroslava Schallerová","Poland,","October 1, 2019",1975,TV-MA,96 min,"Classic Movies, Dramas, International Movies",A motivated teen strives to rise from dishwasher to waiter at a luxury hotel only to tread in the abusive tide of its workplace hierarchy.
s5545,Movie,Deuces,Jamal Hill,"Larenz Tate, Meagan Good, Lance Gross, Antonique Smith, La La Anthony, Rick Gonzalez, Rotimi, Andra Fuller",United States,"April 1, 2017",2016,TV-MA,88 min,Dramas,"Assigned to go undercover to take down an impenetrable crime ring, a detective finds himself falling under the sway of its enigmatic leader."
s1025,Movie,Arlo the Alligator Boy,Ryan Crego,"Michael J. Woodard, Mary Lambert, Brett Gelman, Jonathan Van Ness, Tony Hale, Haley Tju, Annie Potts, Vincent Rodriguez III, Flea, Jennifer Coolidge",United States,"April 16, 2021",2021,TV-Y7,93 min,"Children & Family Movies, Comedies, Music & Musicals","To find the father he never knew, optimistic Arlo leaves his swampy Southern home for New York City, making friends along the way. A musical adventure."
s1654,Movie,Andhakaaram,V Vignarajan,"Vinoth Kishan, Arjun Das, Pooja Ramachandran, Kumar Natarajan, Misha Ghoshal, Arul Vincent, Chenthu Mohan, Pradeep Kalipurayath",India,"November 24, 2020",2020,TV-14,171 min,"Horror Movies, International Movies, Thrillers","As a blind librarian, dispirited cricketer and desolate psychiatrist each seek retribution and release, their lives overlap under eerie influences."
s5513,Movie,Small Crimes,Evan Katz,"Nikolaj Coster-Waldau, Gary Cole, Molly Parker, Macon Blair, Pat Healy, Jacki Weaver, Robert Forster","Canada, United States","April 28, 2017",2017,TV-MA,95 min,"Dramas, Thrillers","After serving a six-year prison sentence, an ex-cop tries to rebuild his life in his hometown, but gets caught up in the fallout from his past."
s8648,Movie,"Twisted Trunk, Big Fat Body",Unknown,"Vijay Maurya, Naman Jain, Usha Nadkarni, Mukesh Chhabra, Prarthana Behere, Jayant Gadekar, Aditi Keskar, Murari Kumar",India,"January 15, 2017",2015,TV-14,89 min,"Dramas, International Movies","After terrorists place a bomb inside a toy Lord Ganesha, a child takes off with the dangerous doll, setting it on a course throughout all of Mumbai."
s7368,Movie,Mad Max,George Miller,"Mel Gibson, Joanne Samuel, Hugh Keays-Byrne, Steve Bisley, Tim Burns, Roger Ward, Lisa Aldenhoven, Bertrand Cadart","Australia, United States","August 1, 2020",1979,R,93 min,"Action & Adventure, Classic Movies, Cult Movies","In a post-apocalyptic future, a malicious gang murders Max's family as an act of retaliation, forcing Max to hit the open road seeking vengeance."
s6661,TV Show,Earth's Natural Wonders: Life at the Extremes,Unknown,Corey Johnson,Unknown,"October 1, 2018",2018,TV-14,1 Season,"British TV Shows, Docuseries, Science & Nature TV","From the Arctic to the Outback, humans battle the elements and use their ingenuity to survive in the most extreme environments in the world."
s3326,TV Show,Victorious,Unknown,"Victoria Justice, Leon Thomas III, Matt Bennett, Elizabeth Gillies, Ariana Grande, Avan Jogia, Daniella Monet, Michael Eric Reid, Jake Farrow, Eric Lange",United States,"November 2, 2019",2013,TV-G,3 Seasons,"Kids' TV, TV Comedies","When aspiring singer Tori Vega joins the eccentric students at Hollywood Arts High, she struggles to fit in with the amazingly talented teens."
s8254,Movie,The Confirmation,Bob Nelson,"Clive Owen, Maria Bello, Patton Oswalt, Jaeden Lieberher, Matthew Modine, Stephen Tobolowsky, Tim Blake Nelson, Robert Forster",Canada,"February 6, 2019",2016,PG-13,101 min,"Comedies, Dramas, Independent Movies",A divorced handyman with a drinking problem bonds with his 8-year-old son when a search for his stolen toolbox leads to a series of misadventures.
s2407,TV Show,Lenox Hill,Unknown,Unknown,United States,"June 10, 2020",2020,TV-MA,1 Season,"Docuseries, Reality TV, Science & Nature TV",Four doctors at New York's storied Lenox Hill Hospital balance their personal lives and their dedication to their patients in this documentary series.
s5287,TV Show,Frequency,Unknown,"Peyton List, Riley Smith, Mekhi Phifer, Devin Kelley, Lenny Jacobson, Daniel Bonjour, Anthony Ruivivar",United States,"September 4, 2017",2016,TV-14,1 Season,"Crime TV Shows, TV Dramas, TV Mysteries","A detective seizes a precious opportunity to change the past when she finds she can communicate with her deceased, estranged father via a time warp."
s749,TV Show,"Fresh, Fried & Crispy",Unknown,Unknown,United States,"June 9, 2021",2021,TV-PG,1 Season,Reality TV,"Passionate about food and ready for fun, critic Daym Drops drops in on America's smokin' hot spots for the best, freshest takes on fried food."
s4574,Movie,Jodhaa Akbar,Ashutosh Gowariker,"Hrithik Roshan, Aishwarya Rai Bachchan, Sonu Sood, Poonam Sinha, Suhasini Mulay, Ila Arun, Raza Murad, Kulbhushan Kharbanda, Abeer Abrar",India,"October 1, 2018",2008,TV-14,214 min,"Action & Adventure, Dramas, International Movies","In 16th-century India, what begins as a strategic alliance between a Mughal emperor and a Hindu princess becomes a genuine opportunity for true love."
s457,TV Show,Her Private Life,Unknown,"Park Min-young, Kim Jae-uk, Ahn Bo-hyun, Jung Je-won, Park Jin-joo, Kim Bo-ra, Maeng Sang-hun, Kim Mee-kyung, Kim Sun-young, Lee Il-hwa",South Korea,"July 15, 2021",2019,TV-14,1 Season,"International TV Shows, Romantic TV Shows, TV Comedies","An art curator's life unravels, as she tries to keep her pastime as a die-hard K-pop fan secret from her gallery's new director."
s7895,Movie,Rosemary's Baby,Roman Polanski,"Mia Farrow, John Cassavetes, Ruth Gordon, Sidney Blackmer, Maurice Evans, Ralph Bellamy, Patsy Kelly, Elisha Cook Jr., Emmaline Henry, Charles Grodin",United States,"November 1, 2019",1968,R,137 min,"Classic Movies, Horror Movies, Thrillers","A woman is thrilled to find out she's pregnant. But as her belly grows, the more certain she becomes that her unborn child is in serious danger."
s5744,Movie,7 años,Roger Gual,"Paco León, Juana Acosta, Juan Pablo Raba, Alex Brendemühl, Manuel Morón",Spain,"October 27, 2016",2016,TV-MA,77 min,"Dramas, International Movies",Loyalties are tested and cruelties revealed when four business partners spend a tense evening debating who will pay for the crime they committed.
s1827,Movie,The Little Wars,Maroun Baghdadi,"Soraya Khoury, Nabil Ismaïl, Roger Hawa, Reda Khoury, Youcef Hosni, Rifaat Tarabay","France, Lebanon","October 19, 2020",1982,TV-14,108 min,"Dramas, Independent Movies, International Movies","Beirut resident Soraya is drawn to two men: daredevil photographer Nabil and Talal, who must embrace his feudal heritage when his father is kidnapped."
s7062,Movie,In The Deep,Johannes Roberts,"Mandy Moore, Claire Holt, Matthew Modine, Chris Johnson, Yani Gellman, Santiago Segura","United Kingdom, United States, Dominican Republic","January 10, 2018",2017,PG-13,89 min,"Horror Movies, International Movies, Thrillers","With little oxygen left in their scuba tanks, two sisters are trapped in a shark cage at the bottom of the ocean while great whites circle nearby."
s6373,Movie,Brave New Jersey,Jody Lambert,"Tony Hale, Anna Camp, Sam Jaeger, Heather Burns, Dan Bakkedahl, Raymond J. Barry, Erika Alexander, Mel Rodriguez, Evan Jonigkeit, Grace Kaufman",United States,"December 15, 2017",2016,TV-MA,92 min,"Comedies, Independent Movies",Small-town residents mistake an Orson Welles radio broadcast for news about an alien invasion and are emboldened to act as they await an apocalypse.
s4842,TV Show,November 13: Attack on Paris,Unknown,Unknown,France,"June 1, 2018",2018,TV-MA,1 Season,"Crime TV Shows, Docuseries, International TV Shows","Survivors and first responders share personal stories of anguish, kindness and bravery that unfolded amid the Paris terror attacks of Nov. 13, 2015."
s6008,Movie,3 Deewarein,Nagesh Kukunoor,"Naseeruddin Shah, Jackie Shroff, Juhi Chawla, Nagesh Kukunoor, Gulshan Grover, Aditya Lakhia, Shri Vallabh Vyas",Unknown,"December 31, 2019",2003,TV-MA,121 min,"Dramas, International Movies, Thrillers","A reporter interviews three convicts on death row for a documentary but as their stories emerge, so do her own true motivations for soliciting them."
s7337,Movie,Look Who's Back,David Wnendt,"Oliver Masucci, Fabian Busch, Christoph Maria Herbst, Katja Riemann, Franziska Wulf, Lars Rudolph, Michael Kessler, Thomas Thieme",Germany,"April 9, 2016",2015,NR,116 min,"Comedies, International Movies","When Adolf Hitler reawakens at the site of his former bunker 70 years later, he's mistaken for a brilliant comedian and becomes a media phenomenon."
s2154,TV Show,Sing On! Germany,Unknown,Palina Rojinski,Germany,"August 7, 2020",2020,TV-PG,1 Season,"International TV Shows, Reality TV","In this karaoke competition hosted by Palina Rojinski, contestants must hit the right note for a chance to win up to 30,000 euros."
s3136,Movie,Fukrey,Mrighdeep Singh Lamba,"Pulkit Samrat, Manjot Singh, Ali Fazal, Varun Sharma, Richa Chadda, Priya Anand, Vishakha Singh, Pankaj Tripathi",India,"December 15, 2019",2013,TV-14,135 min,"Action & Adventure, Comedies, Dramas",Four young male friends tackle the challenges and unexpected catastrophes of growing up clueless in this music-packed Bollywood teen drama.
s102,Movie,Untold: Breaking Point,"Chapman Way, Maclain Way",Unknown,United States,"September 7, 2021",2021,TV-MA,80 min,"Documentaries, Sports Movies","Under pressure to continue a winning tradition in American tennis, Mardy Fish faced mental health challenges that changed his life on and off the court."
s5336,Movie,Baahubali 2: The Conclusion (Malayalam Version),S.S. Rajamouli,"Prabhas, Rana Daggubati, Anushka Shetty, Tamannaah Bhatia, Sathyaraj, Ramya Krishnan, Nassar, Subbaraju",Unknown,"August 7, 2017",2017,TV-14,166 min,"Action & Adventure, Dramas, International Movies","To avenge his father's death, a young man leads an army into battle against a cruel tyrant in this Malayalam conclusion to the historic saga."
s3413,Movie,Upstarts,Udai Singh Pawar,"Priyanshu Painyuli, Chandrachoor Rai, Shadab Kamal, Rajeev Siddhartha, Sheetal Thakur, Ninad Kamat, Swati Semwal, Eijaz Khan",India,"October 18, 2019",2019,TV-14,112 min,"Comedies, Dramas, International Movies","Hoping to do good while making millions, three college graduates create a startup. But as business begins to flourish, their own bond starts to fray."
s5393,TV Show,Barbie Life in the Dreamhouse,Unknown,"Kate Higgins, Sean Hankinson, Haviland Stillwell, Paula Rhodes, Charlie Bodin, Laura Gerow, Katie Crown, Nakia Burrise, Tara Sands, Ashlyn Selich","United States, Canada","July 1, 2017",2012,TV-Y,1 Season,"Kids' TV, TV Comedies",Join blond icon Barbie and her fabulous friends as their behind-the-scenes adventures are revealed in this animated Web series.
s283,Movie,La diosa del asfalto,Julián Hernández,"Ximena Romo, Mabel Cadena, Alejandra Herrera, Nelly González, Samantha Orozco, Axel Arenas, Esteban Caicedo, Paulina Goto, Raquel Robles, Baby Bátiz, Pascacio López, Juán Carlos Torres, Javier Oliván, Claudia Lobo, Giovanna Zacarías",Mexico,"August 11, 2021",2020,TV-MA,127 min,"Dramas, Independent Movies, International Movies","A woman from a tough neighborhood outside Mexico City comes home a rock star, inadvertently provoking a confrontation with the ghosts of her past."
s2695,Movie,School Life,"Grand Corps Malade, Mehdi Idir","Zita Hanrot, Liam Pierron, Soufiane Guerrab, Ibrahim Dramé, Moussa Mansaly, Moryfère Camara, Alban Ivanov, Gaspard Gévin-Hié, Antoine Reinartz, Mahamadou Sangaré, Redouane Bougheraba, Hocine Mokando, Aboudou Sacko",France,"April 10, 2020",2019,TV-MA,112 min,"Comedies, Dramas, International Movies","In one of the poorest areas of Paris, a school counselor devotes herself to working with disadvantaged students, while facing challenges of her own."
s214,TV Show,RIDE ON TIME,Unknown,"King & Prince, Hey! Say! JUMP, KAT-TUN, NEWS, Kansai Johnny's Jr., Snow Man, Tomoyuki Yara, Travis Japan, Bi shonen, SixTONES, HiHi Jets, Kis-My-Ft2, Koichi Domoto",Unknown,"August 27, 2021",2021,TV-PG,3 Seasons,"Docuseries, International TV Shows",Take a deep dive into the beautiful world of Japan's top male idol groups from number one producer Johnny's in this revealing docuseries.
s7040,TV Show,I Am Me!,Unknown,"Germán Bracco, Daniela Luque, José Antonio Becerril, Paula Serrano, Héctor Holten, Héctor Loeza, Edson Loyo, Brandon Rosas, José Sefami, Tiosha Bojórquez",Mexico,"March 3, 2017",2016,TV-14,1 Season,"International TV Shows, Spanish-Language TV Shows, TV Comedies",Aspiring hip-hop star Francisco builds a name for himself as a musical artist while his conscience helps him through family drama and discrimination.
s7717,Movie,Paul Blart: Mall Cop,Steve Carr,"Kevin James, Keir O'Donnell, Jayma Mays, Raini Rodriguez, Shirley Knight, Stephen Rannazzisi, Peter Gerety, Bobby Cannavale, Adam Ferrara, Jamal Mixon, Adhir Kalyan, Gary Valentine",United States,"November 1, 2020",2009,PG,91 min,"Action & Adventure, Comedies",An overzealous security guard finds himself in over his head when he tries to thwart a criminal mastermind's plot to rob an entire shopping mall.
s7935,Movie,Santa's Apprentice,Luc Vinciguerra,"Julie Gayet, Jean-Pierre Marielle, Lorànt Deutsch, Bruno Salomone, Pierre-François Martin-Laval, Didier Brice, Benoît Allemane, Nathan Simony, Daniela Duspara, Max Cullen","Australia, France, Ireland","December 20, 2015",2010,TV-G,72 min,Children & Family Movies,"Young orphan Nicolas learns how to guide a sleigh, slide down chimneys and other duties he'll need when he becomes the next Santa Claus."
s4781,TV Show,First Team: Juventus,Unknown,Unknown,United States,"July 6, 2018",2018,TV-PG,2 Seasons,"Docuseries, International TV Shows",Follow renowned soccer club Juventus on and off the pitch as they attempt to win a seventh straight Italian title and achieve Champions League glory.
s1775,Movie,Hidden in Plain Sight,Stacia Crawford,"Victoria Barabas, Gino Anthony Pesi, Jake Allyn, Deborah Van Valkenburgh, Jessica Meraz, Jack Fisher, Eve Sigall, Jerod Meagher",United States,"October 30, 2020",2019,TV-14,87 min,"Dramas, Independent Movies, Thrillers",A woman stages her own suicide but still lives in fear of her abusive ex-boyfriend tracking her down and stealing the son he never knew he had.
s4575,Movie,Judge Singh LLB,Atharv Baluja,"Ravinder Grewal, B.N. Sharma, Sardar Sohi, Chandan Prabhakar, Anita Devgan, Harpal Singh, Hardeep Gill, Surbhi Mahendru",India,"October 1, 2018",2015,TV-PG,137 min,"Comedies, Dramas, International Movies","Framed by a politician for committing murder, a lower-class boy hires the only counsel he can afford: a lawyer with no courtroom experience."
s8751,Movie,Winter's Bone,Debra Granik,"Jennifer Lawrence, John Hawkes, Kevin Breznahan, Dale Dickey, Garret Dillahunt, Sheryl Lee, Lauren Sweetser, Tate Taylor",United States,"March 1, 2019",2010,R,100 min,"Dramas, Independent Movies","In this unflinching noir drama, a resilient teen goes on the trail of her missing, drug-dealing father when his absence threatens the family's safety."
s6879,Movie,"Good Night, and Good Luck",George Clooney,"David Strathairn, Patricia Clarkson, George Clooney, Jeff Daniels, Robert Downey Jr., Frank Langella, Ray Wise, Robert John Burke, Tate Donovan, Alex Borstein, Matt Ross, Grant Heslov","United States, France, United Kingdom, Japan","June 2, 2019",2005,PG,93 min,Dramas,Veteran television newsman Edward R. Murrow faces off against Sen. Joseph McCarthy and his crusade to quell the threat of communism in America.
s8703,Movie,Waterschool,Tiffanie Hsu,Unknown,"United States, Brazil, India, Uganda, China","July 25, 2018",2018,TV-G,68 min,Documentaries,"Six young women, who each live near one of Earth's major rivers, share how the Waterschool environmental education program has impacted their lives."
s4694,Movie,Pad Man,R. Balki,"Akshay Kumar, Sonam Kapoor, Radhika Apte, Jyoti Subhash, Urmila Mahanta, Suneel Sinha, Sanjay Singh, Rakesh Chaturvedi Om",India,"August 21, 2018",2018,PG-13,130 min,"Dramas, International Movies, Romantic Movies","Despite public humiliation and resistance, an entrepreneur markets a hygienic, low-cost sanitary pad that even India's poorest women can afford."
s6540,Movie,Covered: Alive in Asia,"Micah Bickham, Galley Molina",Israel Houghton,United States,"March 31, 2016",2016,TV-G,75 min,"Documentaries, Faith & Spirituality, Music & Musicals","Christian musician Israel Houghton leads his band Israel & New Breed on a tour supporting their newest album of multicultural, hybrid-genre songs."
s2273,Movie,Drishyam,Nishikant Kamat,"Ajay Devgn, Shriya Saran, Tabu, Rajat Kapoor, Ishita Dutta, Mrunal Jadhav, Prasanna Ketkar, Yogesh Sonam, Prathamesh Parab, Rishabh Chaddha",India,"July 5, 2020",2015,TV-14,162 min,"Dramas, International Movies, Thrillers",An unexceptional man becomes a murder suspect when the son of a high-ranking police official who harassed his daughter goes missing.
s4991,Movie,Stretch Armstrong: The Breakout,Victor Cook,"Scott Menville, Steven Yeun, Ogie Banks, Nazneen Contractor, Kate Mulgrew, Wil Wheaton, Keith David, Jon Heder, Yvette Nicole Brown, Clancy Brown, James Arnold Taylor, Grey Griffin, Miguel Ferrer, Kelly Hu, Walter Koenig, Vanessa Marshall, Will Friedle, Andrew Kishino",United States,"March 13, 2018",2018,TV-Y7,104 min,Children & Family Movies,"Villains are rampaging through Charter City and the Flex Fighters – Jake, Ricardo and Nathan – need your help to halt the chaos."
s7795,Movie,Prince Charming,Wong Jing,"Kenny Bee, Cherie Chung, Chan Pak-cheung, Rosamund Kwan, Maggie Cheung",Hong Kong,"August 31, 2018",1984,TV-14,93 min,"Comedies, International Movies, Romantic Movies","Two young buddies seek love in Hawaii, and upon returning home in disappointment, soon entangle themselves in a messy identity swap."
s2541,Movie,The Wrong Missy,Tyler Spindel,"David Spade, Lauren Lapkus, Nick Swardson, Geoff Pierson, Jackie Sandler, Sarah Chalke, Rob Schneider, Chris Witaske, Joe Anoa'i, Molly Sims",United States,"May 13, 2020",2020,TV-MA,90 min,"Comedies, Romantic Movies","Tim thinks he's invited the woman of his dreams on a work retreat to Hawaii, realizing too late he mistakenly texted someone from a nightmare blind date."
s3049,Movie,Half Girlfriend,Mohit Suri,"Arjun Kapoor, Shraddha Kapoor, Vikrant Massey, Seema Biswas, Rhea Chakraborty, Sujata Sehgal, Anisa Butt",India,"January 2, 2020",2017,TV-14,129 min,"Dramas, International Movies, Romantic Movies","Small-town Madhav falls for big-city Riya and wants her to be his girlfriend. But she views their relationship differently, and suggests a compromise."
s8097,Movie,Stop at Nothing: The Lance Armstrong Story,Alex Holmes,Unknown,"Australia, United Kingdom, United States, New Zealand, Italy, France","February 15, 2015",2014,NR,100 min,"Documentaries, International Movies, Sports Movies","An athlete dupes the world with his tale of miraculous recovery from cancer, becoming a sports hero and beacon of hope, but can he outpace the truth?"
s3305,TV Show,Sam & Cat,Unknown,"Jennette McCurdy, Ariana Grande, Cameron Ocasio, Brandon Weaver, Zoran Korach, Dre Swain, Maree Cheatham, Eduardo Drummond, Alondra Hidalgo",United States,"November 5, 2019",2014,TV-PG,2 Seasons,"Kids' TV, TV Comedies","To earn cash, roommates Sam and Cat start a baby-sitting service – and quickly discover just what an adventure baby-sitting can be."
s5998,Movie,2015 Dream Concert,Unknown,"4Minute, B1A4, BtoB, ELSIE, EXID, EXO, Got7, INFINITE, KARA, Shinee, Sistar, VIXX, Nine Muses, BTS, Secret, Topp Dogg",South Korea,"April 28, 2017",2015,TV-PG,107 min,"International Movies, Music & Musicals","The world's biggest K-pop festival marked its 21st year in 2015, with groups such as EXO, 4Minute and SHINee electrifying the Seoul World Cup Stadium."
s627,TV Show,Sophie: A Murder in West Cork,John Dower,Unknown,Unknown,"June 30, 2021",2021,TV-MA,1 Season,"British TV Shows, Crime TV Shows, Docuseries",A shocking murder in rural Ireland sets off an increasingly convoluted quest for justice that spans decades and cuts across national borders.
s3214,Movie,Lagos Real Fake Life,Mike Ezuruonye,"Nonso Diobi, Mike Ezuruonye, Mercy Aigbe, Rex Nosa, Annie Macaulay Idibia, Ik Ogbonna, Nedu Wazobia, Uzee Usman, Odunlade Adekola, Mr Jollof, Efe Irele, Josh 2 Funny, Haillie Sumney, Emmanuella, MC Lively",Unknown,"November 29, 2019",2018,TV-MA,118 min,"Comedies, International Movies","Two mooching friends vie for the attention of wealthy, beautiful women only to discover that their lavish lifestyles are bogus."
s4076,Movie,My Ex & Whys,Cathy Garcia-Molina,"Liza Soberano, Enrique Gil, Joey Marquez, Cai Cortez, Arlene Muchlach, Ara Mina, Ryan Bang, Joross Gamboa, Jeffrey Tam, Neils Coleta",Philippines,"February 27, 2019",2017,TV-14,121 min,"Comedies, Dramas, International Movies","Popular blogger Cali is hired for a marketing campaign alongside another viral sensation: her ex-boyfriend Gio, who's intent on winning her back."
s7480,Movie,Molly's Game,Aaron Sorkin,"Jessica Chastain, Idris Elba, Kevin Costner, Michael Cera, Jeremy Strong, Chris O'Dowd, J.C. MacKenzie, Brian d'Arcy James, Bill Camp, Graham Greene, Justin Kirk, Brian d’Arcy James","China, Canada, United States","April 1, 2020",2017,R,141 min,Dramas,Former Olympian Molly Bloom ran a high-stakes poker game for the stars – until her lofty lifestyle nearly sent her to prison.
s1647,Movie,Mosul,Matthew Michael Carnahan,"Suhail Dabbach, Adam Bessa, Is'haq Elias, Qutaiba Abdelhaq, Ahmad El Ghanem, Hicham Ouarqa, Mohimen Mahbuba, Thaer Al-Shayei, Abdellah Bensaid, Faycal Attougui, Mohamed Attougui, Tarik Belmekki, Hayat Kamille, Seema Al Khalidi, Waleed Algadi",United States,"November 26, 2020",2020,TV-MA,103 min,"Action & Adventure, Dramas, International Movies","After his life is saved by a rogue Iraqi squadron, a young police officer joins them in their fight against ISIS in a decimated Mosul."
s3862,TV Show,Cupcake & Dino - General Services,Unknown,"Justin Collette, Mark Little, Kyle Dooley, Mark Forward, Joris Jarksy, Julie Lemieux, Kayla Lorette, Julie Sype","Canada, Brazil","May 3, 2019",2019,TV-Y7,2 Seasons,"Kids' TV, TV Comedies",An enterprising cupcake and his cheerful dinosaur brother take on jobs of all sorts as they work to help friends and strangers in their eccentric city.
s8512,Movie,The Social Network,David Fincher,"Jesse Eisenberg, Andrew Garfield, Justin Timberlake, Armie Hammer, Max Minghella, Josh Pence, Brenda Song, Rashida Jones, John Getz, David Selby",United States,"April 1, 2020",2010,PG-13,121 min,Dramas,Director David Fincher's biographical drama chronicles the meteoric rise of Facebook CEO Mark Zuckerberg from Harvard sophomore to Internet superstar.
s5733,TV Show,Love Now,Unknown,"Annie Chen, George Hu, Bobby Dou, Vivi Lee, Harry Chang, Esther Yang, Mandy Wei",Taiwan,"November 1, 2016",2012,TV-14,1 Season,"International TV Shows, Romantic TV Shows, TV Comedies","When her loved ones cook up a morbid plan to make her take time off from work, Yang Yiru goes on a vacation, truly believing she has terminal cancer."
s4986,TV Show,Tabula Rasa,Unknown,"Veerle Baetens, Stijn Van Opstal, Jeroen Perceval, Hilde Van Mieghem, Gene Bervoets, Peter Van den Begin, Natali Broods",Belgium,"March 15, 2018",2017,TV-MA,1 Season,"International TV Shows, TV Dramas, TV Mysteries","When a young woman with amnesia becomes a key figure in a missing persons case, she must reconstruct her memories to clear her name."
s8086,TV Show,Station Horizon,Unknown,"Bernard Yerlès, Roland Vouilloz, Gaspard Boesch, Alexandra Vandernoot, Marie Fontannaz, Lavinia Longhi, Baptiste Gilliéron",Switzerland,"September 1, 2016",2015,TV-MA,1 Season,"International TV Shows, TV Comedies, TV Dramas","Ex-con Joris returns to his Swiss hometown, a community obsessed with American culture and ideals, to start over and save his family's gas station."
s1839,Movie,In a Valley of Violence,Ti West,"Ethan Hawke, John Travolta, Taissa Farmiga, James Ransone, Karen Gillan, Toby Huss, Tommy Nohilly, Larry Fessenden, Michael Davis, Burn Gorman",United States,"October 16, 2020",2016,R,104 min,Action & Adventure,"After a quiet drifter is met with violence and bullying in a small town, he finds himself enmeshed in a vengeful struggle with the local marshal."
s5703,Movie,Rainbow Time,Linas Phillips,"Linas Phillips, Melanie Lynskey, Timm Sharp, Tobin Bell, Jay Duplass, Lauren Weedman, Artemis Pebdani, Reagan Yates, Austin Fryberger",United States,"December 1, 2016",2016,TV-MA,92 min,"Comedies, Dramas, Independent Movies","A developmentally disabled man obsessed with the Fonz, guns and all things kinky poses a challenge for his arrogant brother when he moves in with him."
s2923,TV Show,Palazuelos mi rey,Unknown,Roberto Palazuelos,Unknown,"February 13, 2020",2019,TV-14,1 Season,"International TV Shows, Reality TV, Spanish-Language TV Shows","This reality series follows entrepreneur and soap opera star Roberto Palazuelos as he builds his hotel empire and juggles riches, women and drama."
s2701,Movie,Born Beautiful,Perci Intalan,"Martin del Rosario, Lou Veloso, Chai Fonacier, Kiko Matos, Akihiro Blanco, Paolo Ballesteros",Philippines,"April 8, 2020",2019,TV-MA,96 min,"Comedies, Dramas, International Movies","After her best friend dies, Barbs attempts to rediscover herself until love leaves her true identity — and heart — in question."
s4022,Movie,Seven Sundays,Cathy Garcia-Molina,"Ronaldo Valdez, Aga Muhlach, Dingdong Dantes, Enrique Gil, Cristine Reyes, Donita Rose, Ketchup Eusebio, Kean Cipriano",Philippines,"March 14, 2019",2017,TV-MA,128 min,"Comedies, Dramas, International Movies","A dying father asks his busy and grown children to spend their Sundays with him, forcing his family to confront their issues before it's too late."
s2945,TV Show,Who Killed Malcolm X?,Unknown,Unknown,United States,"February 7, 2020",2020,TV-MA,1 Season,"Crime TV Shows, Docuseries","Decades after the assassination of African American leader Malcolm X, an activist embarks on a complex mission seeking truth in the name of justice."
s4402,Movie,"All's Well, End's Well (2009)",Vincent Kok,"Louis Koo, Sandra Ng Kwan Yue, Raymond Wong, Ronald Cheng, Yao Chen, Guo Tao, Heung Kam Lee, Chun Chau Ha, Miki Shum",Hong Kong,"November 9, 2018",2009,TV-14,99 min,"Comedies, International Movies, Romantic Movies","Bound by a family rule that forbids him from marrying until his stubborn sister gets hitched, a bachelor enlists the help of a love guru to woo her."
s3349,Movie,The Man Without Gravity,Marco Bonfanti,"Elio Germano, Michela Cescon, Elena Cotta, Silvia D'Amico, Vincent Scarito","Italy, Belgium","November 1, 2019",2019,TV-MA,107 min,"Dramas, International Movies",A gravity-defying boy raised in seclusion matures into an extraordinary man – and an international celebrity – who longs for human connection.
s1756,TV Show,Leah Remini: Scientology and the Aftermath,Unknown,"Leah Remini, Mike Rinder",United States,"November 1, 2020",2018,TV-14,3 Seasons,Docuseries,Former Scientology members share detailed accounts of alleged abuse and harassment by the Church in this docuseries from actress Leah Remini.
s497,Movie,Brick Mansions,Camille Delamarre,"Paul Walker, David Belle, RZA, Gouchy Boy, Catalina Denis, Ayisha Issa, Carlo Rota, Andreas Apergis, Richard Zeman, Robert Maillet","France, Canada, United States, Spain","July 7, 2021",2014,PG-13,90 min,"Action & Adventure, International Movies",An undercover police detective partners with an ex-convict to take down a drug kingpin amid grime and crime in a walled-off Detroit housing project.
s2207,Movie,Project Marathwada,Bhavin Wadia,"Om Puri, Seema Biswas, Kunal Sheth, Rahul Patel, Katarina Kajkus, Farrah Kader, Govind Namdeo, Dalip Tahil",India,"July 25, 2020",2016,TV-MA,103 min,"Dramas, Independent Movies, International Movies","After his son’s suicide, a debt-ridden farmer seeks justice from the government. But as his pleas are mocked and rebuffed, his own will to live erodes."
s4602,Movie,Race 2,"Abbas Alibhai Burmawalla, Mastan Alibhai Burmawalla","Anil Kapoor, Saif Ali Khan, John Abraham, Deepika Padukone, Jacqueline Fernandez, Ameesha Patel, Rajesh Khattar, Chunky Pandey",India,"October 1, 2018",2013,TV-14,139 min,"Action & Adventure, International Movies, Music & Musicals","In this sequel set in the world of horse racing, half-brothers Ranvir and Rajiv Singh return for another complex tale of love, greed and violence."
s4766,Movie,Nothing to Lose,Alexandre Avancini,"Petrônio Gontijo, Day Mesquita, Beth Goulart, Dalton Vigh, Eduardo Galvão, André Gonçalves, Marcello Airoldi",Brazil,"July 20, 2018",2018,PG,133 min,"Dramas, Faith & Spirituality, International Movies",This biographical drama traces the rise to fame of controversial Brazilian evangelical leader and business titan Edir Macedo.
s4633,TV Show,The Good Cop,Unknown,"Tony Danza, Josh Groban, Monica Barbaro, Isiah Whitlock Jr.",United States,"September 21, 2018",2018,TV-14,1 Season,"Crime TV Shows, TV Comedies, TV Dramas","When he's not solving murders, a pathologically honest detective tries to keep an eye on his crooked but kindhearted dad."
s2625,Movie,5Gang,Matei Dima,"Andrei Selaru, Dorian Popa, Julia Marcan, Ana Radu, Cosmin Nedelcu, Diana Condurache, Andrei Gavril, Luca Bogdan",Romania,"April 27, 2020",2019,TV-14,96 min,"Comedies, International Movies","To keep the band together, Selly tries to earn money by making an appearance at the birthday party of a mobster's daughter — until he gets kidnapped."
s1821,Movie,Heritages,Philippe Aractingi,"Philippe Aractingi, Diane Aractingi","Lebanon, United Arab Emirates, France, Switzerland, Germany","October 19, 2020",2014,TV-14,96 min,"Documentaries, International Movies","After being forced to leave his country three times, a Lebanese film director traces his roots and analyzes key moments of the nation's history."
s6582,Movie,Dear Dracula,Chad Van De Keere,"Nathan Gamble, Ray Liotta, Emilio Estevez, Ariel Winter, Matthew Lillard, Yuri Lowenthal, Marion Ross, Tara Strong",United States,"February 18, 2016",2012,TV-Y7-FV,43 min,"Children & Family Movies, Comedies","When he gets a fan letter from a young monster movie buff, Dracula visits him and soon has a new friend helping him to get his confidence back."
s8417,Movie,The Matrix Revolutions,"Lilly Wachowski, Lana Wachowski","Keanu Reeves, Laurence Fishburne, Carrie-Anne Moss, Hugo Weaving, Jada Pinkett Smith, Mary Alice, Harold Perrineau, Monica Bellucci, Harry Lennix, Lambert Wilson, Nona Gaye",United States,"November 1, 2019",2003,R,129 min,"Action & Adventure, Sci-Fi & Fantasy",The final installment in the Matrix trilogy finds an unconscious Neo trapped in a subway station in a zone between the Matrix and the machine world.
s2874,Movie,Ala Vaikunthapurramuloo,Trivikram Srinivas,"Allu Arjun, Pooja Hegde, Tabu, Sushanth, Nivetha Pethuraj, Jayaram, Murli Sharma",India,"February 27, 2020",2020,TV-14,162 min,"Action & Adventure, Comedies, Dramas","After growing up enduring criticism from his father, a young man finds his world shaken upon learning he was switched at birth with a millionaire’s son."
s1398,Movie,A Monster Calls,J.A. Bayona,"Lewis MacDougall, Sigourney Weaver, Felicity Jones, Liam Neeson, Toby Kebbell, Ben Moor, James Melville, Oliver Steer, Dominic Boyle, Geraldine Chaplin, Jennifer Lim","United Kingdom, Spain, United States","January 16, 2021",2016,PG-13,108 min,"Dramas, Sci-Fi & Fantasy","Overwhelmed by his mother’s illness, a young boy begins to understand human complexity through the fantastic tales of a consoling tree monster."
s8505,Movie,The Shaukeens,Abhishek Sharma,"Akshay Kumar, Annu Kapoor, Piyush Mishra, Lisa Haydon, Anupam Kher",India,"March 1, 2018",2014,TV-MA,123 min,"Comedies, International Movies, Music & Musicals",Three sexually frustrated men in their 60s have the adventure of a lifetime after meeting an intriguing young woman during a holiday in Mauritius.
s473,TV Show,Ridley Jones,Unknown,"Iara Nemirovsky, Laraine Newman, David Errigo Jr, Tyler Shamy, Ezra Menas, Ashlyn Madden, Sutton Foster",United States,"July 13, 2021",2021,TV-Y,1 Season,Kids' TV,Curious kid Ridley and her friends protect the Museum of Natural History’s treasures and keep its magical secret safe: Everything comes alive at night!
s7993,Movie,Shahanpan Dega Deva,Sudesh Manjrekar,"Bharat Jadhav, Ankush Chaudhari, Siddarth Jadhav, Santosh Juvekar, Vaibhav Mangale, Kranti Redkar, Manava Naik",India,"January 1, 2018",2011,TV-14,115 min,"Comedies, International Movies","At large in the city, five inmates of a mental asylum run up against the insanity of the outside world while trying to prevent a terrorist plot."
s5780,Movie,Unchained: The Untold Story of Freestyle Motocross,"Paul Taublieb, Jon Freeman",Josh Brolin,United States,"October 1, 2016",2016,TV-MA,92 min,"Documentaries, Sports Movies","This adrenaline-rush documentary traces the rise of freestyle motocross, arguably the world's most extreme sport, and spotlights its pioneers."
s146,Movie,House Party 2,"George Jackson, Doug McHenry","Christopher Reid, Christopher Martin, Martin Lawrence, Bowlegged Lou, Paul Anthony, B-Fine, Tisha Campbell, Kamron, Iman, Queen Latifah",United States,"September 1, 2021",1991,R,94 min,"Comedies, Cult Movies, Music & Musicals","Kid goes off to college with scholarship money but when Play loses Kid's tuition funds to a shady music promoter, they devise a wild plan to raise cash."
s5637,Movie,Casablancas: The Man Who Loved Women,Hubert Woroniecki,Unknown,France,"January 13, 2017",2016,TV-14,82 min,"Documentaries, International Movies",The rise and smash success of Elite modeling agency founder John Casablancas is chronicled in this biography of the man who invented the supermodel.
s3672,TV Show,Extreme Engagement,Unknown,"Tim Noonan, PJ Madam",Unknown,"July 12, 2019",2019,TV-MA,1 Season,"International TV Shows, Reality TV",An engaged couple travels the world for a year to explore marriage customs in diverse cultures. Will the journey bring them closer or tear them apart?
s5610,TV Show,Cyborg 009: Call of Justice,Unknown,"Keisuke Koumoto, Risa Taneda, Misato Fukuen, Takuya Sato, Satoshi Hino, Kenji Nomura, Mitsuaki Madono, Setsuji Sato, Haruki Ishiya, Ryo Sugisaki, Yui Makino, Kazuhiko Inoue, Yuko Kaida",Japan,"February 10, 2017",2017,TV-14,1 Season,"Anime Series, International TV Shows","Years after taking up normal lives incognito, the cyborgs are forced to fight again when the superhuman Blessed appear with a plan for humanity."
s2554,TV Show,The Eddy,"Damien Chazelle, Houda Benyamina, Laïla Marrakchi, Alan Poul","André Holland, Joanna Kulig, Amandla Stenberg, Leïla Bekhti, Tahar Rahim, Benjamin Biolay, Adil Dehbi, Melissa George, Lada Obradovic, Tchéky Karyo, Randy Kerber, Elyes Aguis, Damian Nueva Cortes","United Kingdom, Germany, United States, France","May 8, 2020",2020,TV-MA,1 Season,"International TV Shows, TV Dramas","The owner of a Paris jazz club gets tangled up with dangerous criminals as he fights to protect his business, his band and his teenage daughter."
s57,Movie,Naruto Shippuden the Movie: Blood Prison,Masahiko Murata,"Junko Takeuchi, Chie Nakamura, Rikiya Koyama, Kazuhiko Inoue, Masaki Terasoma, Mie Sonozaki, Yuichi Nakamura, Kengo Kawanishi, Kosei Hirota, Masako Katsuki",Japan,"September 15, 2021",2011,TV-14,102 min,"Action & Adventure, Anime Features, International Movies","Mistakenly accused of an attack on the Fourth Raikage, ninja Naruto is imprisoned in the impenetrable Hozuki Castle and his powers are sealed."
s1609,Movie,3 Days to Kill,McG,"Kevin Costner, Amber Heard, Hailee Steinfeld, Connie Nielsen, Tómas Lemarquis, Richard Sammel, Marc Andréoni, Bruno Ricci, Jonas Bloquet, Eriq Ebouaney","United States, France, Serbia","December 1, 2020",2014,PG-13,117 min,Action & Adventure,A terminally ill secret agent accepts a risky mission in exchange for an experimental drug that might save him – if he can survive its side effects.
s4681,Movie,Qarib Qarib Singlle,Tanuja Chandra,"Irrfan Khan, Parvathy, Neha Dhupia, Pushtii Shakti, Luke Kenny, Siddharth Menon, Bajrangbali Singh, Brijendra Kala",India,"August 28, 2018",2017,TV-14,120 min,"Comedies, International Movies, Romantic Movies","After reluctantly joining a dating app, a 35-year-old widow accompanies an easygoing poet on a trip to visit three of his exes."
s3287,TV Show,My Dear Warrior,Unknown,"Leo Putt, Pimchanok Luevisadpaibul, Suthada Jongjaiphar, Chatra Baude, Claudia Chakrapan, Oabnithi Wiwattanawarang, Varatta Vajrathon, Varot Makaduangkeo, Supasit Chinvinijkul",Thailand,"November 14, 2019",2019,TV-14,1 Season,"International TV Shows, Romantic TV Shows, TV Comedies","Love leaps off the page when an astronomer magically meets her comic book hero in the flesh, but learns that his fictional problems are very real."
s7545,Movie,"My Schoolmate, the Barbarian","Siu-hung Chung, Wong Jing","Nicholas Tse, Stephen Fung, Joey Yung, Samuel Pang, Serena Po, Ken Chung, Hyper BB, Ka Ho Yu, Frankie Chi-Hung Ng, Lai Hing Chan",Hong Kong,"August 16, 2018",2001,TV-14,90 min,"Action & Adventure, Comedies, International Movies","A brainy private school student is transferred to a far less elite institution, where he must fend off classmates who settle scores with fistfights."
s5997,Movie,20 Feet From Stardom,Morgan Neville,"Darlene Love, Merry Clayton, Lisa Fischer, Táta Vega, Claudia Lennear, Judith Hill, Bruce Springsteen, Mick Jagger, Stevie Wonder, Sting, Bette Midler, Cissy Houston, Sheryl Crow, Tata Vega",United States,"September 22, 2018",2013,PG-13,91 min,"Documentaries, Music & Musicals","Winner of the 2014 Academy Award for Best Documentary Feature, this film takes a look at the world of backup vocalists and the legends they support."
s7021,Movie,Hridaynath,Amar Gupte,"Jackie Shroff, Aditya Pancholi, Swarangi Maharte, Ameya Hunaswadkar, Urmila Matondkar",India,"January 1, 2018",2012,TV-14,103 min,"Dramas, International Movies",A schoolteacher known for his good deeds and benevolence takes a walk on the dark side after undergoing a heart transplant.
s4583,Movie,Luv Shuv Tey Chicken Khurana,Sameer Sharma,"Kunal Kapoor, Huma Qureshi, Rajesh Sharma, Vipin Sharma, Dolly Ahluwalia, Vinod Nagpal, Rahul Bagga, Rajendra Sethi, Munish Makhija, Herry Tangri",India,"October 1, 2018",2012,TV-14,129 min,"Comedies, International Movies, Romantic Movies","Fleeing London to evade a gangland debt collector, Omi Khurana returns to his native village in India, passing himself off as a successful lawyer."
s379,Movie,Fantastic Fungi,Louie Schwartzberg,Unknown,United States,"July 28, 2021",2019,TV-14,81 min,Documentaries,"Delve into the magical world of fungi, from mushrooms that clear oil spills to underground fungal networks that help trees communicate."
s314,TV Show,Autumn's Concerto,Unknown,"Ady An, Vanness Wu, Ann Hsu, Wu Kang-ren, Xiao Xiao Bin",Taiwan,"August 3, 2021",2009,TV-14,1 Season,"International TV Shows, Romantic TV Shows, TV Dramas","After losing all memories of his past, a wealthy lawyer travels to a rural village where a woman he once loved now lives with her son."
s1459,Movie,London Heist,Mark McQueen,"Craig Fairbrass, James Cosmo, Mem Ferda, Nick Moran, Steven Berkoff, Nathalie Cox, Roland Manookian, Eddie Webber, Tony Denham, Katie Clarkson-Hill",United Kingdom,"January 1, 2021",2017,R,96 min,Action & Adventure,"After a heist gone wrong, a career criminal gradually uncovers the hidden motive behind his father's murder – and it has nothing to do with money."
s5117,Movie,Jeremiah Tower: The Last Magnificent,Lydia Tenaglia,"Jeremiah Tower, Anthony Bourdain, Mario Batali, Ruth Reichl","Mexico, United States","December 20, 2017",2016,R,103 min,Documentaries,"This documentary profiles influential chef Jeremiah Tower, who played a pivotal role in the invention of a revolutionary new American cuisine."
s2917,Movie,Panipat - The Great Betrayal,Ashutosh Gowariker,"Sanjay Dutt, Arjun Kapoor, Kriti Sanon, Zeenat Aman, Mohnish Bahl, Padmini Kolhapure, Kunal Kapoor, Suhasini Mulay",India,"February 14, 2020",2019,TV-14,171 min,"Dramas, International Movies, Romantic Movies","In 18th-century India, a Maratha commander leads his army in preparation for a fierce battle against Afghan invaders in this film based on real events."
s7850,Movie,Regatta,Mohamed Samy,"Amr Saad, Ilham Shaheen, Rania Yousef",Egypt,"May 9, 2019",2015,TV-MA,100 min,"Action & Adventure, Dramas, International Movies",Inside one of Cairo's most impoverished areas exists a place where criminals control everything and everyone.
s2139,Movie,Christine,Antonio Campos,"Rebecca Hall, Michael C. Hall, Tracy Letts, Maria Dizzia, J. Smith-Cameron, Timothy Simons, Kim Shaw, John Cullum, Morgan Spector, Jayson Warner Smith","United Kingdom, United States","August 13, 2020",2016,R,119 min,"Dramas, Independent Movies","In a film based on true events, an awkward but ambitious TV reporter struggles to adapt when she's ordered to focus on violent and salacious stories."
s4474,Movie,Jefe,Sergio Barrejón,"Luis Callejo, Juana Acosta, Carlo D'Ursi, Josean Bengoetxea, Bárbara Santa-Cruz, Maica Barroso, Adam Jezierski, Sergio Quintana","Spain, Portugal","October 26, 2018",2018,TV-MA,90 min,"Comedies, Dramas, International Movies","A rude, self-centered businessman seems to be on the brink of losing everything until a night janitor at his office helps him find redemption."
s2097,TV Show,Million Dollar Beach House,Unknown,Unknown,United States,"August 26, 2020",2020,TV-MA,1 Season,Reality TV,The competition is fierce — and the drama undeniable — as a group of young and hungry agents try to seal the deal on luxury listings in the Hamptons.
s1736,Movie,One More Try,Ruel S. Bayani,"Angel Locsin, Angelica Panganiban, Dingdong Dantes, Zanjoe Marudo, Miguel Vergara, Gina Pareño, Carmina Villarroel, Agot Isidro",Philippines,"November 5, 2020",2012,TV-14,102 min,"Dramas, International Movies, Romantic Movies","When her son's condition becomes severe, a woman reconnects with the biological father. But the reunion puts a strain on their respective relationships."
s7535,Movie,My Dog is My Guide,Ismail Farouk,"Sameh Hussain, Hasan Abdulfattah, Sulayman Id, Ayten Amer, Hassan Hosny",Egypt,"April 18, 2019",2013,TV-14,99 min,"Comedies, International Movies","Relocated to a new post and struggling to adjust, a police officer further complicates his life by falling for a woman he has little in common with."
s7933,Movie,Sangam,Raj Kapoor,"Raj Kapoor, Vyjayanthimala, Rajendra Kumar, Lalita Pawar, Achala Sachdev, Hari Shivdasani, Raj Mehra, Iftekhar",India,"December 31, 2019",1964,TV-14,228 min,"Classic Movies, Dramas, International Movies","Returning home from war after being assumed dead, a pilot weds the woman he has long loved, unaware that she had been planning to marry his best friend."
s2902,Movie,Untamed Romania,Tom Barton-Humphreys,Unknown,"Romania, United Kingdom","February 20, 2020",2018,TV-PG,93 min,"Children & Family Movies, Documentaries, International Movies",This documentary explores how the legendary creatures of Romania's vast wilderness roam free yet endure the ever-changing seasons.
s7075,Movie,Indiscretion,John Stewart Muller,"Mira Sorvino, Cary Elwes, Christopher Backus, Katherine McNamara, Lisa Gay Hamilton, Melora Walters, Buck Taylor, Shane Callahan",United States,"February 1, 2017",2016,TV-MA,99 min,"Dramas, Thrillers","After a weekend fling with artist Victor, Veronica, a psychiatrist and politician's wife, becomes the target of Victor's dangerous romantic obsession."
s6821,TV Show,Gabru: Hip Hop Revolution,Unknown,"Amol Parashar, Harleen Sethi, Chaitanya Sharma, Priya Malik, Pratik Dixit",India,"June 1, 2018",2018,TV-14,1 Season,"International TV Shows, TV Dramas","Three young, aspiring Indian rappers make their way in a cutthroat music industry, dreaming of fame, stardom and ultimate hip-hop domination ."
s5668,TV Show,Goodbye My Wife,Unknown,"Soo-hyun Hong, Si Won Ryu, Ji-yoon Park, Min-soo Kim, Julien Kang, Joo-eun Oh, Seong-mo Jeong",South Korea,"December 15, 2016",2012,TV-14,1 Season,"International TV Shows, Korean TV Shows, Romantic TV Shows",A couple’s five-year marriage is put on the line when each of their first loves comes back hoping for another shot at romance.
s7266,Movie,Lalbaug Parel: Zali Mumbai Sonyachi,Mahesh Manjrekar,"Sachin Khedekar, Seema Biswas, Ankush Chaudhari, Satish Kaushik, Siddarth Jadhav, Shashank Shende, Sameer Dharmadhikari, Karan Patel, Veena Jamkar, Kashmira Shah",India,"March 15, 2018",2010,TV-MA,145 min,"Dramas, International Movies",Industrial workers struggle against the greed of their employers and the apathy of the government toward the conditions in which they live and work.
s2090,TV Show,Aggretsuko,Unknown,"Kaolip, Komegumi Koiwasaki, Maki Tsuruta, Sohta Arai, Rina Inoue, Shingo Kato, Yuki Takahashi",Japan,"August 27, 2020",2020,TV-14,3 Seasons,"Anime Series, International TV Shows","Frustrated with her thankless office job, Retsuko the Red Panda copes with her daily struggles by belting out death metal karaoke after work."
s2700,TV Show,The Circle France,Unknown,Unknown,Unknown,"April 9, 2020",2020,TV-MA,1 Season,"International TV Shows, Reality TV","Status and strategy collide in this social media competition where online players flirt, befriend and catfish their way toward 100,000 euros."
s7761,TV Show,Power Battle Watch Car,Unknown,"Sang-hyun Um, Tae-yeol Jeon, Yeong-wung Jeong, Hye-won Jeong, Yong-woo Shin, Jin-hong Bae, Do-hyeong Nam, Min-kyu Lee",Unknown,"June 1, 2017",2016,TV-Y7,1 Season,"Kids' TV, Korean TV Shows","Jino and his Watch Car, Bluewill, compete in the Battle League to become world champions. Meanwhile, a dark force threatens to destroy them all."
s6956,TV Show,Hell on Wheels,Unknown,"Anson Mount, Colm Meaney, Common, Dominique McElligott, Eddie Spears, Ben Esler, Phil Burke, Christopher Heyerdahl, Robin McLeavy, Tom Noonan","Canada, United Kingdom"," May 28, 2016",2016,TV-14,5 Seasons,"Crime TV Shows, TV Action & Adventure",Former Confederate soldier Cullen Bohannon sets out on a quest to find his wife's killer as post-Civil War America struggles to rebuild its identity.
s169,Movie,Osmosis Jones,"Bobby Farrelly, Peter Farrelly","Chris Rock, Laurence Fishburne, David Hyde Pierce, Brandy Norwood, William Shatner, Ron Howard, Kid Rock, Ben Stein",United States,"September 1, 2021",2001,PG,95 min,"Action & Adventure, Children & Family Movies, Comedies",Peter and Bobby Farrelly outdo themselves with this partially animated tale about an out-of-shape 40-year-old man who's the host to various organisms.
s3056,TV Show,Cells at Work!,Unknown,"Kana Hanazawa, Tomoaki Maeno, Daisuke Ono, Kikuko Inoue, Maria Naganawa, Takahiro Sakurai, Saori Hayami, Nobuhiko Okamoto, Yuichi Nakamura, Shoya Chiba, M・A・O, Ayako Kawasumi, Aya Endo, Hiroyuki Yoshino, Mamiko Noto",Japan,"January 1, 2020",2018,TV-PG,1 Season,"Anime Series, Teen TV Shows","One newcomer red blood cell just wants to do her job. Between bacteria incursions and meeting a certain white blood cell, she's got a lot to learn!"
s8129,Movie,Superman Returns,Bryan Singer,"Brandon Routh, Kate Bosworth, Kevin Spacey, James Marsden, Parker Posey, Frank Langella, Sam Huntington, Eva Marie Saint, Marlon Brando, Kal Penn",United States,"October 1, 2019",2006,PG-13,154 min,"Action & Adventure, Sci-Fi & Fantasy","When Superman returns to Metropolis, he finds that Lois Lane has moved on to another man and Lex Luthor is developing a new plan to rule the world."
s2778,TV Show,Unorthodox,Unknown,"Shira Haas, Amit Rahav, Jeff Wilbusch, Alex Reid, Ronit Asheri, Delia Mayer, Dina Doronne, David Mandelbaum, Yousef Sweid, Dennenesch Zoudé, Isabel Schosnig, Aaron Altaras, Tamar Amit-Joseph, Safinaz Sattar, Langston Uibel, Aziz Dyab",Germany,"March 26, 2020",2020,TV-MA,1 Season,"International TV Shows, TV Dramas",A Hasidic Jewish woman in Brooklyn flees to Berlin from an arranged marriage and is taken in by a group of musicians — until her past comes calling.
s5001,TV Show,Flint Town,Unknown,Unknown,United States,"March 2, 2018",2018,TV-MA,1 Season,"Docuseries, Science & Nature TV","Over a two-year period, filmmakers embedded with cops in Flint, Michigan, reveal a department grappling with volatile issues in untenable conditions."
s7316,Movie,Little Men,Ira Sachs,"Greg Kinnear, Jennifer Ehle, Paulina García, Alfred Molina, Michael Barbieri, Theo Taplitz, Talia Balsam, Maliq Johnson, Anthony A. Flamminio, Madison Wright, John Procaccino","United States, Greece, Brazil","January 12, 2017",2016,PG,85 min,"Dramas, Independent Movies",Jake and Tony become friends when Jake's dad inherits a home above Tony's mother's shop. Friendship is tested when Jake's dad raises the shop's rent.
s4628,TV Show,Battlefish,Unknown,Unknown,Unknown,"September 21, 2018",2018,TV-MA,1 Season,"Reality TV, Science & Nature TV, TV Action & Adventure","Over the course of a fishing season, tough men and women pursue lucrative albacore tuna in the competitive waters off the Oregon coast."
s2932,TV Show,Better Call Saul,Unknown,"Bob Odenkirk, Jonathan Banks, Michael McKean, Rhea Seehorn, Patrick Fabian, Michael Mando, Giancarlo Esposito",United States,"February 9, 2020",2018,TV-MA,4 Seasons,"Crime TV Shows, TV Comedies, TV Dramas","This Emmy-nominated prequel to ""Breaking Bad"" follows small-time attorney Jimmy McGill as he transforms into morally challenged lawyer Saul Goodman."
s4722,Movie,Fashion,Madhur Bhandarkar,"Priyanka Chopra, Kangana Ranaut, Mugdha Godse, Arbaaz Khan, Arjan Bajwa, Raj Babbar, Kiran Juneja, Samir Soni",India,"August 2, 2018",2008,TV-MA,158 min,"Dramas, International Movies",A small-town girl finally realizes her dream of becoming a famous supermodel but soon finds there's a price for her glamorous new life.
s2895,TV Show,Puerta 7,Unknown,"Dolores Fonzi, Esteban Lamothe, Carlos Belloso, Juan Gil Navarro, Daniel Aráoz, Antonio Grimau, Ignacio Quesada, Mónica Ayos, Daniel Valenzuela",Argentina,"February 21, 2020",2020,TV-MA,1 Season,"Crime TV Shows, International TV Shows, Spanish-Language TV Shows",A determined woman works to rid an Argentine soccer club of the violent crime and corruption surrounding its intense fanbase.
s249,TV Show,The Chair,Unknown,"Sandra Oh, Jay Duplass, Holland Taylor, David Morse, Bob Balaban, Nana Mensah, Everly Carganilla",Unknown,"August 20, 2021",2021,TV-MA,1 Season,"TV Comedies, TV Dramas","At a major university, the first woman of color to become chair tries to meet the dizzying demands and high expectations of a failing English department."
s7385,Movie,Mahjong Heroes,Li Pei-Chuan,"Patrick Tse, Betty Ting Pei, Hua Yueh, Chin Siu Ho, Lau Hak-Suen, Kwan Hoi-san",Hong Kong,"August 16, 2018",1981,TV-PG,92 min,"Comedies, International Movies","In this comedy, characters from all walks of life go head-to-head around the mahjong table in a high-stakes contest of different playing styles."
s1973,Movie,Black,Raja Chanda,"Soham Chakraborty, Bidya Sinha Mim, Ashish Vidyarthi, Rajatabha Dutta, Rudranil Ghosh, Kharaj Mukherjee",India,"September 19, 2020",2015,TV-14,137 min,"Action & Adventure, International Movies","A small-town man takes on a dangerous gangster to avenge his father, a police officer who ended his own life after being framed in a deadly crime."
s1114,Movie,2012,Roland Emmerich,"John Cusack, Amanda Peet, Chiwetel Ejiofor, Thandie Newton, Oliver Platt, Tom McCarthy, Woody Harrelson, Danny Glover, Liam James, Morgan Lily",United States,"April 1, 2021",2009,PG-13,158 min,"Action & Adventure, Sci-Fi & Fantasy","When a flood of natural disasters begins to destroy the world, a divorced dad desperately tries to save his family by outrunning the cataclysmic chaos."
s3495,Movie,Inside Man: Most Wanted,Michael J. Bassett,"Aml Ameen, Rhea Seehorn, Roxanne McKee, Urs Rechn, Akshay Kumar, Tanya van Graan, Andre Jacobs, Sven Ruygrok",United States,"September 24, 2019",2019,R,106 min,Action & Adventure,A hotshot NYPD negotiator butts heads with the FBI and meets his match in a meticulous criminal mastermind as she attempts to rob the Federal Reserve.
s8666,Movie,Urvi,Pradeep Verma,"Sruthi Hariharan, Shraddha Srinath, Shweta Pandit, Achyuth Kumar, Madhukar Niyogi, Prabhu Mundkur, Bhavani Prakash, Ananya Bhat",India,"January 15, 2018",2017,TV-MA,121 min,"Dramas, Independent Movies, International Movies","After getting tricked into working at a brothel, a medical student joins forces with two of her co-workers to fight their unscrupulous exploiters."
s8320,Movie,The Ghost Who Walks,Cody Stokes,"Garland Scott, Frank Mosley, Alexia Rasmussen, Gil Darnell, Dasha Nekrasova, Nattalyee Randall, Linda Kennedy, Peter Mayer, Curtis York, Dennis Lebby",United States,"April 7, 2020",2019,TV-MA,107 min,"Dramas, Independent Movies, Thrillers","Desperate to meet his daughter, a convict cuts a deal by ratting out his old boss. Free and searching for his family, he must dodge a hit on his life."
s3524,Movie,Tall Girl,Nzingha Stewart,"Ava Michelle, Griffin Gluck, Sabrina Carpenter, Paris Berelc, Luke Eisner, Clara Wilsey, Anjelika Washington, Rico Paris, Angela Kinsey, Steve Zahn",United States,"September 13, 2019",2019,TV-PG,103 min,"Children & Family Movies, Comedies, Romantic Movies","After years of slouching through life, 6-foot-1 teen Jodi resolves to conquer her insecurities and gets caught up in a high school love triangle."
s8409,Movie,The lynx,Stanisław Różewicz,"Jerzy Radziwiłowicz, Franciszek Pieczka, Piotr Bajor, Ryszarda Hanin, Janusz Paluszkiewicz, Henryk Machalica, Hanna Mikuć, Maria Klejdysz",Poland,"October 1, 2019",1982,TV-14,82 min,"Dramas, International Movies",A priest's duties are tested when a young guerrilla asks for absolution while confessing his plans to murder a local man he believes is a traitor.
s5461,Movie,Oh Darling Yeh Hai India,Ketan Mehta,"Shah Rukh Khan, Deepa Sahi, Javed Jaffrey, Anupam Kher, Amrish Puri, Tom Alter, Tinnu Anand, Sadashiv Amrapurkar, Tiku Talsania, Kader Khan",India,"June 1, 2017",1995,TV-14,154 min,"Action & Adventure, Comedies, International Movies",A penniless actor new to Mumbai and a beautiful woman he meets one fateful night try to stop a gangster from replacing India's president with a twin.
s3725,TV Show,Neon Genesis Evangelion,Unknown,"Megumi Ogata, Kotono Mitsuishi, Yuriko Yamaguchi, Megumi Hayashibara, Yuko Miyamura, Fumihiko Tachiki, Akira Ishida, Motomu Kiyokawa, Hiro Yuki, Miki Nagasawa, Takehito Koyasu, Tomokazu Seki, Tetsuya Iwanaga, Junko Iwao, Mugihito",Japan,"June 21, 2019",1995,TV-MA,1 Season,"Anime Series, International TV Shows","Fifteen years after the Second Impact, Shinji Ikari joins his father's group NERV as one of several teenage mecha pilots fighting the monstrous Angels."
s6829,Movie,Garuda Di Dadaku,Ifa Isfansyah,"Emir Mahira, Maudy Koesnaedi, Ikranagara, Aldo Tansani, Marsha Aruan, Ari Sihasale",Indonesia,"October 9, 2018",2009,TV-PG,96 min,"Children & Family Movies, Dramas, Sports Movies","A determined boy will do anything to become a great soccer player, despite the wishes of his grandfather."
s5745,TV Show,Containment,Unknown,"David Gyasi, Christina Marie Moses, Chris Wood, Kristen Gutoskie, Claudia Black, George Young, Hanna Mangan Lawrence, Trevor St. John",United States,"October 21, 2016",2016,TV-MA,1 Season,"TV Dramas, TV Thrillers","When a ferocious contagion sweeps through Atlanta, authorities impose a precarious quarantine on the city while scrambling to find a cure."
s7582,Movie,Next,Lee Tamahori,"Nicolas Cage, Julianne Moore, Jessica Biel, Thomas Kretschmann, Tory Kittles, José Zúñiga, Jim Beaver, Jason Butler Harner, Michael Trucco, Enzo Cilenti",United States,"July 1, 2019",2007,PG-13,96 min,"Action & Adventure, Sci-Fi & Fantasy",Las Vegas magician Cris can see a few minutes into the future and an FBI agent wants his help thwarting a nuclear attack.
s2405,TV Show,Curon,Unknown,"Valeria Bilello, Luca Lionello, Federico Russo, Margherita Morchio, Anna Ferzetti, Alessandro Tedeschi, Juju Di Domenico, Giulio Brizzi, Max Malatesta",Italy,"June 10, 2020",2020,TV-MA,1 Season,"International TV Shows, TV Dramas, TV Horror","After 17 years, a woman returns home with her teenage twins. When she mysteriously vanishes, her children must reckon with a shadowy family legacy."
s4134,Movie,Await Further Instructions,Johnny Kevorkian,"Sam Gittins, Grant Masters, Neerja Naik, Abigail Cruttenden, Kris Saddler, Holly Weston, David Bradley",United Kingdom,"February 2, 2019",2018,TV-MA,91 min,"Horror Movies, Sci-Fi & Fantasy","A family’s tense reunion turns terrifying when they get trapped in their home by an unknown force, and sinister commands begin appearing on their TV."
s8269,Movie,The Darkest Dawn,Unknown,Unknown,United Kingdom,"June 23, 2018",2016,TV-MA,75 min,"Action & Adventure, Independent Movies, International Movies",An aspiring filmmaker records the chaos of an alien invasion while struggling to stay alive with her sister and a bickering band of survivors.
s4438,Movie,Gaddar: the Traitor,Amitoj Mann,"Harbhajan Mann, Manpneet Grewal, Ashish Duggal, Girja Shankar, Shavinder Mahal, Rupinder Roopi, Anita Meet, Tarsem Paul, Balkaran Wadding, Bobby Sandhu",India,"November 1, 2018",2015,TV-14,126 min,"Dramas, International Movies, Thrillers",An Indian man who has become a major business mogul in Canada must return to his homeland where he's reviled due to being wrongly branded a traitor.
s4018,Movie,A Love Story,Maryo J. De los Reyes,"Maricel Soriano, Aga Muhlach, Angelica Panganiban, Dante Rivero, Chin Chin Gutierrez, Bobby Andrews, TJ Trinidad, Baron Geisler, John Arcilla, Gerald Madrid",Philippines,"March 14, 2019",2007,TV-14,117 min,"Dramas, International Movies, Romantic Movies","Self-made millionaire Ian thinks he's found happiness when he marries caring Joanna, but his love is put to the test when he meets stewardess Karyn."
s8021,TV Show,Silver Spoon,Unknown,"Pavel Priluchnyy, Karina Razumovskaya, Dmitry Shevchenko, Denis Shvedov, Alexander Oblasov, Igor Zhizhikin, Bogdan Stypka, Alexander Dyachenko",Russia,"September 15, 2017",2015,TV-MA,2 Seasons,"Crime TV Shows, International TV Shows, TV Action & Adventure","Forced to become an apprentice cop, cocky playboy Igor finds he's got a knack for police work. But his job soon takes him down a dark personal path."
s5675,TV Show,Merlin,James Hawes,"Colin Morgan, Bradley James, Katie McGrath, Angel Coulby, Richard Wilson, Anthony Head, John Hurt, Nathaniel Parker",United Kingdom,"December 15, 2016",2012,TV-PG,5 Seasons,"British TV Shows, International TV Shows, TV Action & Adventure","This family-oriented retelling of the King Arthur legend finds Merlin arriving in Camelot, where he hones his magic skills with the help of his uncle."
s4095,Movie,Genius,Suseenthiran,"Roshan, Priyaa Lal, Aadukalam Naren, Singam Puli, Meera Krishnan, Jayaprakash",India,"February 17, 2019",2018,TV-14,96 min,"Dramas, Independent Movies, International Movies",Extreme pressure from his father to excel at school during childhood has dangerous psychological effects on a brilliant but suicidal man’s adult life.
s8772,Movie,Yaara O Dildaara,Ksshitij Chaudhary,"Harbhajan Mann, Tulip Joshi, Kabir Bedi, Gulzar Chahal, Jonita, Gurpreet Ghuggi, Gurpreet Grewal, Neena Cheema, Sunita Dhir",India,"November 1, 2017",2011,TV-14,132 min,"Dramas, International Movies, Music & Musicals",The patriarch of a wealthy family with one industrious son and one who's a playboy arranges for the marriage of one to the woman the other loves.
s4720,Movie,7 Khoon Maaf,Vishal Bhardwaj,"Priyanka Chopra, Neil Nitin Mukesh, John Abraham, Irrfan Khan, Aleksandr Dyachenko, Annu Kapoor, Naseeruddin Shah, Vivaan Shah, Usha Uthup, Konkona Sen Sharma",India,"August 2, 2018",2011,TV-MA,148 min,"Dramas, International Movies, Thrillers","Spiced liberally with black comedy, this Bollywood drama follows the lethal love life of a woman who marries numerous men – only to find them flawed."
s6597,Movie,Detention Letter,Mohamed Samy,"Mohamed Ramadan, Dina El-Sherbiny, Eyad Nassar, Sayed Rajab, Walid Fawaz, Eman El-Assy",Egypt,"August 5, 2019",2017,TV-14,99 min,"Action & Adventure, International Movies",A man begins to regret his choices when his brother decides to join him as a member of the same terrorist organization.
s1188,Movie,Deadly Illusions,Anna Elizabeth James,"Kristin Davis, Dermot Mulroney, Greer Grammer, Shanola Hampton, Marie Wagenman, Shylo Molina, Abella Bala, Shaun Wu",United States,"March 18, 2021",2021,R,115 min,Thrillers,"After a bestselling novelist suffering from writer's block hires a new nanny for her children, the line between fiction and reality starts to blur."
s2992,TV Show,Rise of Empires: Ottoman,Unknown,"Charles Dance, Cem Yiğit Üzümoğlu, Tommaso Basili, Birkan Sokullu, Osman Sonant, Tolga Tekin, Damla Sönmez, Ushan Çakır, İlayda Akdoğan",Unknown,"January 24, 2020",2020,TV-MA,1 Season,Docuseries,Ottoman Sultan Mehmed II wages an epic campaign to take the Byzantine capital of Constantinople and shapes the course of history for centuries.
s6857,Movie,GLOW: The Story of the Gorgeous Ladies of Wrestling,Brett Whitcomb,Unknown,United States,"March 31, 2017",2012,NR,77 min,"Documentaries, Sports Movies","This engaging documentary chronicles the 1980s phenomenon ""The Gorgeous Ladies of Wrestling,"" which elevated its female grapplers to star status."
s8540,TV Show,The Tudors,Unknown,"Jonathan Rhys Meyers, Henry Cavill, James Frain, Anthony Brophy, Guy Carleton, Sarah Bolger, Natalie Dormer, Max Brown, Nick Dunning, Rod Hallett, Maria Doyle Kennedy, Simon Ward","Ireland, Canada, United States, United Kingdom"," January 8, 2018",2010,TV-MA,4 Seasons,TV Dramas,All the splendor and scandal of England's 16th-century royal court comes to life in this series that follows notorious Tudor monarch Henry VIII.
s7812,Movie,Queen of the Desert,Werner Herzog,"Nicole Kidman, James Franco, Damian Lewis, Jay Abdo, Robert Pattinson, Jenny Agutter, David Calder, Christopher Fulford, Nick Waring, Holly Earl, Sophie Linfield","United States, Morocco","April 6, 2019",2015,PG-13,128 min,Dramas,"Driven beyond the bounds of convention, adventurer Gertrude Bell leaves turn-of-the-century Britain behind for the deserts of the Middle East."
s6577,Movie,Dead in a Week (Or Your Money Back),Tom Edmunds,"Tom Wilkinson, Aneurin Barnard, Freya Mavor, Marion Bailey, Christopher Eccleston, Nigel Lindsay, Velibor Topic",United Kingdom,"March 1, 2019",2018,TV-MA,90 min,Comedies,"After several failed attempts at taking his own life, a young man hires an aging assassin who’ll do anything to fend off retirement."
s4471,Movie,Dragon Tiger Gate,Wilson Yip,"Donnie Yen, Nicholas Tse, Shawn Yue, Dong Jie, Li Xiaoran, Yuen Wah, Chen Kuan Tai, Xing Yu, Vincent Sze, Tommy Yuen","Hong Kong, China","October 27, 2018",2006,TV-14,94 min,"Action & Adventure, International Movies",Dragon and his fellow students at Dragon Tiger Gate martial arts school team up to battle the ferocious villain Shibumi.
s3438,TV Show,Ultramarine Magmell,Unknown,"Kengo Kawanishi, M・A・O, Toshiyuki Morikawa, Hibiku Yamamura, Satoshi Mikami, Koji Yusa, Hiroshi Yanaka, Shiro Saito, Keiichi Sonobe",Japan,"October 10, 2019",2019,TV-14,1 Season,"Anime Series, International TV Shows","Decades after the sudden birth of a new continent, a young rescuer-for-hire provides aid to adventurers exploring this dangerous, uncharted world."
s7712,Movie,Passenger 57,Kevin Hooks,"Wesley Snipes, Bruce Payne, Tom Sizemore, Alex Datcher, Bruce Greenwood, Elizabeth Hurley, Michael Horse, Marc Macaulay, Ernie Lively",United States,"January 1, 2021",1992,R,84 min,Action & Adventure,Air marshal John Cutter must stop notorious terrorist Charles Rane from killing hostages on board a flight that should have delivered Rane to jail.
s6501,Movie,Closed Circuit,John Crowley,"Eric Bana, Rebecca Hall, Ciarán Hinds, Riz Ahmed, Anne-Marie Duff, Kenneth Cranham, Julia Stiles, Jim Broadbent, Denis Moschitto, Barbora Bobulova, Jemma Powell","United Kingdom, United States","October 16, 2017",2013,R,96 min,"Dramas, Thrillers","Martin and Claudia, top-flight lawyers who happen to be former lovers, become targets when they're teamed up to defend a notorious terrorist."
s1762,Movie,Little Monsters,Richard Greenberg,"Fred Savage, Howie Mandel, Daniel Stern, Margaret Whitton, Rick Ducommun, Frank Whaley, Ben Savage, William Murray Weiss, Devin Ratray, Amber Barretto",United States,"November 1, 2020",1989,PG,102 min,"Children & Family Movies, Comedies","Brian knows there are creatures under his bed. When he faces his fears and confronts them, however, he makes some hilariously weird new friends."
s8688,Movie,Waarrior Savitri,Param Gill,"Niharica Raizada, Rajat Barmecha, Lucy Pinder, Om Puri, Gulshan Grover, Tim Man, Ron Smoorenburg, KaramVeer Chaudhary",India,"November 1, 2017",2016,TV-14,120 min,"Action & Adventure, International Movies, Sci-Fi & Fantasy","In a modern adaptation of a mythological tale, a devoted wife is willing to do whatever it takes to rescue her husband from the clutches of death."
s1091,Movie,Story of Kale: When Someone's in Love,Angga Dwimas Sasongko,"Ardhito Pramono, Aurélie Moeremans, Arya Saloka, Roy Sungkono, Gilbert Pohan, Azizah Hanum, Tanta Ginting",Indonesia,"April 8, 2021",2020,TV-PG,78 min,"Dramas, International Movies, Romantic Movies","After leaving a toxic relationship, Dinda embarks on a romance with Kale, whose view on love soon shatters as he wrestles with his own insecurities."
s6601,Movie,Devil's Gate,Clay Staub,"Amanda Schull, Milo Ventimiglia, Shawn Ashmore, Bridget Regan, Jonathan Frakes, Sarah Constible, Spencer Drever, Javier Botet",Canada,"July 16, 2020",2017,TV-MA,94 min,"Horror Movies, Sci-Fi & Fantasy, Thrillers","Seeking a missing woman in North Dakota, an FBI agent and a sheriff focus on her religious zealot husband but discover something far more sinister."
s4115,TV Show,Barbie Dreamhouse Adventures,Unknown,"America Young, Kirsten Day, Cassandra Morris, Cassidy Naber, Ritesh Rajan","United States, Canada","February 14, 2019",2018,TV-Y,3 Seasons,Kids' TV,Get to know Barbie and her BFFs – including next-door neighbor Ken – in this animated vlog of adventures filmed inside her family's new dreamhouse.
s6526,Movie,Concrete Football,"Jesse Adang, Syrine Boulanouar",Unknown,"Czech Republic, France","September 1, 2017",2016,TV-MA,52 min,"Documentaries, International Movies, Sports Movies","The development of professional soccer worldwide owes a great debt to the soccer – or ""football"" – that is played on the streets of France."
s3529,Movie,Bill Burr: Paper Tiger,Mike Binder,Bill Burr,"United States, United Kingdom","September 10, 2019",2019,TV-MA,67 min,Stand-Up Comedy,"Bill Burr unloads on outrage culture, male feminism, cultural appropriation, robot sex and more in a blistering stand-up special shot in London."
s7796,TV Show,Prince Jai Aur Dumdaar Viru,Bhavik Thakore,Unknown,Unknown,"October 18, 2020",2017,TV-Y,1 Season,"Kids' TV, TV Comedies","A prince and a commoner who are best friends keep having to thwart the plots of the prince's scheming, ambitious minister."
s3814,Movie,Maria,Pedring A. Lopez,"Cristine Reyes, Germaine De Leon, KC Montero, Ronnie Lazaro, Freddie Webb",Philippines,"May 17, 2019",2019,TV-MA,90 min,"Action & Adventure, International Movies","An ex-assassin tries to leave her dark past behind until a power-hungry gang targets her and her family, forcing her to summon her killer instincts."
s3916,Movie,Mumbai Matinee,Anant Balani,"Rahul Bose, Vijay Raaz, Anusha Dhandekar, Perizaad Zorabian, Saurabh Shukla, Asrani, Shehzad Khan",India,"April 15, 2019",2003,TV-14,116 min,"Comedies, International Movies, Romantic Movies","Still a virgin at 32 years old, a frustrated advertising agent gets the shock of his life when an unlikely chain of events turns him into a porn star."
s1261,Movie,Crazy About Her,Dani de la Orden,"Álvaro Cervantes, Susana Abaitua, Luis Zahera, Clara Segura, Aixa Villagrán, Paula Malia, Nil Cardoner, Txell Aixendri, Alberto San Juan",Spain,"February 26, 2021",2021,TV-MA,107 min,"Comedies, International Movies, Romantic Movies","After spending a wild night together, Adri discovers the only way to see Carla again is to become a patient at the psychiatric center where she resides."
s7446,Movie,Merantau,Gareth Evans,"Iko Uwais, Sisca Jessica, Christine Hakim, Mads Koudal, Yusuf Aulia, Alex Abbad, Yayan Ruhian, Laurent Buson, Donny Alamsyah, Ratna Galih",Indonesia,"February 13, 2019",2009,R,112 min,"Action & Adventure, Dramas, International Movies","In this fast-paced Indonesian thriller, a young martial arts master travels to Jakarta, where he saves an orphan from a human-trafficking ring."
s6851,Movie,Ghost Whispers,Kazuchika Kise,"Maaya Sakamoto, Ikkyu Juku, Kenichirou Matsuda, Tomoyuki Dan, Takuro Nakakuni, Yoji Ueda, Kazuya Nakai, Miyuki Sawashiro, Ikuya Sawaki, Takako Fuji",Japan,"February 24, 2019",2013,TV-14,56 min,"Action & Adventure, Anime Features, International Movies","Freed of her responsibilities for the 501 Organization, Motoko must now learn how to take orders from Aramaki."
s6149,Movie,American Warfighter,Jerry G. Angelo,"Jerry G. Angelo, Paul Logan, Joshua Santana, Carolina Castro, David Robbins, Michael King, Tom Crisp, Jennifer Marshall, Victoria Clare, Ryan Baumann, Isaac C. Singleton Jr., Said Faraj",United States,"September 13, 2019",2019,TV-MA,106 min,Dramas,"A Navy SEAL haunted by wartime memories tries to rebuild his life at home, even as one last mission threatens to unravel everything."
s8321,Movie,The Girl with the Dragon Tattoo,David Fincher,"Daniel Craig, Rooney Mara, Christopher Plummer, Stellan Skarsgård, Steven Berkoff, Robin Wright, Yorick van Wageningen, Joely Richardson, Geraldine James, Goran Visnjic","United States, Sweden, Norway","January 5, 2021",2011,R,158 min,"Dramas, Thrillers","When a young computer hacker is tasked with investigating a prying journalist, their separate missions become entangled amid a decades-old conspiracy."
s2646,TV Show,Ghost in the Shell: SAC_2045,Unknown,"Atsuko Tanaka, Osamu Saka, Akio Otsuka, Koichi Yamadera, Yutaka Nakano, Toru Okawa, Takashi Onozuka, Taro Yamaguchi, Sakiko Tamagawa, Megumi Han, Kenjiro Tsuda, Kaiji Soze, Shigeo Kiyama","Japan, United States","April 23, 2020",2020,TV-14,1 Season,"Anime Series, Crime TV Shows, International TV Shows","After a global financial crisis, the world is engulfed in an AI-driven ""sustainable war."" It's up to Section 9 to counter new forms of cyber threats."
s6559,Movie,Dancing Quietly,Philipp Eichholtz,"Martina Schöne-Radunski, Hans-Heinrich Hardt, Sebastian Fräsdorf, Claudia Jacob, Deleila Piasko, Tobias Borchers, Ruth Bickelhaupt",Germany,"April 1, 2017",2016,TV-MA,70 min,"Dramas, Independent Movies, International Movies","After years of battling a deep depression, a young woman attempts to pass an important exam with the help of a fellow student."
s4565,Movie,Dushman,Shagufta Rafique,"Kartar Cheema, Jashan Singh, Sakshi Gulati, Gulshan Grover, Savita Bhatti, Yashpal Sharma, Mohit Sharma, Sukhwinder Sohi",Unknown,"October 1, 2018",2017,TV-14,141 min,"Dramas, International Movies",An Indian hotel waiter forms an unlikely bond with a Pakistani colleague when the establishment’s criminal owner threatens to ruin both their lives.
s3354,Movie,Zoé: Panoramas,"Rodrigo Guardiola, Gabriel Cruz Rivas","Sergio Acosta, Jesús Báez, Ángel Mosqueda, Rodrigo Guardiola, León Larregui",Mexico,"November 1, 2019",2016,TV-MA,89 min,"Documentaries, International Movies, Music & Musicals",This introspective rockumentary follows the career triumphs and intimate moments of legendary Mexican band Zoé as they embark on a global tour.
s6629,Movie,Don't Crack Under Pressure II,Thierry Donard,"Davide Carrera, Eric Duguil, Jesse Richman, Richie Jackson, Loic Collomb-Patton, Wille Lindberg, Matt Annetts",France,"June 12, 2020",2016,TV-MA,88 min,"Action & Adventure, Documentaries, International Movies","Using state-of-the-art technology, this stunning sequel follows athletes pulling off daring feats under extreme conditions in extraordinary locations."
s8227,Movie,The Break-Up,Peyton Reed,"Vince Vaughn, Jennifer Aniston, Joey Lauren Adams, Cole Hauser, Jon Favreau, Jason Bateman, Judy Davis, Justin Long, Ivan Sergei, John Michael Higgins, Ann-Margret, Vernon Vaughn, Vincent D'Onofrio",United States,"July 16, 2019",2006,PG-13,107 min,"Comedies, Dramas, Romantic Movies",Cohabitating couple Gary and Brooke's petty spats turn into an all-out battle for their home condo.
s4823,Movie,Us and Them,Rene Liu,"Jing Boran, Zhou Dongyu, Zhuangzhuang Tian, Qu Zheming, Zhang Zixian",China,"June 22, 2018",2018,TV-MA,119 min,"Dramas, International Movies, Romantic Movies","Two strangers meet on a train and form a bond that evolves over the years. After a separation, they reconnect and reflect on their love for each other."
s5784,Movie,Audrie & Daisy,"Bonni Cohen, Jon Shenk",Unknown,United States,"September 23, 2016",2016,TV-MA,99 min,Documentaries,"In this wrenching documentary, two teens are sexually assaulted by boys they considered friends, humiliated online and harassed by their communities."
s2907,TV Show,On the Real,Tosin Coker,"Ini Dima Okojie, Akah Nnani, Nancy Isime, Maurice Sam, David Jones David, Angel Funto Johnson, Pearl Okorie, Tomiwa Tegbe, Peanut Omatsola",Nigeria,"February 16, 2020",2017,TV-MA,1 Season,"International TV Shows, TV Dramas",A group of reality stars transitions into their newly achieved fame while dealing with the demands of an obnoxious TV executive and their regular lives.
s2520,TV Show,Avatar: The Last Airbender,Unknown,"Zach Tyler, Mae Whitman, Jack De Sena, Dee Bradley Baker, Dante Basco, Jessie Flower, Mako Iwamatsu",United States,"May 15, 2020",2007,TV-Y7,3 Seasons,"Classic & Cult TV, Kids' TV, TV Action & Adventure","Siblings Katara and Sokka wake young Aang from a long hibernation and learn he's an Avatar, whose air-bending powers can defeat the evil Fire Nation."
s1779,TV Show,Kongsuni and Friends,Unknown,"Hong So-yeong, Choi Bo-bae, Kim Eun-ah, Jeong Hye-won, Bae Jin-hong, Um Sang-hyun, Cha Moo-jin, Jang Min-young, Jang Do-young, Kim Sook-young, Park Ran, Kim Chang-won, Park Yeon-kyung",Unknown,"October 30, 2020",2020,TV-Y,2 Seasons,"Kids' TV, Korean TV Shows",A bright-eyed girl and her magical owl sidekick find adventure when enchanting powers and creative ideas lead to important lessons.
s7015,Movie,How to Be a Latin Lover,Ken Marino,"Eugenio Derbez, Salma Hayek, Rob Lowe, Raphael Alejandro, Kristen Bell, Raquel Welch, Linda Lavin, Renée Taylor, Rob Riggle, Rob Corddry, Rob Huebel, Michael Cera, Michaela Watkins","Mexico, United States","November 1, 2019",2017,PG-13,116 min,Comedies,"When an aging Lothario gets the boot from his sugar mama, he must pull out all the stops to find a new female sponsor."
s8572,Movie,Theeram,Saheed Arafath,"Pranav Ratheesh, Maria Yohannan, Askar Ameer, Tini Tom, Anjali Nair, Krishna Prabha, Sudhi Koppa, Nandhan Unni",India,"July 1, 2018",2017,TV-14,104 min,"Dramas, International Movies, Romantic Movies","An auto rickshaw driver harbors a deep affection for a young woman, but his troubled past threatens to stand between them."
s7934,Movie,Santa Claws,Glenn Miller,"Nicola Lambo, Evan Boymel, John P. Fowler, Erica Duke, Ezra James Colbert",United States,"November 17, 2017",2014,TV-PG,86 min,"Children & Family Movies, Comedies","When a gift sack full of kittens gives Santa a bad allergic reaction, the kitties have to take over and deliver the presents on time."
s2660,TV Show,Middleditch & Schwartz,Ryan Polito,"Thomas Middleditch, Ben Schwartz",United States,"April 21, 2020",2020,TV-MA,1 Season,TV Comedies,Comedy duo Thomas Middleditch and Ben Schwartz turn small ideas into epically funny stories in this series of completely improvised comedy specials.
s8080,Movie,Staged Killer,Christopher Ray,"Chrishell Hartley, Jason Dolley, Darrin Dewitt Henson, Nicole Bilderback, Charlie O'Connell, Chasty Ballesteros, Lyman Chen, Declan Joyce, Frank Rossi, Josh Nuncio",United States,"June 28, 2019",2019,TV-14,88 min,Thrillers,"After a popular morning television host bumps into an old acquaintance with a dark past, her professional and personal lives begin to unravel."
s7322,TV Show,Liv and Maddie,Unknown,"Dove Cameron, Joey Bragg, Tenzing Norgay Trainor, Kali Rocha, Benjamin King",United States,"April 23, 2017",2017,TV-G,4 Seasons,"Kids' TV, TV Comedies","After four years in Hollywood as a television star, Liv returns to Wisconsin to discover that either she – or her family – has changed."
s1216,Movie,Romantik Komedi,Ketche,"Sedef Avcı, Cemal Hünal, Begüm Kütük, Engin Altan Düzyatan, Sinem Kobal, Gürgen Öz, Burcu Kara, Kubilay Penbeklioğlu",Turkey,"March 12, 2021",2010,TV-MA,110 min,"Comedies, International Movies, Romantic Movies","Bored with her life and inspired by a friend's wedding, Esra quits her job and dumps her boyfriend, leading to a series of romantic misadventures."
s7330,Movie,Loco Love,"Fernando Sariñana, José Luis Gutiérrez","Evan Deverian, Melany Bennet, Jordan T. Wilson, Adan Martín Rocha",Mexico,"July 30, 2017",2017,TV-MA,103 min,"Dramas, Independent Movies, International Movies",A young man and woman fall in love but are threatened to be torn apart by the tensions between their Latino and Caucasian communities in Arizona.
s5996,Movie,1st Summoning,Raymond Wood,"Hayley Lovitt, Teddy Cole, Brook Todd, Ace Harney, Jason Macdonald",United States,"July 26, 2019",2018,TV-MA,94 min,"Horror Movies, Independent Movies","Student filmmakers uncover occult rituals tied to an abandoned warehouse, then gradually realize the horror is closer than they think."
s926,TV Show,Angelina Ballerina,Unknown,Unknown,Unknown,"May 1, 2021",2010,TV-Y,2 Seasons,"British TV Shows, Kids' TV","Angelina is crazy about ballet dancing, even though she's a young mouse, and studies hard with a famous teacher to become a prima ballerina."
s5313,Movie,The Last Shaman,Raz Degan,James Freeman,"United Kingdom, Italy, Israel, Peru, United States","September 1, 2017",2016,TV-14,83 min,"Documentaries, International Movies","In a last-ditch effort to prevent suicide, a clinically depressed young man travels to the Amazon to engage in an ancient hallucinatory ritual."
s4082,Movie,Life of An Outcast,Pawan K Shrivastava,"Ravi Bhushan Bhartiya, Shalini Mohan, Bhaskar Jha, Manohar Pandey, Siddharth Bharadwaj, Jay Shanker Pandey, Deepak Jha, Komal Singh",India,"February 25, 2019",2018,TV-PG,80 min,"Dramas, Independent Movies, International Movies","When authorities jail his son for rejecting religious bias, a poor father’s struggle to bail him out highlights rural India’s enduring casteism."
s5391,TV Show,Against the Tide,Unknown,"Christopher Lee, Rui En, Desmond Tan, Zheng Geping, Zhang Zhenhuan, Paige Chua, Xu Bin, Carrie Wong",Singapore,"July 1, 2017",2014,TV-14,1 Season,"Crime TV Shows, International TV Shows, TV Dramas",A detective and a psychologist investigating a string of murders form a crime-solving team with the novelist whose work inspired the killings.
s1299,TV Show,Sisyphus,Unknown,"Cho Seung-woo, Park Shin-hye, Sung Dong-il, Tae In-ho, Chae Jong-hyeop, Jeong He-in, Kim Jong-tae, Choi Jung-woo, Go Yoon, Heo Joon-seok, Jeon Kook-hwan, Tae Won-seok",South Korea,"February 18, 2021",2021,TV-14,1 Season,"International TV Shows, TV Action & Adventure, TV Dramas",An unfathomable incident introduces a genius engineer to dangerous secrets of the world — and to a woman from the future who's come looking for him.
s1583,Movie,Triple 9,John Hillcoat,"Casey Affleck, Chiwetel Ejiofor, Anthony Mackie, Aaron Paul, Clifton Collins Jr., Norman Reedus, Woody Harrelson, Kate Winslet, Teresa Palmer, Michael Kenneth Williams, Gal Gadot",United States,"December 8, 2020",2016,R,115 min,"Dramas, Thrillers",A group of dirty Atlanta cops blackmailed by the Russian mob plan a seemingly impossible heist that sets off an explosive chain reaction of violence.
s7661,Movie,One Day,Banjong Pisanthanakun,"Chantavit Dhanasevi, Nittha Jirayungyurn, Theerapat Sajakul, Prim Bulakul, Kris Srepoomseth, Somyos Matures, Sutthatip Wutichaipradit, Rermthon Kemapech, Kaz Sawamura",Thailand,"September 5, 2018",2016,TV-PG,135 min,"Dramas, International Movies, Romantic Movies","When his colleague (and crush) temporarily loses her memory, an overlooked geek seizes the chance to make an impression before she remembers again."
s6201,Movie,Avengers: Infinity War,"Anthony Russo, Joe Russo","Robert Downey Jr., Josh Brolin, Mark Ruffalo, Tom Hiddleston, Chris Evans, Chris Hemsworth, Jeremy Renner, Chris Pratt, Elizabeth Olsen, Sebastian Stan, Benedict Cumberbatch, Paul Bettany, Cobie Smulders, Benedict Wong, Zoe Saldana, Karen Gillan, Vin Diesel, Dave Bautista, Bradley Cooper, Pom Klementieff, Scarlett Johansson, Benicio Del Toro, Anthony Mackie, Chadwick Boseman, Danai Gurira, Paul Rudd, Don Cheadle, Tom Holland",United States,"December 25, 2018",2018,PG-13,150 min,"Action & Adventure, Sci-Fi & Fantasy",Superheroes amass to stop intergalactic sociopath Thanos from acquiring a full set of Infinity Stones and wiping out half of all life in the universe.
s1751,TV Show,Dawson's Creek,Unknown,"James Van Der Beek, Katie Holmes, Michelle Williams, Joshua Jackson, Kerr Smith, Meredith Monroe, Busy Philipps, Mary Beth Peil",United States,"November 1, 2020",2002,TV-14,6 Seasons,"Romantic TV Shows, TV Dramas, Teen TV Shows","This nighttime soap about a group of close-knit teens frankly depicts the issues of adolescence that obsess young adults, including sex, sex and sex."
s6248,Movie,BASEketball,David Zucker,"Trey Parker, Matt Stone, Dian Bachar, Yasmine Bleeth, Jenny McCarthy, Ernest Borgnine, Robert Vaughn, Trevor Einhorn",United States,"November 1, 2018",1998,R,103 min,"Comedies, Sports Movies","When two slackers' made-up sport, BASEketball, becomes a national craze, they hope to cash in on the basketball/baseball hybrid's popularity."
s5690,Movie,Reggie Watts: Spatial,Benjamin Dickinson,Reggie Watts,United States,"December 6, 2016",2016,TV-MA,62 min,"Music & Musicals, Stand-Up Comedy","The comic innovator delivers a surreal set blending experimental songs, jokes about grits, guns and drugs, and other improvised comedy adventures."
s3081,Movie,Benchwarmers 2: Breaking Balls,Jon Rosenbaum,"Chris Klein, Jon Lovitz, Chelsey Reist, Lochlyn Munro, Liam Hughes, Jill Morrison, Zak Santiago, Garfield Wilson, Jonathan Silverman",United States,"December 31, 2019",2019,PG-13,90 min,"Comedies, Sports Movies",A rookie lawyer with an emasculating past in baseball can break into the legal world only if he manages a law firm's ragtag company softball team.
s5933,Movie,From One Second to the Next,Werner Herzog,Unknown,United States,"April 15, 2014",2013,TV-14,35 min,Documentaries,Werner Herzog chronicles the devastating consequences of texting and driving. The film examines how lives can be forever altered by a trivial text.
s2065,TV Show,Borgen,Unknown,"Sidse Babett Knudsen, Birgitte Hjort Sørensen, Pilou Asbæk, Emil Poulsen, Freja Riemann, Søren Malling, Thomas Levin, Benedikte Hansen, Mikael Birkkjær, Anders Juul, Lisbeth Wulff, Kasper Lange, Lars Knutzon, Søren Spanning, Christoph Bastrup, Morten Kirkskov, Bjarne Henriksen, Peter Mygind, Ole Thestrup, Iben Dorner, Dar Salim, Jens Albinus, Christian Tafdrup, Alastair Mackenzie, Julie Agnete Vang, Kristian Halken, Ricard Lawrence, Marie Askehave, Rikke Lylloff, Mille Dinesen, Anne Sofie Espersen",Denmark,"September 1, 2020",2012,TV-MA,3 Seasons,"International TV Shows, TV Dramas",A shocking turn of events puts Birgitte Nyborg in the Danish prime minister's seat as her country's first female leader in this landmark drama.
s4464,Movie,Vaya,Akin Omotoso,"Mncedisi Shabangu, Sihle Xaba, Sibusiso Msimang, Zimkhitha Nyoka, Warren Masemola, Nomonde Mbusi, Azwile Chamane, Harriet Lenabe",South Africa,"November 1, 2018",2016,TV-MA,106 min,"Dramas, Independent Movies, International Movies","Three youths from rural South Africa set out for Johannesburg, where they're thrust into the seedy underbelly of the city and must fight to survive."
s4714,Movie,Baaghi,Sabir Khan,"Tiger Shroff, Shraddha Kapoor, Sudheer Babu, Paras Arora, Sunil Grover, Sourav Chakraborty, Shaurya Bhardawaj",India,"August 4, 2018",2016,TV-14,127 min,"Action & Adventure, International Movies",A martial artist faces his biggest test when he has to travel to Bangkok to rescue the woman he loves from the clutches of his romantic rival.
s2043,TV Show,Cleverman,Unknown,"Hunter Page-Lochard, Rob Collins, Deborah Mailman, Ryan Corr, Stef Dawson, Iain Glen, Frances O'Connor, Tasma Walton, Tony Briggs","Australia, New Zealand, United States","September 5, 2020",2017,TV-MA,1 Season,"TV Dramas, TV Sci-Fi & Fantasy, TV Thrillers","In the near future, physically powerful beings known as ""Hairies"" struggle to survive in a segregated society dominated by hostile humans."
s4267,TV Show,7 Days Out,Unknown,Unknown,United States,"December 21, 2018",2018,TV-PG,1 Season,Docuseries,"Witness the excitement and drama behind the scenes in the seven days leading up to major live events in the worlds of sports, fashion, space and food."
s4386,Movie,The Ballad of Buster Scruggs,"Joel Coen, Ethan Coen","Liam Neeson, James Franco, Tim Blake Nelson, Tom Waits, Zoe Kazan, Brendan Gleeson",United States,"November 16, 2018",2018,R,133 min,"Comedies, Dramas","Ranging from absurd to profound, these Western vignettes from the Coen brothers follow the adventures of outlaws and settlers on the American frontier."
s3585,Movie,Super Monsters Back to School,Unknown,"Elyse Maloway, Vincent Tong, Erin Matthews, Andrea Libman, Alessandro Juliani, Nicole Anthony, Diana Kaarina, Gigi Saul Guerrero, Ian James Corlett, Britt McKillip, Kathleen Barr",Canada,"August 16, 2019",2019,TV-Y,24 min,Children & Family Movies,"The Super Monsters welcome Vida to her new home in Pitchfork Pines with a tour of their favorite places, then help her through her first day at school."
s605,Movie,The Life of David Gale,Alan Parker,"Kevin Spacey, Kate Winslet, Laura Linney, Gabriel Mann, Leon Rippy, Matt Craven, Rhona Mitra, Melissa McCarthy, Jim Beaver, Chris Warner","United Kingdom, Germany, Spain, United States","July 1, 2021",2003,R,130 min,Dramas,"When a Texas professor and advocate for the elimination of the death penalty is falsely accused of a crime, he ends up on death row himself."
s3856,TV Show,The Writer,Unknown,"Bassel Khayyat, Daniella Rahme, Nada Abou Farhat, Nicolas Daniel, Gabriel Yammine",Lebanon,"May 7, 2019",2019,TV-14,1 Season,"Crime TV Shows, International TV Shows, TV Dramas","When accused of a murder eerily parallel to a plot in his novel, a best-selling crime writer must navigate a web of hidden enemies."
s8276,Movie,The Devil and Father Amorth,William Friedkin,Unknown,"Italy, United States","July 23, 2018",2017,TV-PG,69 min,"Documentaries, Horror Movies","In Rome, ""Exorcist"" director William Friedkin follows a 91-year-old priest who performs a real demonic exorcism on a woman from a small Italian town."
s397,Movie,Blood Red Sky,Peter Thorwarth,"Peri Baumeister, Alexander Scheer, Kais Setti, Carl Koch, Gordon Brown, Roland Møller, Chidi Ajufo, Kai Ivo Baulitz, Graham McTavish, Dominic Purcell",Unknown,"July 23, 2021",2021,TV-MA,123 min,"Action & Adventure, Horror Movies, International Movies","When a group of terrorists hijacks an overnight transatlantic flight, a mysteriously ill woman must unleash a monstrous secret to protect her young son."
s784,Movie,Carnaval,Leandro Neri,"Giovana Cordeiro, Gkay, Bruna Inocencio, Samya Pascotto, Flavia Pavanelli, Micael Borges, Jean Pedro, Rafael Medrado, Nikolas Antunes, Stella Miranda",Brazil,"June 2, 2021",2021,TV-MA,95 min,"Comedies, International Movies, Music & Musicals","After a breakup, an influencer takes her friends on a free trip to Bahia's vibrant Carnival, where she learns life's not just about social media likes."
s8209,TV Show,The Bible's Buried Secrets,Unknown,Francesca Stavrakopoulou,United Kingdom,"February 1, 2019",2011,TV-14,1 Season,"British TV Shows, Docuseries, Science & Nature TV","Host Francesca Stavrakopoulou travels across the Middle East, offering extraordinary insights into the stories of the Old Testament."
s4142,TV Show,Littlest Pet Shop: A World of Our Own,Unknown,"Rhona Rees, Ingrid Nilson, Diana Kaarina, Travis Turner, Lili Beaudoin, Kyle Rideout, Vincent Tong, Alessandro Juliani, Ian Hanlin, Brittney Wilson, Bethany Brown, Tabitha St. Germain",United States,"February 1, 2019",2018,TV-Y7,2 Seasons,Kids' TV,"In Paw-Tucket, pets of all types form friendships, pursue their passions and have a great time being themselves."
s6657,Movie,E-Cigarettes: Miracle or Menace?,Emma Hatherley,Michael Mosley,United Kingdom,"February 1, 2019",2016,TV-14,52 min,Documentaries,This documentary investigates the surge in vaping culture and whether e-cigarettes can really help smokers kick the habit.
s7503,TV Show,Monster Math Squad,Unknown,"Julie Sype, Cory Doran, Annick Obonsawin, Jenna Warren",Canada,"May 15, 2020",2012,TV-Y,2 Seasons,Kids' TV,"Max, Lily and Goo love to put their minds together and use their math skills to overcome any obstacle, even ones with two left feet or ten thumbs."
s8322,TV Show,The Golden Years with Javed Akhtar,Unknown,Unknown,India,"June 1, 2017",2016,TV-G,1 Season,"Docuseries, International TV Shows","Writer, poet and lyricist Javed Akhtar hosts this musical trip down memory lane, revealing untold stories behind India's best songs of 1950-75."
s5577,Movie,Jim Norton: Mouthful of Shame,Shannon Hartman,Jim Norton,United States,"March 14, 2017",2017,TV-MA,62 min,Stand-Up Comedy,"In this unrestricted jaunt through a gleefully filthy mind, comic Jim Norton offers a personal perspective on romance, desire and sexual proclivities."
s8699,Movie,Warda,Hadi El Bagoury,"Nada Al Alfi, Bassel El Kadi, Samira Maqroun, Tareq Abdalla, Ahmed Awni, Emad Ghoniem, Abeer Mansour, Youssef Mohamed",Egypt,"April 18, 2019",2014,TV-14,73 min,"Horror Movies, Independent Movies, International Movies","When an aspiring documentarian returns to his hometown to investigate paranormal happenings, his girlfriend's mental health takes a troubling turn."
s8291,Movie,The Evil Dead,Sam Raimi,"Bruce Campbell, Ellen Sandweiss, Richard DeManincor, Betsy Baker, Theresa Tilly, Bill Vincent, Scott Spiegel, Ivan Raimi, David Horton, John Cameron, Ted Raimi",United States,"January 10, 2020",1981,TV-MA,85 min,"Classic Movies, Cult Movies, Horror Movies","During a stop at a remote cabin deep within the woods, a group of teens begins turning into flesh-eating zombies in director Sam Raimi's cult classic."
s3935,TV Show,Time: The Kalief Browder Story,Unknown,Unknown,United States,"April 7, 2019",2017,TV-MA,1 Season,Docuseries,"This series traces the tragic case of Kalief Browder, a Bronx teen who spent three horrific years in jail, despite never being convicted of a crime."
s3691,TV Show,Designated Survivor: 60 Days,Unknown,"Ji Jin-hee, Lee Jun-hyuk, Heo Jun-ho, Kang Han-na, Bae Jong-ok, Kim Gyu-ri, Son Suk-ku, Choi Yoon-young, Lee Moo-saeng",South Korea,"July 2, 2019",2019,TV-14,1 Season,"International TV Shows, Korean TV Shows, TV Dramas","When the National Assembly suffers a catastrophic attack, Minister of Environment Park Mu-jin must find a way to lead Korea through the ensuing chaos."
s2464,Movie,Grandmother's Farm,Ahmed Zein,"Saeed Al-Sheryani, Yaser Alneyadi, Khaled Al-Nuaimi, Abdullah Al Hamiri, Abdullah Al-Ramsi, Muhammed Murshed, Meera Ali, Am Rashed, Amal Mohammed, Aisha Al Suwaidi",United Arab Emirates,"May 28, 2020",2014,TV-14,71 min,"Comedies, Horror Movies, International Movies",A guys' getaway to an isolated farm in the desert goes from fun to frightening when a mysterious guest crashes the party.
s2203,Movie,Banana Split,Ben Kasulke,"Hannah Marks, Liana Liberato, Dylan Sprouse, Luke Spencer Roberts, Jessica Hecht, Addison Riecke, Meagan Kimberly Smith, Haley Ramm",United States,"July 26, 2020",2020,TV-MA,84 min,"Comedies, Dramas, Independent Movies","Despite leaving for college, a heartsick teen tries to build a new friendship with a kindred spirit even though she's dating her ex-boyfriend."
s31,Movie,Ankahi Kahaniya,"Ashwiny Iyer Tiwari, Abhishek Chaubey, Saket Chaudhary","Abhishek Banerjee, Rinku Rajguru, Delzad Hiwale, Kunal Kapoor, Zoya Hussain, Nikhil Dwivedi, Palomi Ghosh",Unknown,"September 17, 2021",2021,TV-14,111 min,"Dramas, Independent Movies, International Movies","As big city life buzzes around them, lonely souls discover surprising sources of connection and companionship in three tales of love, loss and longing."
s7455,Movie,Midnight Special,Jeff Nichols,"Michael Shannon, Joel Edgerton, Kirsten Dunst, Adam Driver, Jaeden Martell, Sam Shepard, Bill Camp, Scott Haze, Paul Sparks","United States, Greece","September 7, 2020",2016,PG-13,112 min,"Action & Adventure, Sci-Fi & Fantasy","When his son exhibits supernatural powers, a father takes the youngster on the run to protect him from government authorities and religious fanatics."
s5762,Movie,LEGO Jurassic World: The Indominus Escape,Michael D. Black,"A.J. LoCascio, Sendhil Ramamurthy, Fred Tatasciore, Jake Johnson, Lauren Lapkus, Zachary Levi, BD Wong, David Gunning",United States,"October 4, 2016",2016,TV-Y7,25 min,"Children & Family Movies, Comedies",The scientists of Jurassic World create a captivating and terrifying new creature that loves hot dogs. But what happens when the hot dogs run out?
s1102,Movie,Escape from Planet Earth,Cal Brunker,"Rob Corddry, Brendan Fraser, Sarah Jessica Parker, William Shatner, Jessica Alba, Jane Lynch, George Lopez, Sofía Vergara, Craig Robinson, Ricky Gervais, Steve Zahn, Chris Parnell","United States, Canada","April 3, 2021",2013,PG,89 min,"Children & Family Movies, Comedies, Sci-Fi & Fantasy","This all-ages animated comedy follows the adventures of astronaut Scorch Supernova, a hero of the blue aliens who has a vast appetite for adventure."
s1068,TV Show,The Underclass,Pass Patthanakumjon,"Nannaphas Loetnamchoetsakun, Praewa Suthamphong, Sumitra Duangkaew, Tanutchai Wijitvongtong, Tarisa Preechatangkit, Natticha Chantaravareelekha, Miori Ohkubo, Pakwan Noijaiboon, Napaphat Worraphuttanon, Vathusiri Phuwapunyasiri, Rinrada Inthaisong, Suchaya Saenkhot, Mananya Kaoju, Kandis Wanarun, Ekapol Deebunmee, Panta Pattanaampaiwong, Rachaya Tupkunanon, Supasawad Buranawech, Thitirat Rojsangrat, Sawanee Utoomma, Phattharanarin Mueanarit, Chanyapuk Numprasop",Thailand,"April 14, 2021",2020,TV-MA,1 Season,"International TV Shows, TV Dramas, Teen TV Shows","After getting dropped from an elite program, a student gets tangled in the affairs of a high school gang while trying to find her own identity."
s5628,Movie,Cristela Alonzo: Lower Classy,Marcus Raboy,Cristela Alonzo,United States,"January 24, 2017",2017,TV-MA,67 min,Stand-Up Comedy,"The irrepressible Alonzo skewers Latino stereotypes, pricey luxuries and her mother's tough-love parenting in a night of sly and infectious comedy."
s4196,Movie,The Doll 2,Rocky Soraya,"Luna Maya, Herjunot Ali, Sara Wijayanto, Maria Sabta, Rydhen Afexi, Ira Ilva Sari, Shofia Shireen, Mega Carefansa, Wati Sudiyono, Princess Martinez",Indonesia,"January 15, 2019",2017,TV-MA,117 min,"Horror Movies, International Movies","A mother uses her deceased daughter’s doll as a medium to communicate with her, but the consequences are chilling. The second of the “Doll” films."
s4348,Movie,Roll With Me,Unknown,Unknown,United States,"December 1, 2018",2017,TV-MA,90 min,"Documentaries, Sports Movies","Backed by a crew of unlikely allies, newly sober paraplegic Gabriel Cordell teams up with his nephew for a grueling wheelchair trek across America."
s7219,Movie,Knock Knock,Eli Roth,"Keanu Reeves, Lorenza Izzo, Ana de Armas, Aaron Burns, Ignacia Allamand, Dan Baily, Megan Baily, Colleen Camp, Antonio Quercia","United States, Chile, Israel","November 1, 2020",2015,R,99 min,"Horror Movies, Thrillers",A devoted husband and father on his own for the weekend has his life turned inside out after giving shelter to two young women during a storm.
s2145,TV Show,GAME ON: A Comedy Crossover Event,Unknown,"Loretta Devine, Tia Mowry-Hardrict, Anthony Alabi, Paul Wight, Allison Munn, Gabriel Iglesias, Sherri Shepherd, Paulina Chávez, Jencarlos Canela",United States,"August 10, 2020",2020,TV-G,1 Season,"Kids' TV, TV Comedies","Worlds collide in this special event featuring familiar faces, surprise cameos and stories of spirited competition from four different comedy series."
s5465,TV Show,The Day Will Come,Unknown,"Sofie Gråbøl, Lars Mikkelsen, Harald Kaiser Hermann, Albert Rudbeck Lindhardt, Laurids Skovgaard Andersen, Søren Sætter Lassen, Sonja Richter, David Dencik, Solbjørg Højfeldt, Lars Ranthe",Denmark,"June 1, 2017",2016,TV-14,1 Season,"International TV Shows, TV Dramas","In 1967, two brothers from Copenhagen, Denmark, wind up in an orphanage, where the headmaster's cruel tyranny slowly provokes the kids to push back."
s2168,Movie,Malibu Rescue: The Next Wave,Savage Steve Holland,"Ricardo Hurtado, Breanna Yde, Jackie R. Jacobson, Abby Donnelly, Alkoya Brunson, Jeff Meacham, Ella Gross, Carlos Sanson, JT Neal, Camaron Engels, Kirrilee Berger",United States,"August 4, 2020",2020,TV-G,71 min,"Children & Family Movies, Comedies","As summer returns to Malibu, Team Flounder takes to the beach to host — and unexpectedly compete in — the International Beachmaster Competition."
s8283,TV Show,The Drunk and on Drugs Happy Funtime Hour,Unknown,"John Paul Tremblay, Robb Wells, Maury Chaykin, Luke Gordon, Amy Sedaris, Jay Baruchel",Canada,"August 24, 2018",2011,TV-MA,1 Season,"International TV Shows, TV Comedies","A variety-show production trips up big time when the cast members take their roles to new heights, and the line between fact and fiction blurs."
s46,Movie,My Heroes Were Cowboys,Tyler Greco,Unknown,Unknown,"September 16, 2021",2021,PG,23 min,Documentaries,"Robin Wiltshire's painful childhood was rescued by Westerns. Now he lives on the frontier of his dreams, training the horses he loves for the big screen."
s5469,Movie,Sarah Silverman A Speck of Dust,Liam Lynch,Sarah Silverman,United States,"May 30, 2017",2017,TV-MA,71 min,Stand-Up Comedy,"In her first comedy special post-health scare, Sarah Silverman shares a mix of fun facts, sad truths and yeah-she-just-went-there moments."
s8127,Movie,Superbad,Greg Mottola,"Jonah Hill, Michael Cera, Christopher Mintz-Plasse, Bill Hader, Seth Rogen, Martha MacIsaac, Emma Stone, Aviva Baumann, Joe Lo Truglio, Kevin Corrigan",United States,"January 1, 2021",2007,R,113 min,"Comedies, Cult Movies","Hoping to have sex before college, high school seniors Seth and Evan try to score booze for a huge party, leading to a series of wild misadventures."
s4085,TV Show,Chef's Table,Unknown,Unknown,United States,"February 22, 2019",2019,TV-MA,6 Seasons,"Docuseries, Reality TV","In this Emmy-nominated docuseries, find out what's inside the kitchens and minds of the international culinary stars who are redefining gourmet food."
s5024,Movie,Derren Brown: The Push,Unknown,Derren Brown,United Kingdom,"February 27, 2018",2018,TV-MA,69 min,Movies,Mentalist Derren Brown engineers an audacious social experiment demonstrating how manipulation can lead an ordinary person to commit an appalling act.
s6949,Movie,Heal,Kelly Noonan,"Kelly Noonan, Deepak Chopra, Michael Beckwith, Joe Dispenza, Dr. Jeffrey Thompson, Gregg Braden, Joan Borysenko, Marianne Williamson",United States,"February 1, 2019",2017,TV-14,107 min,Documentaries,"Stories from spiritual leaders, physicians and those with chronic illnesses reveal the powerful connection between the human psyche and physical health."
s8355,Movie,The Hurricane Heist,Rob Cohen,"Toby Kebbell, Maggie Grace, Ryan Kwanten, Ralph Ineson, Melissa Bolona, Ben Cross, Jamie Andrew Cutler","United Kingdom, United States","September 26, 2018",2018,PG-13,103 min,Action & Adventure,A deadly hurricane with mile-high waves provides the perfect cover for stealing $600 million from a U.S. Treasury outpost in Mississippi.
s2748,Movie,Ungli,Renzil D'Silva,"Emraan Hashmi, Randeep Hooda, Kangana Ranaut, Sanjay Dutt, Neha Dhupia, Angad Bedi, Neil Bhoopalam, Shraddha Kapoor",India,"April 1, 2020",2014,TV-14,114 min,"Comedies, Dramas, International Movies","An undercover cop finds himself in a strange position after infiltrating a ""gang"" that pulls wildly popular pranks on corrupt officials in Mumbai."
s4259,Movie,The Birth Reborn 3,Eduardo Chauvet,Unknown,Unknown,"December 28, 2018",2018,TV-14,73 min,"Documentaries, International Movies","This intimate look at a São Paulo birth center features interviews with mothers, activists, doctors and midwives. Third in a series of films."
s5333,Movie,Demonic,Will Canon,"Maria Bello, Frank Grillo, Cody Horn, Dustin Milligan, Megan Park, Scott Mechlowicz, Aaron Yoo, Alex Goode, Terence Rosemore, Jesse Steccato",United States,"August 10, 2017",2015,R,83 min,"Horror Movies, Independent Movies","When amateur ghost hunters visit an abandoned house, their investigation turns into a massacre, leaving questions for a detective and a psychologist."
s5840,Movie,Sofía Niño de Rivera: Exposed,"Raúl Campos, Jan Suter",Sofía Niño de Rivera,Mexico,"June 24, 2016",2016,TV-MA,80 min,Stand-Up Comedy,Self-deprecating comic Sofía Niño de Rivera puts her sarcasm on full display in this stand-up special filmed live at Guadalajara's Degollado Theater.
s6714,Movie,Everybody Knows,Asghar Farhadi,"Penélope Cruz, Javier Bardem, Ricardo Darín, Eduard Fernández, Bárbara Lennie, Inma Cuesta, Elvira Mínguez, Ramón Barea, Carla Campra, Sara Sálamo, Roger Casamajor, José Ángel Egido","Spain, France, Italy","June 6, 2019",2019,R,133 min,"Dramas, International Movies, Thrillers","Journeying back to her small Spanish hometown for her sister's wedding, Laura must grapple with long-buried secrets when her daughter is abducted."
s4653,TV Show,Transformers: Robots in Disguise,Unknown,"Will Friedle, Darren Criss, Constance Zimmer, Khary Payton, Mitchell Whitfield, Stuart Allan, Ted McGinley, Peter Cullen",United States,"September 8, 2018",2016,TV-Y7,1 Season,Kids' TV,"When a prison ship crash unleashes hundreds of Decepticons on Earth, Bumblebee leads a new Autobot force to protect humankind."
s1672,Movie,The App That Stole Christmas,Monica Floyd,"Jackie Long, Diane Marie Howard, Jaylin Hall, Miguel A. Núñez Jr., Ray J, JayQ The Legend, J. Anthony Brown, Kenny Rhodes, Amber Cosich",United States,"November 20, 2020",2020,TV-PG,64 min,"Children & Family Movies, Comedies","A tech entrepreneur's Christmas shopping app is a smashing success, but he starts to realize his invention might be ruining the holiday spirit."
s7349,TV Show,Love Rain,Unknown,"Keun-suk Jang, Yoon-ah Im, Shi-hoo Kim, Eun-seo Son, In-guk Seo, Bo-ra Hwang, Jin-young Jung, Mi-sook Lee",South Korea,"May 1, 2018",2012,TV-PG,1 Season,"International TV Shows, Korean TV Shows, Romantic TV Shows","A story of two couples' journey of new love, loss and unexpected reunion spans decades, from the 1970s through present day."
s2627,Movie,The Lift Boy,Jonathan Augustin,"Moin Khan, Nyla Masood, Saagar Kale, Neha Bam, Aneesha Shah, Damian Alexander D'Souza, Kaustubh Narain, Shilpa Iyer, Nil Mani, Pallas Prajapati",India,"April 27, 2020",2020,TV-MA,107 min,"Dramas, Independent Movies, International Movies","When a lazy young man replaces his father as the elevator operator of a posh residential complex, what he sees as menial work soon takes on new meaning."
s5568,TV Show,Outback Truckers,Unknown,Unknown,Australia,"March 17, 2017",2015,TV-MA,3 Seasons,Reality TV,"Australia's toughest big-rig drivers brave wildfires, scorching deserts, treacherous downpours and chassis-deep mud to deliver their cargo on time."
s2634,Movie,She Made Me a Criminal,Amr Arafa,"Ahmed Helmy, Ghada Adel, Hassan Hosny, Riham Abdel Ghafour, Edward, Abdullah Moshref, Youssef Eid, Mohamed Sharaf",Egypt,"April 25, 2020",2006,TV-14,105 min,"Comedies, International Movies","In order to get her trust fund money from her wealthy but miserly father, a woman enlists a naive young man to help fake her own kidnapping."
s6452,TV Show,Chasing Monsters,Unknown,Cyril Chauquet,Canada," December 15, 2017",2016,TV-PG,2 Seasons,"Docuseries, Reality TV, Science & Nature TV",Adventurer Cyril Chauquet seeks out the most colossal and dangerous underwater creatures around the world in this adrenaline-packed series.
s7270,Movie,Last Ferry,Jaki Bradley,"Ramón O. Torres, Sheldon Best, Myles Clohessy, Larry Owens, Gabriel Sloyer",United States,"March 11, 2020",2019,TV-MA,86 min,"Dramas, Independent Movies, LGBTQ Movies","Seeking romance and friendship, a young gay lawyer travels to Fire Island in the off-season and is soon on the run after witnessing a murder."
s2510,Movie,Tarek's Situation,Wael Ehsan,"Ahmed Helmy, Nour, Majdi Kamel, Khaled El Sawy, Mais Hamdan, Moataza Abdel Sabour, Youssef Dawood, Youssef Fawzy, Mohamed Sharaf, Osama Munir",Egypt,"May 19, 2020",2006,TV-14,110 min,"Comedies, International Movies, Romantic Movies","Asked by his boss to share a woman's personal information, a mobile phone sales rep falls in love with the target whose data he's stealing."
s2102,TV Show,Baewatch: Parental Guidance,Unknown,Unknown,Unknown,"August 22, 2020",2019,TV-MA,1 Season,"British TV Shows, Reality TV, Romantic TV Shows","Couples go on a romantic getaway to test their relationships, not knowing their families are calling the shots and cringing over their every move."
s8333,Movie,The Great Gambler,Shakti Samanta,"Amitabh Bachchan, Zeenat Aman, Neetu Singh, Prem Chopra, Utpal Dutt, Madan Puri, Om Shivpuri, Iftekhar, Sujit Kumar, Roopesh Kumar",India,"December 31, 2019",1979,TV-14,161 min,"Action & Adventure, Classic Movies, Cult Movies","After unwittingly using his skills to obtain military secrets, a gambler is pursued by a police officer who happens to be his doppelgänger."
s2772,Movie,Uncorked,Prentice Penny,"Mamoudou Athie, Courtney B. Vance, Niecy Nash, Sasha Compère, Bernard D. Jones, Gil Ozeri, Matt McGorry, Meera Rohit Kumbhani",United States,"March 27, 2020",2020,TV-MA,104 min,"Dramas, Independent Movies",A young man feels torn between his dream of becoming a master sommelier and his father’s expectations that he’ll take over the family barbecue business.
s5968,Movie,'89,Unknown,"Lee Dixon, Ian Wright, Paul Merson",United Kingdom,"May 16, 2018",2017,TV-PG,87 min,Sports Movies,"Mixing old footage with interviews, this is the story of Arsenal's improbable win versus Liverpool in the final moments of the 1989 championship game."
s7037,Movie,I Am Bolt,"Benjamin Turner, Gabe Turner",Usain Bolt,United Kingdom,"October 1, 2017",2016,PG,107 min,"Documentaries, Sports Movies","Mixing archival footage with present-day interviews, Olympic champion and global icon Usain Bolt opens up about his athletic legacy."
s8652,Movie,Tyson,James Toback,"Mike Tyson, Trevor Berbick","United States, France","March 1, 2019",2008,R,90 min,"Documentaries, Sports Movies","In this surprisingly emotional documentary, heavyweight champ Mike Tyson analyzes the controversies surrounding his career and turbulent private life."
s7366,Movie,Mac & Devin Go to High School,Dylan C. Brown,"Snoop Dogg, Wiz Khalifa, Mike Epps, Teairra Mari, Derek Kane, Luenell, Teni Panosian, Paul Iacono, Andy Milonakis, Mystikal",United States,"April 20, 2016",2012,R,76 min,Comedies,"Devin Overstreet may be the class valedictorian, but he hasn't had much life experience. Enter Mac Johnson, a 10th-year senior and weed dealer."
s5119,TV Show,The Indian Detective,Unknown,"Russell Peters, Anupam Kher, Christina Cole, Mishqah Parthiephal, Hamza Haq, Meren Reddy, William Shatner","Canada, Germany, South Africa","December 19, 2017",2017,TV-14,1 Season,"Crime TV Shows, International TV Shows, TV Comedies","In this crime dramedy, a suspended Canadian cop visits his father in Mumbai and assists in investigating a huge criminal operation with links to home."
s6030,Movie,A Boy Called Po,John Asher,"Christopher Gorham, Julian Feder, Kaitlin Doubleday, Andrew Bowen, Caitlin Carmichael, Sean Gunn, Bryan Batt, Fay Masterson, Brian George",United States,"January 15, 2018",2016,PG,94 min,"Dramas, Sci-Fi & Fantasy","After his wife's death, an overworked engineer struggles to care for his son with autism, who regresses into a fantasy world to escape real-life bullying."
s6608,Movie,Diana: In Her Own Words,Unknown,Unknown,United Kingdom,"December 1, 2017",2017,TV-PG,113 min,"Documentaries, International Movies","Featuring archival footage and personal recordings, this documentary offers candid insight into the life of the beloved princess."
s7880,Movie,Rocky,John G. Avildsen,"Sylvester Stallone, Talia Shire, Burt Young, Carl Weathers, Burgess Meredith, Thayer David, Joe Spinell, Jimmy Gambina, Bill Baldwin",United States,"August 1, 2019",1976,PG,120 min,"Action & Adventure, Classic Movies, Dramas","Sylvester Stallone shot to fame as Rocky Balboa, an unknown fighter who's given a shot at fighting world champ Apollo Creed as a publicity stunt."
s3289,TV Show,Chief of Staff,Unknown,"Lee Jung-jae, Shin Mina, Lee Elijah, Kim Dong-jun, Jung Jin-young, Kim Kap-soo, Jung Woong-in, Im Won-hee, Kim Hong-pa",South Korea,"November 12, 2019",2019,TV-14,2 Seasons,"International TV Shows, Korean TV Shows, TV Dramas","As a chief of staff in the National Assembly, Jang Tae-jun influences power behind the scenes while pursuing his own ambitions to rise to the top."
s7698,Movie,Painted Faces,Alex Law,"Sammo Kam-Bo Hung, Ching-Ying Lam, Cheng Pei-pei",Hong Kong,"August 16, 2018",1988,TV-PG,108 min,"Dramas, International Movies","In this dramatized rendition, students undergo rigorous study at Master Yu's Peking Opera school, a cradle for future Hong Kong film stars."
s856,TV Show,Jurassic World Camp Cretaceous,Unknown,"Paul-Mikél Williams, Jenna Ortega, Sean Giambrone, Kausar Mohammed, Ryan Potter, Raini Rodriguez, Jameela Jamil, Glen Powell",United States,"May 21, 2021",2021,TV-Y7,3 Seasons,"Kids' TV, TV Action & Adventure, TV Sci-Fi & Fantasy",Six teens invited to attend a state-of-the-art adventure camp on Isla Nublar must band together to survive when the dinosaurs break out of captivity.
s5899,Movie,6 Years,Hannah Fidell,"Taissa Farmiga, Ben Rosenfield, Lindsay Burdge, Joshua Leonard, Jennifer Lafleur, Peter Vack, Dana Wheeler-Nicholson, Jason Newman, Molly McMichael",United States,"September 8, 2015",2015,TV-MA,80 min,"Dramas, Independent Movies, Romantic Movies","As a volatile young couple who have been together for six years approach college graduation, unexpected career opportunities threaten their future."
s7789,Movie,Power Rangers: Megaforce: The Robo Knight Before Christmas,James Barr,"Andrew M. Gray, Ciara Hanna, John Mark Loudermilk, Christina Masterson, Azim Rizk, Shailesh Prajapati, Ian Harcourt",United States,"January 1, 2016",2013,TV-Y7,24 min,Children & Family Movies,Robo Knight learns the meaning of Christmas from a group of children when he is mistaken for a donated Christmas toy and is shipped to a foreign land.
s4893,Movie,Pocoyo & Cars,Unknown,"Stephen Fry, Alex Marty",Unknown,"May 1, 2018",2015,TV-Y,19 min,Movies,"Pocoyo gears up for exciting car races and learns that friends, teamwork and imagination are what matter the most."
s7560,Movie,Naruto Shippuden : Blood Prison,Masahiko Murata,"Junko Takeuchi, Chie Nakamura, Rikiya Koyama, Kazuhiko Inoue, Masaki Terasoma, Mie Sonozaki, Yuichi Nakamura, Kengo Kawanishi, Kosei Hirota, Masako Katsuki",Japan,"September 1, 2017",2011,TV-14,102 min,"Action & Adventure, Anime Features, International Movies","Mistakenly accused of an attack on the Fourth Raikage, ninja Naruto is imprisoned in the impenetrable Hozuki Castle and his powers are sealed."
s353,Movie,The Edge of Seventeen,Kelly Fremon Craig,"Hailee Steinfeld, Woody Harrelson, Kyra Sedgwick, Haley Lu Richardson, Blake Jenner, Hayden Szeto, Alexander Calvert, Eric Keenleyside","United States, China","August 1, 2021",2016,R,105 min,"Comedies, Dramas",A troubled teenager finds high school life even less bearable after she catches her childhood best friend hooking up with her popular older brother.
s3021,TV Show,Soul Eater,Unknown,"Chiaki Omigawa, Laura Bailey, Emiri Kato, Kouki Uchiyama, Micah Solusod, Yumiko Kobayashi, Brittney Karbowski, Mamoru Miyano, Todd Haberkorn, Kaori Nazuka, Monica Rial, Akeno Watanabe, Jamie Marchi, Narumi Takahira, Cherami Leigh, Houko Kuwashima",Japan,"January 16, 2020",2008,TV-14,1 Season,"Anime Series, International TV Shows","Maka and the other students at the Death Weapon Meister Academy must kill 99 evil humans and one witch, absorbing their spirits when they die."
s2119,TV Show,Glitch Techs,Unknown,"Ricardo Hurtado, Monica Ray, Luke Youngblood, Scott  Kreamer, Dan Milano, Gunnar Sizemore, Zehra Fazal, Sandeep Parikh",United States,"August 17, 2020",2020,TV-Y7,2 Seasons,Kids' TV,Two teens work at a game store as a front for their actual job: Hunting video game monsters who've broken out into the real world.
s7405,TV Show,Marching Orders,Unknown,Unknown,United States,"August 3, 2018",2018,TV-14,1 Season,Docuseries,"A top-ranked college marching band’s members fight to keep their spots, memorize routines, tend to their social lives – and slay the competition."
s8411,Movie,The Magic Pill,Robert Tate,"Pete Evans, William Davis, Loren Cordain","United States, Australia, South Africa, United Kingdom","April 24, 2018",2017,TV-PG,90 min,Documentaries,"Doctors, farmers, chefs and others weigh in on the controversial ketogenic diet and its potential to eradicate common illnesses."
s5434,TV Show,28 Moons,Unknown,"Jin-sung Yang, Kyu-jong Kim, Tae-hwan Kang, Geummi",South Korea,"June 10, 2017",2016,TV-PG,1 Season,"International TV Shows, Korean TV Shows, Romantic TV Shows","When her fiancé acts strangely upon receiving a mysterious invitation, a florist sets out to find out the truth behind the tiny scrap of paper."
s3680,Movie,Aziz Ansari: RIGHT NOW,Spike Jonze,Aziz Ansari,United States,"July 9, 2019",2019,TV-MA,65 min,Stand-Up Comedy,"In a comedy special directed by Spike Jonze, Aziz Ansari shares deep personal insights and hilarious takes on wokeness, family and the social climate."
s3414,Movie,Verses of Love 2,Guntur Soeharjanto,"Fedi Nuril, Tatjana Saphira, Dewi Sandra, Chelsea Islan, Nur Fazura, Pandji Pragiwaksono, Arie Untung, Bront Palarae, Dewi Irawan",Indonesia,"October 18, 2019",2017,TV-14,127 min,"Dramas, Faith & Spirituality, International Movies","Now a lecturer in Edinburgh, Fahri tries to begin a new chapter as the love of his life, Aisha, volunteers in the Gaza Strip. Have they moved on?"
s29,Movie,Dark Skies,Scott Stewart,"Keri Russell, Josh Hamilton, J.K. Simmons, Dakota Goyo, Kadan Rockett, L.J. Benet, Rich Hutchman, Myndy Crist, Annie Thurman, Jake Brennan",United States,"September 19, 2021",2013,PG-13,97 min,"Horror Movies, Sci-Fi & Fantasy","A family’s idyllic suburban life shatters when an alien force invades their home, and as they struggle to convince others of the deadly threat."
s8466,Movie,The Prince & Me,Martha Coolidge,"Julia Stiles, Luke Mably, Ben Miller, Miranda Richardson, James Fox, Alberta Watson, John Bourgeois, Zachary Knighton, Eliza Bennett","United States, Czech Republic","October 1, 2020",2004,PG,111 min,"Comedies, Romantic Movies","A hardworking Wisconsin college student falls for her arrogant yet charming classmate, unaware that he's a Danish prince attending school incognito."
s6159,Movie,An Upper Egyptian,"Ismail Farouk, Hazem Fouda","Mohamed Ramadan, Randa El Behery, Nermin Maher, Inas El Naggar, Mayar El Gheity, Hassan Abdulfattah, Sabri Abdulmonem, Alaa Zenhom, Abdalah Mishrif, Mohamed Soliman",Egypt,"June 20, 2019",2014,TV-MA,85 min,"Comedies, Dramas, International Movies","Eager to settle down, Abdullah searches for the right woman to marry – but the one he truly longs for may not feel the same way."
s260,Movie,Pahuna,Paakhi Tyrewala,"Anmol Limbu, Ishika Gurung, Manju Chettri, Banita Lagun, Binod Pradhan, Mahindra Bajgai, Rupa Tamang, Saran Rai","India, Nepal","August 18, 2021",2018,TV-PG,82 min,"Comedies, Dramas, International Movies","Fleeing unrest in their native Nepal, three young siblings separated from their parents must beat the odds to survive on their own in India."
s4184,TV Show,The World's Most Extraordinary Homes,Unknown,"Piers Taylor, Caroline Quentin",United Kingdom,"January 18, 2019",2019,TV-G,3 Seasons,"British TV Shows, Docuseries, International TV Shows",Award-winning architect Piers Taylor and actress/property enthusiast Caroline Quentin travel the world to tour unconventional homes in extreme places.
s2378,Movie,The Nut Job,Peter Lepeniotis,"Will Arnett, Brendan Fraser, Gabriel Iglesias, Jeff Dunham, Liam Neeson, Katherine Heigl, Stephen Lang, Maya Rudolph, Sarah Gadon, James Rankin","Canada, South Korea, United States","June 18, 2020",2014,PG,85 min,"Children & Family Movies, Comedies","When his grouchy attitude gets him kicked out of the park, Surly the squirrel hatches a plan to rob Maury's Nut Shop to stock up for winter."
s6207,Movie,Bachelor Girls,Shikha Makan,Unknown,India,"March 1, 2018",2016,TV-MA,61 min,"Documentaries, International Movies","Through intimate interviews, this documentary explores the stigma facing independent women who seek housing in modern Mumbai."
s4903,Movie,Toc Toc,Vicente Villanueva,"Paco León, Alexandra Jiménez, Rossy de Palma, Nuria Herrero, Adrián Lastra, Oscar Martínez, Inma Cuevas, Ana Rujas, Carolina Lapausa",Spain,"May 1, 2018",2017,TV-MA,96 min,"Comedies, International Movies","A group of patients with OCD wait for their flight-delayed doctor to arrive for their appointments, forcing them to endure each other's oddball quirks."
s5430,Movie,Kanavu Variyam,Arun Chidambaram,"Jiya Anil Manne, Arun Chidambaram, T.P. Gajendran, Gnanasambandam, M. Ilavarasu, Yog Japee, Mayilsamy, Black Pandi",India,"June 15, 2017",2017,TV-PG,104 min,"Comedies, Dramas, International Movies","Despite doubts from fellow villagers who think he’s crazy, an ambitious dropout commits himself to solving a persistent local electricity crisis."
s4104,Movie,Fatso,Rajat Kapoor,"Ranvir Shorey, Gul Panag, Purab Kohli, Neil Bhoopalam, Gunjan Bakshi, Saurabh Shukla, Atul Kumar, Brijendra Kala, Bharati Achrekar, Rahul Vohra",India,"February 15, 2019",2012,TV-14,97 min,"Comedies, Dramas, International Movies","Killed too soon due to a clerical error in heaven, a man is sent back to earth with a new lease on life, this time in the body of his portly friend."
s6189,Movie,As Good as It Gets,James L. Brooks,"Jack Nicholson, Helen Hunt, Greg Kinnear, Cuba Gooding Jr., Skeet Ulrich, Shirley Knight, Yeardley Smith, Lupe Ontiveros",United States,"January 1, 2020",1997,PG-13,139 min,"Comedies, Romantic Movies","The structured world of a sour, obsessive-compulsive author crumbles when he's drawn into the lives of a stressed-out single mom and his gay neighbor."
s2680,Movie,Maurício Meirelles: Generating Chaos,Diego Pignataro,Maurício Meirelles,Brazil,"April 16, 2020",2020,TV-MA,63 min,Stand-Up Comedy,"Comedian Maurício Meirelles explores his chaotic mind with scathingly funny views on family, prejudices, turtles and more in this stand-up special."
s6423,Movie,Carol,Todd Haynes,"Cate Blanchett, Rooney Mara, Sarah Paulson, Kyle Chandler, Jake Lacy, John Magaro, Cory Michael Smith, Carrie Brownstein, Kevin Crowley, Nik Pajic","United Kingdom, United States, Australia","October 20, 2020",2015,R,119 min,"Dramas, LGBTQ Movies, Romantic Movies","In the 1950s, a glamorous married woman and an aspiring photographer embark on a passionate, forbidden romance that will forever change their lives."
s4137,Movie,Dear Ex,"Hsu Chih-yen, Mag Hsu","Roy Chiu, Hsieh Ying-xuan, Joseph Huang, Spark Chen",Taiwan,"February 1, 2019",2018,TV-MA,100 min,"Comedies, Dramas, International Movies","A teen navigates a bitter feud between his willful mom and a free-spirited man, who's the lover and insurance beneficiary of his recently deceased dad."
s1339,TV Show,Hache,Unknown,"Adriana Ugarte, Javier Rey, Eduardo Noriega, Marc Martínez, Ingrid Rubio, Pep Ambròs, Núria Prims, Roger Casamajor",Spain,"February 5, 2021",2021,TV-MA,2 Seasons,"Crime TV Shows, International TV Shows, Spanish-Language TV Shows","As Helena gains the love and trust of a dangerous heroin cartel leader in 1960s Barcelona, she hones the skills she needs to rise up the ranks."
s2180,Movie,The Ottoman Lieutenant,Joseph Ruben,"Michiel Huisman, Hera Hilmar, Josh Hartnett, Ben Kingsley, Haluk Bilginer, Affif Ben Badra, Paul Barrett, Jessica Turner","Turkey, United States","August 1, 2020",2017,R,111 min,"Dramas, Romantic Movies","As World War I looms, an American nurse travels to the Ottoman Empire on a medical mission, where she clashes with a dashing lieutenant."
s1165,Movie,Ni de coña,Fernando Ayllón,"Nathalie Seseña, Goyo Jiménez, José Juan Vaquero, Jordi Sánchez, Ricardo Quevedo, Carolina Noriega, Max Marieges, Kikín Fernández, Norma Nivia, Moi Camacho",Spain,"March 26, 2021",2020,TV-MA,97 min,"Comedies, International Movies","Trying to fix their relationships, four couples attend a spiritual retreat at a Caribbean resort, where temptation and mishaps add problems to the mix."
s5382,TV Show,Degrassi: Next Class,Stefan Brogren,"Amanda Arcuri, Amir Bageria, Soma Bhatia, Jamie Bloch, Stefan Brogren, Chelsea Clark, Reiya Downs, Ana Golja, Nikki Gould, Ricardo Hoyos, Ehren Kassam, Andre Kim, Lyle Lettau, Spencer MacPherson, Eric Osborne, Dante Scott, Olivia Scriven, Sara Waisglass, Richard Walters",Canada,"July 7, 2017",2017,TV-14,4 Seasons,"International TV Shows, TV Dramas, Teen TV Shows","Degrassi's next generation of high-tech newbies and returning students navigates real-world high school drama. If you're a teen, this is your life."
s1094,TV Show,The Big Day,Unknown,Unknown,India,"April 7, 2021",2021,TV-14,2 Seasons,"International TV Shows, Reality TV, Romantic TV Shows","For six engaged couples, happily ever after begins on a spectacular note in this eye-popping look at India’s multibillion-dollar wedding industry."
s5708,TV Show,Gilmore Girls: A Year in the Life,Unknown,"Lauren Graham, Alexis Bledel, Kelly Bishop, Scott Patterson, Yanic Truesdale, Matt Czuchry, Liza Weil, Milo Ventimiglia, Sean Gunn, Keiko Agena, Rose Abdoo, Melissa McCarthy",United States,"November 25, 2016",2016,TV-14,1 Season,"TV Comedies, TV Dramas, Teen TV Shows","Set nearly a decade after the finale of the original series, this revival follows Lorelai, Rory and Emily Gilmore through four seasons of change."
s6734,Movie,Fakta Ladh Mhana,Sanjay Jadhav,"Sachin Khedekar, Bharat Jadhav, Aniket Vishwasrao, Siddarth Jadhav, Sanjay Narvekar, Vaibhav Mangale, Santosh Juvekar, Sanjay Khapre, Mahesh Manjrekar",India,"February 15, 2018",2011,TV-14,150 min,"Action & Adventure, Dramas, International Movies","A young man enlists the help of his friends to avenge his uncle's death by taking on a powerful, unscrupulous politician."
s1173,Movie,Loyiso Gola: Unlearning,Kagiso Lediga,Loyiso Gola,South Africa,"March 23, 2021",2021,TV-MA,60 min,Stand-Up Comedy,"South African comedian Loyiso Gola serves up filter-free humor as he riffs about race, identity, politics, and a school prank gone embarrassingly wrong!"
s3010,Movie,A Fall from Grace,Tyler Perry,"Crystal Fox, Phylicia Rashad, Cicely Tyson, Bresha Webb, Mehcad Brooks, Adrian Pasdar, Tyler Perry",United States,"January 17, 2020",2020,TV-MA,121 min,"Dramas, Thrillers","When gentle, law-abiding Grace confesses to killing her new husband, her skeptical young lawyer sets out to uncover the truth. A film by Tyler Perry."
s4693,Movie,Mom,Ravi Udyawar,"Sridevi, Akshaye Khanna, Sajal Ali, Nawazuddin Siddiqui, Adnan Siddiqui, Pitobash, Abhimanyu Singh, Vikas Verma",India,"August 21, 2018",2017,TV-14,139 min,"Dramas, International Movies, Thrillers","After her stepdaughter is sexually assaulted at a party, a furious mother sets out to destroy the lives of the four perpetrators who walked away free."
s5401,Movie,Professor,Lekh Tandon,"Shammi Kapoor, Kalpana, Lalita Pawar, Parveen Choudhary, Salim, Pratima Devi, Rashid Khan, Bir Sakuja, Bela Bose, Ratnamala",India,"July 1, 2017",1962,TV-PG,163 min,"Comedies, Dramas, International Movies",A college grad in need of money must disguise himself as an old man to tutor two young women who are under the watchful eye of their strict aunt.
s7440,Movie,Melvin Goes to Dinner,Bob Odenkirk,"Michael Blieden, Stephanie Courtney, Annabelle Gurwitch, Matt Price, David Cross, Maura Tierney, Kathleen Roll, Jack Black, Jenna Fischer, Fred Armisen",United States,"July 1, 2018",2003,R,84 min,"Comedies, Dramas, Independent Movies","When Melvin and his friends gather for dinner, their casual conversation takes a sharp turn as they begin to disclose raw truths about themselves."
s2591,TV Show,Reckoning,Unknown,"Aden Young, Sam Trammell, Simone Kessell, Laura Gordon, Gloria Garayua, Mitzi Ruhlmann, Milly Alcock, Ed Oxenbould, Finn Little, Anthony Phelan, Diana Glenn, Lauren Pegus","Australia, United States","May 1, 2020",2019,TV-MA,1 Season,"Crime TV Shows, TV Dramas, TV Mysteries","When a local teen is murdered in their quiet, suburban community, two fathers intent on protecting their families must contend with their inner demons."
s4318,Movie,Dumplin',Anne Fletcher,"Danielle Macdonald, Jennifer Aniston, Odeya Rush, Maddie Baillio, Bex Taylor-Klaus, Luke Benward, Georgie Flores, Dove Cameron, Harold Perrineau, Kathy Najimy, Ginger Minj, Hilliary Begley",United States,"December 7, 2018",2018,PG-13,110 min,"Comedies, Dramas, Independent Movies","To prove a point about measuring up and fitting in, Texas teen Willowdean Dickson enters a local pageant run by her ex-beauty queen mom."
s4941,Movie,Todo lo que sería Lucas Lauriente,"Raúl Campos, Jan Suter",Lucas Lauriente,Argentina,"April 6, 2018",2018,TV-MA,78 min,Stand-Up Comedy,"In his stand-up set, Argentine comic Lucas Lauriente animatedly rattles off reflections on different generations and begs kids to stop saying ""goals."""
s2471,TV Show,Supergirl,Jesse Warn,"Melissa Benoist, Mehcad Brooks, Chyler Leigh, Jeremy Jordan, David Harewood, Calista Flockhart, Emma Tremblay, Adrian Pasdar, Katie McGrath, David St. Louis, Odette Annable, Floriana Lima, Erica Durance",United States,"May 25, 2020",2019,TV-14,5 Seasons,"TV Action & Adventure, TV Sci-Fi & Fantasy","To avert a disaster, Kara Danvers reveals her powers and true identity: She is Superman's cousin, now known as Supergirl, protector of National City."
s7719,TV Show,Pawn Stars,Unknown,"Corey Harrison, Richard Harrison, Rick Harrison, Austin ""Chumlee"" Russell",United States,"September 15, 2019",2010,TV-14,1 Season,Reality TV,"Father Richard Harrison, son Rick and grandson Corey appraise an array of strange objects brought into their Gold & Silver Pawn Shop in Las Vegas."
s1801,TV Show,Move,"Thierry Demaizière, Alban Teurlai",Unknown,United States,"October 23, 2020",2020,TV-MA,1 Season,"Docuseries, International TV Shows",Discover the brilliant dancers and choreographers who are shaping the art of movement around the world in this documentary series.
s2192,Movie,Retablo,Álvaro Delgado-Aparicio L.,"Junior Béjar Roca, Amiel Cayo, Magaly Solier, Hermelinda Luján, Mauro Chuchón, Claudia Solís, Coco Chiarella","Peru, Germany, Norway","July 30, 2020",2017,TV-MA,102 min,"Dramas, International Movies","High in the Andes, a teenage boy and his father work together as artisans. But their bond is shattered when the son learns of his father's secret life."
s8445,Movie,The Only Mother To You All,Wenn V. Deramas,"Ai-Ai de las Alas, Shaina Magdayao, Carlo Aquino, Alwyn Uytingco, Eugene Domingo, Deejay Durano, Serena Dalrymple, Jiro Manio, Yuki Kadooka, Cherry Pie Picache, Gloria Diaz",Philippines,"February 27, 2019",2008,TV-PG,106 min,"Comedies, International Movies","Raising her large family alone after her husband's death, Ina searches for work and finally lands the most unlikely job: president of the Philippines."
s7967,Movie,Season of the Witch,Dominic Sena,"Nicolas Cage, Ron Perlman, Christopher Lee, Stephen Campbell Moore, Stephen Graham, Ulrich Thomsen, Claire Foy, Robert Sheehan, Kevin Rees, Andrew Hefler",United States,"April 26, 2019",2011,PG-13,95 min,"Action & Adventure, Sci-Fi & Fantasy",A group of weary warriors transport a suspected witch believed to be responsible for spreading the devastating Black Plague.
s6072,Movie,Aadu 2,Midhun Manuel Thomas,"Jayasurya, Vinayakan, Sunny Wayne, Vijay Babu, Saiju Kurup, Vineeth Mohan, Unni Rajan P. Dev, Dharmajan Bolgatty, Indrans",India,"May 15, 2018",2017,TV-MA,150 min,"Comedies, International Movies","When Shaji Pappan and his gang of goofy outlaws find themselves low on funds, they plan to once again win a hefty prize in a tug-of-war competition."
s2786,TV Show,Barbie Dreamhouse Adventures: Go Team Roberts,Unknown,"America Young, Kirsten Day, Cassandra Morris, Cassidy Naber, Emma Galvin, Stephanie Sheh, Desirae Whitfield, Cristina Milizia, Lisa Fuson, Greg Chun, Ritesh Rajan, Eamon Brennan",Unknown,"March 21, 2020",2020,TV-Y,2 Seasons,Kids' TV,"As the Roberts family heads to Costa Rica to investigate a mermaid legend, Barbie takes on a summer job at a water park run by a devious boss."
s6602,TV Show,Devlok with Devdutt Pattanaik,Unknown,"Rasika Dugal, Devdutt Pattanaik",India,"October 15, 2018",2017,TV-PG,1 Season,International TV Shows,"Through chats with host Rasika Dugal, mythologist Devdutt Pattanaik explores the meaning and modern-day relevance of Indian folklore and philosophy."
s8223,Movie,The Boy in the Striped Pajamas,Mark Herman,"Asa Butterfield, Vera Farmiga, David Thewlis, Rupert Friend, David Hayman, Jack Scanlon, Amber Beattie, Sheila Hancock, Richard Johnson, Jim Norton","United Kingdom, United States","January 1, 2019",2008,PG-13,95 min,"Dramas, Independent Movies, International Movies","When his family moves from Berlin to Poland, a young boy befriends a boy who lives on the other side of the fence, unaware he's a Jewish prisoner."
s6900,Movie,Growing Up Coy,Eric Juhola,Unknown,United States,"January 6, 2017",2016,TV-PG,82 min,"Documentaries, LGBTQ Movies","Filmmakers follow a Colorado family's highly public battle for the rights of their transgender daughter, Coy, in a landmark civil rights case."
s3298,Movie,Paradise Beach,Xavier Durringer,"Sami Bouajila, Tewfik Jallab, Mélanie Doutey, Hugo Becker, Kool Shen, Hubert Koundé, Seth Gueko, Sonia Couling, Chalad Na Songkhla, Flore Bonaventura, Nessbeal, Dorian N'Goumou dit Dosseh, Hache-P",France,"November 8, 2019",2019,TV-MA,94 min,"Action & Adventure, Dramas, International Movies","Mehdi gets out of prison, planning to settle old scores. But first, he must reconnect with his gang, now living in an idyllic beach resort in Thailand."
s7001,Movie,Hostage to the Devil,Marty Stalker,Unknown,"Ireland, United Kingdom, Italy, United States","January 15, 2017",2016,TV-14,96 min,"Documentaries, International Movies","Follow the eerie story of Father Malachi Martin, a disenchanted priest whose belief in demonic possession would lead him to conduct several exorcisms."
s5537,Movie,Frat Star,"Grant S. Johnson, Ippsie Jones","Connor Lawrence, Justin Mark, Cathryn Dylan, Chris Elliott, Tyler Weaks, Max Sheldon, Austin Ramsey, Peter O'Connor, Nicole Balsam, Kaitlin Mesh",United States,"April 10, 2017",2017,TV-MA,85 min,Comedies,A freshman uninterested in joining a fraternity is convinced to pledge by a rich roommate who introduces him to a world darker than he ever dreamed.
s7083,TV Show,Inside the Mossad,Unknown,Unknown,Israel,"January 29, 2019",2017,TV-14,1 Season,"Docuseries, International TV Shows","In this documentary, dozens of former agents from the Mossad, Israel's foreign intelligence agency, reveal their top-secret operations."
s7518,Movie,Mr. Deeds,Steve Brill,"Adam Sandler, Winona Ryder, Peter Gallagher, Jared Harris, Allen Covert, Erick Avari, John Turturro, Peter Dante, Conchata Ferrell, Steve Buscemi",United States,"August 1, 2020",2002,PG-13,97 min,"Comedies, Romantic Movies","After inheriting a media empire, humble Longfellow Deeds moves to the Big Apple – where a reporter and a company bigwig are waiting to pounce on him."
s2620,Movie,Lembi 8 Giga,Ashraf Fayeq,"Mohamed Saad, Mai Ezz El-Din, Hassan Hosny, Youssef Fawzy, Youssef Eid, Ahmad Mounir, Khaled Talaat, Maged El Kedwany, Entsar, Maysara",Unknown,"April 28, 2020",2010,TV-MA,111 min,"Comedies, International Movies","To upgrade his life, a simple man fakes his credentials as a lawyer when sudden extraordinary abilities give him the talent to thrive."
s5728,TV Show,Inborn Pair,Unknown,"Annie Chen, Chris Wang, Hsieh Kun Da, Puff Kuo, Jennifer Hong",Taiwan,"November 1, 2016",2011,TV-14,1 Season,"International TV Shows, Romantic TV Shows, TV Comedies","Betrothed while in utero, a resort group president enters into an arranged marriage with a legal assistant. Despite their bickering, love blooms."
s2287,Movie,Pyaar Ka Punchnama 2,Luv Ranjan,"Kartik Aaryan, Nushrat Bharucha, Sonalli Sehgall, Sunny Singh, Ishita Raj, Omkar Kapoor, Sharat Saxena, Mona Ambegaonkar",India,"July 5, 2020",2015,TV-MA,136 min,"Comedies, Dramas, International Movies",Three young bachelors find the reality of relationships to be far removed from the idea of true romance that they had once pursued.
s7596,Movie,Norm of the North: Keys to the Kingdom,Tim Maltby,"Andrew Toth, Cole Howard, Maya Kay, Jennifer Cameron, Alan Marriott, Lee Tockar, Brian Drummond","India, United States","August 21, 2020",2019,TV-PG,92 min,Children & Family Movies,"When Norm the polar bear is framed for a crime he didn’t commit, his friends step up to help him clear his name."
s657,Movie,Love Is a Story,Cristina Jacob,"Raluca Aprodu, Dragoș Bucur, Ducu Darie",Romania,"June 21, 2021",2015,TV-MA,105 min,"International Movies, Music & Musicals, Romantic Movies","Two young artists, a violin player and an actress, fight to achieve their dreams and keep their relationship together during Christmastime."
s1316,Movie,Hate by Dani Rovira,Mario Briongos,Dani Rovira,Spain,"February 12, 2021",2021,TV-MA,83 min,Stand-Up Comedy,"From his hometown of Málaga, Dani Rovira reflects on human beings’ nonsensical hatred in this hilarious and unfiltered comedy special."
s7473,Movie,Mission of Honor,David Blair,"Iwan Rheon, Milo Gibson, Stefanie Martini, Marcin Dorociński, Krystof Hádek, Christopher Jaciow","United Kingdom, Poland","July 29, 2019",2018,TV-MA,107 min,"Action & Adventure, Dramas","As Hitler's Nazis threaten to take command of Britain's skies, a squadron of Polish pilots arrives to aid the Royal Air Force against a mutual enemy."
s3734,Movie,Adam Devine: Best Time of Our Lives,Jay Karas,Adam Devine,United States,"June 18, 2019",2019,TV-MA,59 min,Stand-Up Comedy,"Frenetic comic Adam Devine talks teen awkwardness, celebrity encounters, his ""Pitch Perfect"" audition and more in a special from his hometown of Omaha."
s123,Movie,In the Cut,Jane Campion,"Meg Ryan, Mark Ruffalo, Jennifer Jason Leigh, Nick Damici, Sharrieff Pugh, Kevin Bacon, Yaani King Mondschein, Heather Litteer","United Kingdom, Australia, France, United States","September 2, 2021",2003,R,118 min,Thrillers,"After embarking on an affair with the cop probing the murder of a young woman, an insular schoolteacher suspects her lover was involved in the crime."
s4170,Movie,Mi Obra Maestra,Gastón Duprat,"Guillermo Francella, Luis Brandoni, Raúl Arévalo, Andrea Frigerio, María Soldi, Mónica Duprat, Mahmoud Azim, Santiago Korovsky, Julio Marticorena, Alejandro Paker","Argentina, Spain","January 25, 2019",2018,TV-MA,105 min,"Comedies, International Movies","A sly art dealer tries to revive the career of his longtime pal, a surly painter, with a risky plan that tests their morals and friendship."
s6568,Movie,Darna Mana Hai,Prawal Raman,"Aftab Shivdasani, Antara Mali, Boman Irani, Isha Koppikar, Nana Patekar, Raghuvir Yadav, Rajpal Yadav, Revathy, Saif Ali Khan, Sameera Reddy, Sanjay Kapoor, Shilpa Shetty, Sohail Khan, Vivek Oberoi",India,"August 1, 2019",2003,TV-MA,116 min,"Horror Movies, International Movies, Thrillers","Stranded in a jungle when their car breaks down, six friends pass their time exchanging horror stories, unaware that they may be part of one themselves."
s794,Movie,Fools Rush In,Andy Tennant,"Matthew Perry, Salma Hayek, Jon Tenney, Carlos Gómez, Tomas Milian, Siobhan Fallon Hogan, John Bennett Perry, Stanley DeSantis, Suzanne Snyder, Anne Betancourt, Jill Clayburgh",United States,"June 2, 2021",1997,PG-13,109 min,"Comedies, Romantic Movies","When a one-night stand results in a pregnancy, two strangers with opposite personalities rush into marriage then must deal with the consequences."
s6917,Movie,Hank: Five Years from the Brink,Joe Berlinger,"Henry Paulson, Wendy Paulson",United States,"August 25, 2018",2013,TV-14,86 min,Documentaries,"From Joe Berlinger, director of the ""Paradise Lost"" trilogy, comes this documentary about controversial former U.S. Treasury Secretary Henry Paulson."
s2197,Movie,Redemption,Mickey Fonseca,"Gil Alexandre, Arlete Bombe, Rashid Abdul, Laquino Fonseca, Tomas Bie, Candido Quembo, Jorge Amade, Aldovina Chiziane",Mozambique,"July 29, 2020",2019,TV-MA,102 min,"Dramas, International Movies, Thrillers","Newly released from prison, a man returning to his girlfriend and their child subsequently learns about a dangerous debt taken by his late mother."
s5959,Movie,9,Shane Acker,"Elijah Wood, John C. Reilly, Jennifer Connelly, Christopher Plummer, Crispin Glover, Martin Landau, Fred Tatasciore, Alan Oppenheimer, Tom Kane",United States,"November 16, 2017",2009,PG-13,80 min,"Action & Adventure, Independent Movies, Sci-Fi & Fantasy","In a postapocalyptic world, rag-doll robots hide in fear from dangerous machines out to exterminate them, until a brave newcomer joins the group."
s8022,TV Show,Sin senos no hay paraíso,Unknown,"Carmen Villalobos, Catherine Siachoque, María Fernanda Yépez, Ramiro Meneses, Juan Diego Sánchez, Aylín Mujica, Fabián Ríos, Roberto Mateos","Colombia, Mexico, United States","May 15, 2017",2008,TV-14,1 Season,"International TV Shows, Spanish-Language TV Shows, TV Dramas","Inspired by a true story, this TV drama shadows a young Colombian woman who goes to shocking lengths to escape a life of poverty."
s3268,Movie,Guna 369,Arjun Jandyala,"Adithya Menon, Kartikeya Gummakonda, Anagha LK",India,"November 15, 2019",2019,TV-MA,143 min,"Action & Adventure, Dramas, International Movies",A pampered but kind-hearted average joe ditches his romancing and peacekeeping ways when he’s framed for a murder he didn’t commit.
s1071,Movie,Why Did You Kill Me?,Fredrick Munk,Unknown,United States,"April 14, 2021",2021,TV-MA,84 min,Documentaries,The line between justice and revenge blurs when a devastated family uses social media to track down the people who killed 24-year-old Crystal Theobald.
s4568,Movie,Haani,Amitoj Mann,"Sarabjit Cheema, Mahreen Kaleka, Harbhajan Mann, Anuj Sachdeva, Rupan Bal, Sonia Mann",India,"October 1, 2018",2013,TV-14,137 min,"Dramas, International Movies, Music & Musicals","When a man discovers that he can communicate with his grandfather's spirit, it leads to two love stories intertwining 50 years apart."
s4248,Movie,Tim Minchin: So F**king Rock,Matt Askem,Tim Minchin,United Kingdom,"December 31, 2018",2008,TV-MA,127 min,"Music & Musicals, Stand-Up Comedy",Comedic pianist Tim Minchin performs a host of his catchy songs that touch on everything from the Middle East to the healing power of canvas bags.
s5270,Movie,Barbie Dolphin Magic,Conrad Helten,"Erica Lindbeck, Shannon Chan-Kent, Kazumi Evans, Claire Corlett, Ciana Swales, Adrian Petriw, Maryke Hendrikse, Paul Dobson, Garry Chalk","United States, Canada","September 18, 2017",2017,TV-Y,64 min,Children & Family Movies,"While visiting Ken and exploring a coral reef, Barbie and her sisters make an amazing discovery and meet a mysterious new friend."
s2900,Movie,Pretville,Linda Korsten,"Marlee van der Merwe, Eugene Jensen, Marno van der Merwe, Lizelle de Klerk, Steve Hofmeyr, Sanet Ackermann, Terence Bridgett, Annette Engelbrecht, Rina Nienaber, Lizz Meiring",South Africa,"February 20, 2020",2012,TV-PG,95 min,"Comedies, International Movies, Music & Musicals",A farm boy and a greaser pluck at the heartstrings of their town's most beloved daughter while her mom faces old feelings when a pop star comes home.
s3228,Movie,The Irishman,Martin Scorsese,"Robert De Niro, Al Pacino, Joe Pesci, Harvey Keitel, Ray Romano, Bobby Cannavale, Anna Paquin, Stephen Graham, Stephanie Kurtzuba, Kathrine Narducci, Welker White, Jesse Plemons, Jack Huston, Domenick Lombardozzi, Louis Cancelmi, Paul Herman, Gary Basaraba, Marin Ireland, Sebastian Maniscalco, Steven Van Zandt",United States,"November 27, 2019",2019,R,209 min,Dramas,Hit man Frank Sheeran looks back at the secrets he kept as a loyal member of the Bufalino crime family in this acclaimed film from Martin Scorsese.
s3401,TV Show,Interior Design Masters,Unknown,Unknown,United Kingdom,"October 18, 2019",2019,TV-PG,1 Season,"British TV Shows, International TV Shows, Reality TV",Aspiring interior designers transform a variety of spaces from dowdy to delightful as they vie for a life-changing contract with a top London hotel.
s3840,TV Show,The Princess Weiyoung,Unknown,"Tiffany Tang, Luo Jin, Vanness Wu, Rachel Momo, Hsin Ai Lee",China,"May 10, 2019",2016,TV-14,1 Season,"International TV Shows, Romantic TV Shows, TV Dramas",A princess descended from a ruined noble family disguises herself as the woman who saved her life and embarks on a mission to avenge her loved ones.
s3105,Movie,Como caído del cielo,Pepe Bojórquez,"Omar Chaparro, Ana Claudia Talancón, Stephanie Cayo, Yare Santana, Angélica María, Manuel 'Flaco' Ibáñez, Laura De Ita",Mexico,"December 24, 2019",2019,TV-14,117 min,"Comedies, International Movies, Music & Musicals","To earn his place in heaven, legendary Mexican actor-singer Pedro Infante is sent back to Earth in an impersonator's body to mend his womanizing ways."
s6273,Movie,Before the Flood,Fisher Stevens,Leonardo DiCaprio,United States,"February 1, 2018",2016,PG,97 min,Documentaries,Leonardo DiCaprio crisscrosses the globe to investigate the consequences of man-made globe warming and the measures being taken to reverse it.
s1646,Movie,Larry the Cable Guy: Remain Seated,Brian Volk-Weiss,Larry the Cable Guy,United States,"November 26, 2020",2020,TV-14,68 min,Stand-Up Comedy,"With his signature call to ""Git-R-Done,"" Larry muses on swampy weather, late-night shopping at Walmart and other raunchy tales of life in rural America."
s8063,TV Show,Space Racers,Unknown,"Yuri Lowenthal, Meyer DeLeeuw, Johnny Yong Bosch, Phil Lollar, Alicyn Packard, Melissa Hutchison, Joseph J. Terry, Danny Katiana, Katie Leigh",United States,"March 31, 2020",2014,TV-Y,1 Season,Kids' TV,"Spaceships Eagle, Robyn, Hawk and their pals at the Stardust Space Academy rocket through the galaxy, teaching kids about the wonders of science."
s108,Movie,A Champion Heart,David de Vos,"Mandy Grace, David de Vos, Donna Rusch, Devan Key, Isabella Mancuso, Ariana Guido",United States,"September 4, 2021",2018,G,90 min,"Children & Family Movies, Dramas","When a grieving teen must work off her debt to a ranch, she cares for a wounded horse that teaches her more about healing than she expected."
s7026,Movie,Hungerford,Drew Casson,"Drew Casson, Georgia Bradley, Sam Carter, Tom Scarlett, Nigel Morgan, Colin Stark, Kitty Speed",United Kingdom,"June 23, 2018",2014,TV-MA,79 min,"Horror Movies, Independent Movies, International Movies","While filming his daily life for a media course, Cowen discovers his small English town may be under an ominous and otherworldly influence."
s1449,TV Show,Cobra Kai,Unknown,"Ralph Macchio, William Zabka, Xolo Maridueña, Martin Kove, Mary Mouser, Tanner Buchanan, Courtney Henggeler, Jacob Bertrand",United States,"January 1, 2021",2021,TV-14,3 Seasons,"TV Action & Adventure, TV Comedies, TV Dramas","Decades after the tournament that changed their lives, the rivalry between Johnny and Daniel reignites in this sequel to the ""Karate Kid"" films."
s8421,Movie,The Men Who Stare at Goats,Grant Heslov,"George Clooney, Ewan McGregor, Jeff Bridges, Kevin Spacey, Stephen Lang, Robert Patrick, Waleed Zuaiter, Stephen Root, Glenn Morshower, Nick Offerman, Tim Griffin, Rebecca Mader","United States, United Kingdom","June 4, 2019",2009,R,94 min,Comedies,"A journalist latches onto an unbelievable story in Iraq when he meets Lyn, a man of mysterious origins who reveals he was a ""warrior monk."""
s156,Movie,Labyrinth,Jim Henson,"David Bowie, Jennifer Connelly, Frank Oz, Kevin Clash, Anthony Asbury, Dave Goelz, Brian Henson, Ron Mueck, Karen Prell, Shari Weiser","United Kingdom, United States","September 1, 2021",1986,PG,101 min,"Action & Adventure, Children & Family Movies, Cult Movies","In Jim Henson's fantasy, teen Sarah embarks on a life-altering quest to rescue her little brother from the clutches of a treacherous goblin."
s908,Movie,In Our Mothers' Gardens,Shantrelle P. Lewis,Unknown,United States,"May 7, 2021",2020,TV-MA,85 min,Documentaries,An unplanned pregnancy upends the carefree lives of a young woman and her flatmate as they discover the struggles of single motherhood.
s5975,TV Show,แผนร้ายนายเจ้าเล่ห์,Unknown,"Chutavuth Pattarakampol, Sheranut Yusananda, Nichaphat Chatchaipholrat, Thassapak Hsu",Unknown,"March 30, 2019",2016,TV-14,1 Season,"International TV Shows, Romantic TV Shows, TV Comedies","When two brothers fall for two sisters, they quickly realize the age differences between them are too big to ignore."
s3263,Movie,The Green Inferno,Eli Roth,"Ignacia Allamand, Daryl Sabara, Nicolás Martínez, Lorenza Izzo, Ariel Levy, Magda Apanowicz, Sky Ferreira, Kirby Bliss Blanton, Aaron Burns, Ramón Llao, Richard Burgi","United States, Chile","November 16, 2019",2013,R,101 min,"Horror Movies, Independent Movies","Determined to save an Amazon tribe being squeezed by logging, a group of students finds nothing but trouble when their plane crashes in the jungle."
s5068,Movie,Todd Glass: Act Happy,Scott Moran,Todd Glass,United States,"January 23, 2018",2018,TV-MA,63 min,Stand-Up Comedy,Try to keep up as comedian Todd Glass delivers rapid-fire stand-up that bounces from his heart attack to his coming out to how to eat a Kit Kat.
s6225,Movie,Bana Masal Anlatma,Burak Aksak,"Hande Doğandemir, Fatih Artman, Devrim Yakut, Cengiz Bozkurt, Erdal Tosun, Berat Yenilmez, Ercan Yazgan, Sadi Celil Cengiz, Cihan Ercan, Burcu Biricik, Tarık Ünlüoğlu, Gürkan Uygun, Gökçe Bahadır",Turkey,"March 10, 2017",2015,TV-14,103 min,"Comedies, International Movies, Romantic Movies","Minibus driver Riza is a steady presence in his close-knit neighborhood, until he brings home a dreamy beauty and throws everything into chaos."
s4718,TV Show,Dinotrux Supercharged,Unknown,"Andrew Francis, Richard Ian Cox, Brian Drummond, Matt Hill, Ashleigh Ball, Paul Dobson",Unknown,"August 3, 2018",2018,TV-Y7,3 Seasons,Kids' TV,"Amped up with powers that make them faster, stronger and more agile than ever, the Dinotrux are back to face new challenges and meet new friends."
s496,Movie,Awon Boyz,Tolulope Itegboje,Unknown,Unknown,"July 7, 2021",2019,TV-MA,38 min,"Documentaries, International Movies",This documentary takes a close look at the lives and passions of the men and boys who hustle or run with a gang on the streets of Lagos.
s2339,Movie,Krishna and His Leela,Ravikanth Perepu,"Siddhu Jonnalagadda, Shraddha Srinath, Seerat Kapoor, Shalini Vadnikatti, Jhansi, Viva Harsha, Sampath Raj, Samyuktha Hornad",India,"June 25, 2020",2020,TV-MA,126 min,"International Movies, Romantic Movies","Torn between his past and present girlfriends, a confused bachelor’s indecisiveness spins a web of lies and cheating as he struggles to commit."
s8584,Movie,Thorne: Sleepyhead,Stephen Hopkins,"David Morrissey, Eddie Marsan, Aidan Gillen, O. T. Fagbenle, Lorraine Ashbourne, Natascha McElhone, Sara Lloyd-Gregory, Aisling Loftus, Sarah Niles, Joshua Close, Brian McCardie","United Kingdom, Australia, Canada, United States","November 2, 2016",2010,NR,125 min,"Dramas, International Movies","Investigating a series of attacks on young women, detective Tom Thorne is dragged back into the nightmares of his past as he races to find a killer."
s2312,Movie,Double Jeopardy,Bruce Beresford,"Tommy Lee Jones, Ashley Judd, Bruce Greenwood, Annabeth Gish, Roma Maffia, Jay Brazeau, Michael Gaston, Daniel Lapaine","United States, Germany, Canada","July 1, 2020",1999,R,105 min,Thrillers,"After being framed and serving time for her husband's supposed murder, Libby decides to kill her ""late"" husband for good."
s2210,Movie,Nimbe,Tope Alake,"Odunlade Adekola, Chimezie Imo, Sani Danja, Rachael Okonkwo, Broda Shaggi, Toyin Abraham, Kelechi Udegbe, Doyin Abiola, Molawa Davis",Nigeria,"July 24, 2020",2019,TV-MA,115 min,"Dramas, International Movies",A bullied teenager gravitates toward the acceptance he finds in a street gang but soon ends up involved in a world of drug abuse and organized crime.
s1268,Movie,Who Am I,Baran bo Odar,"Tom Schilling, Elyas M'Barek, Wotan Wilke Möhring, Antoine Monot Jr., Hannah Herzsprung, Stephan Kampwirth, Trine Dyrholm, Leopold Hornung, Leonard Carow",Germany,"February 26, 2021",2014,TV-MA,102 min,"International Movies, Thrillers","After his compatriots are murdered by Russian gangsters, a hacker confesses the history of his elite, fame-seeking group to a Europol investigator."
s2353,TV Show,Babies,Unknown,Unknown,United States,"June 19, 2020",2020,TV-14,2 Seasons,"Docuseries, Science & Nature TV","From nature to nurture, this docuseries explores the groundbreaking science that reveals how infants discover life during their very first year."
s7438,Movie,Melle,Binu Ulahhannan,"Amith Chakalakkal, Thanuja Karthik, Joy Mathew, Joju George, Krishna Prabha, Ambika Mohan, P. Balachandran, Illikkett Namboothiri",India,"August 1, 2018",2017,TV-PG,110 min,"Dramas, International Movies, Romantic Movies","After recovering from a tragic experience, a young woman makes a journey to her father's homeland and falls in love with a kind-hearted doctor."
s1556,TV Show,Grizzy et les Lemmings,Unknown,"Pierre-Alain de Garrigues, Josselin Charier",France,"December 12, 2020",2018,TV-Y,2 Seasons,"Kids' TV, TV Comedies","Strong, whip-smart Grizzy rules a Canadian forest, where he has his paws full with a family of frolicsome lemmings."
s3574,Movie,Our Planet - Behind The Scenes,Unknown,David Attenborough,United Kingdom,"August 20, 2019",2019,TV-G,63 min,Documentaries,Years spent recording footage of creatures from every corner of the globe is bound to produce a bit of drama. Here's a behind-the-scenes look.
s2977,TV Show,Unauthorized Living,Unknown,"José Coronado, Álex González, Claudia Traisac, Luís Zahera, Pilar Castro, Àlex Monner, Giulia Charm, Unax Ugalde, Ricardo Gómez, Ledicia Sola, Leonor Watling, Patrick Criado, Xabier Deive, Camila Bossa, María Guinea, Édgar Vittorino, Javier Abad, Daniel Currás, Mercedes Castro, Paula Morado, Paula Pier, Carmela Martins, Denis Gómez, Miguel Borines, Ana Villagrasa, Xavier Estévez, Carlos Hipólito",Spain,"January 31, 2020",2020,TV-MA,2 Seasons,"Crime TV Shows, International TV Shows, Spanish-Language TV Shows","When a Galician shipper and drug lord hiding his Alzheimer's disease plans to retire, his second-in-command plots to steal the empire from the heir."
s8350,TV Show,The House That Made Me,Unknown,Vinay Pathak,India,"March 31, 2017",2015,TV-PG,3 Seasons,"International TV Shows, Reality TV","With host Vinay Pathak, Indian celebrities return to their childhood homes to reconnect with the past and share stories of their journey to success."
s3720,TV Show,Bolívar,"Luis Alberto Restrepo, Andrés Beltrán, Jaime Rayo","Luis Gerónimo Abreu, José Ramón Barreto, Ernesto Benjumea, Félix Antequera, Jefferson Quiñones, Shany Nadan, María José Vargas, Hans Martínez, Mauro Mauad, Álvaro Bayona, Rosmeri Marval, Irene Esser, Nohely Arteaga",Colombia,"June 21, 2019",2019,TV-MA,1 Season,"International TV Shows, Romantic TV Shows, Spanish-Language TV Shows","This dramatization depicts the life – and loves – of Venezuelan Gen. Simón Bolívar, who helped liberate several Latin American countries from Spain."
s6580,Movie,Dean,Demetri Martin,"Demetri Martin, Kevin Kline, Gillian Jacobs, Rory Scovel, Ginger Gonzaga, Reid Scott, Mary Steenburgen, Briga Heelan, Christine Woods, Peter Scolari",United States,"March 15, 2020",2016,PG-13,94 min,"Comedies, Dramas, Independent Movies","As his father takes steps to move on, a New Yorker grieving his mom's death visits Los Angeles where new possibilities may bring him out of his funk."
s7120,Movie,Janaan,Azfar Jafri,"Armeena Rana Khan, Bilal Ashraf, Ali Rehman Khan, Hania Aamir, Usman Mukhtar, Nayyar Ejaz",Pakistan,"September 15, 2017",2016,TV-14,132 min,"Comedies, Dramas, International Movies","After 11 years in Canada, young Meena returns to her native Pakistan for a family wedding and becomes romantically entangled with an adopted cousin."
s2652,TV Show,Absurd Planet,Unknown,Afi Ekulona,United States,"April 22, 2020",2020,TV-PG,1 Season,"Docuseries, Science & Nature TV, TV Comedies","A cast of quirky critters and Mother Nature herself narrate this funny science series, which peeks into the lives of Earth’s most incredible animals."
s5259,TV Show,Real Rob,Unknown,"Rob Schneider, Patricia Schneider, Jamie Lissow, Miranda Scarlett Schneider",United States,"September 29, 2017",2017,TV-MA,2 Seasons,TV Comedies,Go inside the world of comedian and actor Rob Schneider in this comedy series that follows the ups and downs of his career and family life.
s7090,Movie,Inuyasha the Movie - La spada del dominatore del mondo,Toshiya Shinohara,"Kappei Yamaguchi, Satsuki Yukino, Koji Tsujitani, Houko Kuwashima, Kumiko Watanabe, Ken Narita, Akio Otsuka, Kikuko Inoue",Japan,"September 1, 2017",2003,TV-14,99 min,"Action & Adventure, Anime Features, International Movies",The Great Dog Demon beaqueathed one of the Three Swords of the Fang to each of his two sons. Now the evil power of the third sword has been awakened.
s6412,TV Show,Camp X,Unknown,Unknown,Canada,"February 1, 2019",2014,TV-MA,1 Season,Docuseries,"Established during World War II, North America's first secret agent training school – known as Camp X – paved the way for present-day espionage."
s406,Movie,Chhota Bheem - Dinosaur World,Sidheswar Shukla,"Sonal Kaushal, Rupa Bhimani, Julie Tejwani, Sabina Malik, Jigna Bharadwaj",Unknown,"July 22, 2021",2015,TV-Y,65 min,Children & Family Movies,"When a scientist has trouble caring for his secret baby dinosaur, he takes Bheem and friends back in time to return the pet to its natural habitat."
s8363,Movie,The Informant!,Steven Soderbergh,"Matt Damon, Scott Bakula, Joel McHale, Melanie Lynskey, Thomas F. Wilson, Patton Oswalt, Tony Hale, Eddie Jemison, Paul F. Tompkins, Tom Papa",United States,"August 1, 2018",2009,R,108 min,"Comedies, Dramas","While gathering evidence against his employer to help the FBI build a price-fixing case, Mark Whitacre begins to piece together a fantasy world."
s6670,Movie,Ek Hasina Thi,Sriram Raghavan,"Saif Ali Khan, Urmila Matondkar, Seema Biswas, Pratima Kazmi, Aditya Srivastava, Rasika Joshi, Madan Joshi, Seema Adhikari",India,"August 1, 2019",2004,TV-MA,134 min,"Dramas, International Movies, Thrillers","Imprisoned for underworld crimes she didn’t commit, a vengeful woman breaks free and goes scorched earth on the smooth-talking suitor who framed her."
s1902,Movie,You've Got This,Salvador Espinosa,"Mauricio Ochmann, Esmeralda Pimentel, Matteo Giannini, Regina Reynoso, Juan Martín Jauregui, Tato Alexander, Verónica Bravo, Fernando Becerril, Moisés Arizmendi, Tiaré Scanda, Mariana Cabrera, Montserrat Marañón, Verónica Langer",Mexico,"October 2, 2020",2020,TV-MA,112 min,"Comedies, International Movies, Romantic Movies",An ad creative and a successful exec have a great marriage — until he wants to be a dad just as her star is rising. Then he brings someone new home.
s2512,Movie,Wadjda,Haifaa Al-Mansour,"Reem Abdullah, Waad Mohammed, Abdullrahman Al Gohani, Ahd, Sultan Al Assaf, Alanoud Sajini, Rafa Al Sanea, Dana Abdullilah","Saudi Arabia, Netherlands, Germany, Jordan, United Arab Emirates, United States","May 19, 2020",2012,PG,93 min,"Dramas, Independent Movies, International Movies",A persistent 10-year-old wishes for a new bicycle so she can beat her friend (a boy) in a race. But it's going to take some ingenuity to get one.
s1705,Movie,The Beginning of Life 2: Outside,Renata Terra,Unknown,Brazil,"November 13, 2020",2020,TV-PG,92 min,"Documentaries, International Movies","As urbanization expands throughout society, this documentary discusses the value of finding ways for children to forge real connections with nature."
s1824,Movie,Panoptic,Rana Eid,Rana Eid,Lebanon,"October 19, 2020",2017,TV-MA,69 min,"Documentaries, International Movies",This documentary dissects Lebanon's present-day paradoxes stemming from years of conflict as the director attempts to reconcile with her nation's past.
s5271,Movie,First They Killed My Father,Angelina Jolie,"Sreymoch Sareum, Kompheak Phoeung, Socheata Sveng, Dara Heng, Sothea Khoun, Sreyneang Oun, Kimhak Mun, Chenda Run, Nika Sarun, Nita Sarun","Cambodia, United States","September 15, 2017",2017,TV-MA,137 min,Dramas,A 5-year-old girl embarks on a harrowing quest for survival amid the sudden rise and terrifying reign of the Khmer Rouge in Cambodia.
s295,Movie,Takizawa Kabuki ZERO 2020 The Movie,Hideaki Takizawa,"Hikaru Iwamoto, Tatsuya Fukazawa, Raul, Shota Watanabe, Koji Mukai, Ryohei Abe, Ren Meguro, Ryota Miyadate, Daisuke Sakuma, Arata Sato, Tatsuya Kageyama, Taiga Suzuki, Shunsuke Motoi, Taiga Tsubaki, Yuki Yokohara, Minato Matsui, Shosei Oda",Unknown,"August 7, 2021",2020,TV-PG,139 min,"International Movies, Music & Musicals","Superstar Hideaki Takizawa reimagines his acclaimed kabuki production for the screen, featuring the dynamic talents of idol group Snow Man."
s3465,TV Show,Engineering Girls,Unknown,"Barkha Singh, Kritika Avasthi, Sejal Kumar",India,"October 1, 2019",2018,TV-MA,1 Season,"International TV Shows, TV Comedies","Three engineering students deal with dorm drama, date around, and do whatever it takes to make their dreams come true."
s2540,Movie,Fire in the Blood,Dylan Mohan Gray,William Hurt,India,"May 13, 2020",2012,TV-14,83 min,"Documentaries, International Movies",Dylan Mohan Gray examines Africa's AIDS crisis and activists' battle with pharmaceutical companies to make life-saving HIV drugs more affordable.
s4625,Movie,The 3rd Eye,Rocky Soraya,"Jessica Mila, Denny Sumargo, Citra Prima, Bianca Hello, Epy Kusnandar, Anita Hara, Derry Drajat, Voke Victoria, Shofia Shireen, Afdhal Yusman",Indonesia,"September 28, 2018",2018,TV-MA,108 min,"Horror Movies, International Movies","When her little sister claims she sees the dead, Alia consults a psychic, who opens her own eyes to the vengeful ghosts haunting their childhood home."
s7702,Movie,Panic Room,David Fincher,"Jodie Foster, Forest Whitaker, Dwight Yoakam, Jared Leto, Kristen Stewart, Ann Magnuson, Ian Buchanan, Patrick Bauchau, Paul Schulze",United States,"August 1, 2019",2002,R,112 min,Thrillers,A woman and her daughter are caught in a game of cat-and-mouse with burglars in their New York City home and are forced to retreat inside a vault.
s5359,Movie,Opening Night,Isaac Rentz,"Topher Grace, Alona Tal, Anne Heche, Taye Diggs, Rob Riggle, Paul Scheer, J.C. Chasez, Lauren Lapkus, Lesli Margherita, Brian Huskey",United States,"August 1, 2017",2016,TV-MA,84 min,"Comedies, Independent Movies, Music & Musicals","Once a rising star on Broadway, Nick is now the perennially pestered production manager for a new musical dedicated to rock music's one-hit wonders."
s607,Movie,The Queen,Stephen Frears,"Helen Mirren, Michael Sheen, James Cromwell, Helen McCrory, Alex Jennings, Roger Allam, Sylvia Syms, Mark Bazeley","United Kingdom, United States, France, Italy","July 1, 2021",2006,PG-13,103 min,"Dramas, International Movies","After Princess Diana's death, Queen Elizabeth II and Tony Blair face public demands that she be memorialized in a manner beyond standard protocol."
s8768,Movie,XXX: State of the Union,Lee Tamahori,"Ice Cube, Samuel L. Jackson, Willem Dafoe, Scott Speedman, Peter Strauss, Xzibit, Michael Roof, Sunny Mabrey, Nona Gaye, John Gleeson Connolly",United States,"January 1, 2019",2005,PG-13,101 min,Action & Adventure,"In this action-packed follow-up to XXX, U.S. intelligence officer Augustus Gibbons must thwart a massive conspiracy to overthrow the government."
s3127,Movie,Bangistan,Karan Anshuman,"Riteish Deshmukh, Pulkit Samrat, Kumud Mishra, Chandan Roy Sanyal, Arya Babbar, Shivkumar Subramaniam, Tom Alter, Jacqueline Fernandez",India,"December 15, 2019",2015,TV-14,134 min,"Comedies, Dramas, International Movies","Sent on the same deadly international mission by their rival religious factions, two men's madcap antics along the way take them hilariously off course."
s1291,Movie,I Care a Lot,J Blakeson,"Rosamund Pike, Peter Dinklage, Eiza González, Dianne Wiest, Chris Messina, Isiah Whitlock Jr., Macon Blair, Alicia Witt, Damian Young","United Kingdom, United States","February 19, 2021",2021,R,118 min,"Comedies, LGBTQ Movies, Thrillers",A court-appointed legal guardian defrauds her older clients and traps them under her care. But her latest mark comes with some unexpected baggage.
s4493,Movie,Gnome Alone,Peter Lepeniotis,"Becky G., Josh Peck, Tara Strong, Olivia Holt, David Koechner, Jeff Dunham, Patrick Stump, Nash Grier, Madison De La Garza, George Lopez","United Kingdom, Canada, United States, Cayman Islands","October 19, 2018",2018,PG,86 min,"Children & Family Movies, Comedies","After moving into a new house with her mom, high schooler Chloe discovers a troupe of talking garden gnomes who need her help saving the world."
s5146,TV Show,Padamu Aku Bersujud,Unknown,"Syazwan Zulkifli, Sqikin Kamal, Leez Rosli, Bil Azali, Shenthy Feliziana, Jasmine Suraya, Aleza Shadan, Nina Iskandar",Unknown,"December 1, 2017",2015,TV-14,1 Season,"International TV Shows, Romantic TV Shows, TV Dramas","The son of poor farmers leaves his village to seek his fortune in Kuala Lumpur, where he meets a young woman who's also trying to better her life."
s1048,TV Show,Peasants Rebellion,Unknown,"Ward El Kal, Aimée Sayah, Bassem Moughnie, Carlos Azar, Sara Abi Kanaan, Wesam Hanna",Lebanon,"April 15, 2021",2018,TV-14,1 Season,"International TV Shows, TV Dramas","In feudalistic Lebanon, farmers revolt against the nobility under the leadership of a revolutionary figure who champions the oppressed."
s6560,TV Show,Dandy,Unknown,"Alfonso Herrera, Damián Alcázar, Gabriela Roel, Itahisa Machado, Dagoberto Gama, Hernán Mendoza, Daniel Martínez, Christian Vasquez, Aleyda Gallardo, Danny Perea, Pakey Vázquez, Fátima Molina, Héctor Holten, Carlos Valencia",Mexico,"March 31, 2018",2016,TV-MA,1 Season,"Crime TV Shows, International TV Shows, Spanish-Language TV Shows",A law professor is enlisted by Mexico's attorney general to join a special operations unit infiltrating the capital's most notorious drug cartel.
s5036,TV Show,Dragons: Race to the Edge,Unknown,"Jay Baruchel, America Ferrera, T.J. Miller, Christopher Mintz-Plasse, Andree Vermeulen, Zack Pearlman",United States,"February 16, 2018",2018,TV-Y7,6 Seasons,"Kids' TV, TV Action & Adventure","From the creators of ""How to Train Your Dragon"" comes an all-new Netflix original series that takes Hiccup and Toothless to the edge of adventure!"
s3853,TV Show,Abyss,Unknown,"Park Bo-young, Ahn Hyo-seop, Lee Sung-jae, Lee Si-eon, Han So-hee, Kwon Soo-hyun, Kim Sa-rang, Ahn Se-ha, Yun Yoo-sun",South Korea,"May 7, 2019",2019,TV-14,1 Season,"Crime TV Shows, International TV Shows, Korean TV Shows","After meeting an untimely demise in separate incidents, Cha Min and Go Se-yeon discover they’ve come back to life in new bodies they don’t recognize."
s6494,Movie,Class of '61,Gregory Hoblit,"Christien Anholt, Andre Braugher, Dan Futterman, Josh Lucas, Clive Owen, Sophie Ward, Sue-Ann Leeds, Laura Linney",United States,"April 1, 2018",1993,TV-PG,91 min,Dramas,"As the Civil War looms, a runaway slave seeks freedom, and West Point cadets find their camaraderie shattered as they choose between North or South."
s7975,Movie,Secrets of Highclere Castle,Vicky Matthews,Samuel West,United States,"February 22, 2017",2013,TV-PG,54 min,"Documentaries, International Movies","Known as the setting of ""Downton Abbey,"" Highclere Castle truly was the home of aristocrats and an army of servants, with a rich past to share."
s2029,Movie,Son Of Adam,Ahmed Nader Galal,"Youssef El Sherif, Dina El-Sherbiny, Ahmad Rizq, Hana El Zahed, Mahmoud El Gendy, Bayyumi Fuad, Khaled Kamal, Mahmoud El-Bazzawy",Egypt,"September 10, 2020",2018,TV-14,110 min,"Dramas, International Movies, Thrillers","To escape conviction on criminal charges, a businessman agrees to aid a risky police mission, but his motives soon turn suspicious."
s494,TV Show,RESIDENT EVIL: Infinite Darkness,Unknown,"Nick Apostolides, Stephanie Panisello, Ray Chase, Jona Xiao, Billy Kametz, Joe J. Thomas, Doug Stone, Brad Venable, Toshiyuki Morikawa, Yuhko Kaida, Fumihiko Tachiki, Megumi Han, Kenji Nojima, Kazuhiko Inoue, Aruno Tahara, Mitsuru Ogata","United States, Japan","July 8, 2021",2021,TV-MA,1 Season,"Anime Series, TV Horror, TV Thrillers","Years after the horrors of Raccoon City, Leon and Claire find themselves consumed by a dark conspiracy when a viral attack ravages the White House."
s5178,Movie,The Killer,Marcelo Galvão,"Diogo Morgado, Etienne Chicot, Maria de Medeiros, Deto Montenegro, Jonas Leite, Paulo Gorgulho, Will Roberts, Allan Lima, Eduardo Galvão, Igor Galvão",Brazil,"November 10, 2017",2017,TV-MA,100 min,"Action & Adventure, International Movies","In lawless badlands, reclusive Cabeleira sets out to discover the fate of his gunman father and grows to be a feared assassin himself."
s988,Movie,Legal Hash,Rindala Kodeih,"Tony Issa, Rita Harb, Fadee Andrawos, Majed Geagea, Hagob De Jerejian, Adnan Dirani, Khitam el Leham, Joelle Frenn, Stephanie Salem, Mabelle Soueid, Joseph Abboud",Unknown,"April 23, 2021",2019,TV-MA,103 min,"Comedies, International Movies","After a failed heist leads to a stint behind bars, a group of men reenters society with a risky business plan that soon reveals their true colors."
s7906,Movie,Running Out Of Time,Chris Stokes,"Tasha Smith, RonReaco Lee, Telma Hopkins, Sydney Elise Johnson, Sean Dominic, Dustin Harnish, Paul Logan, Kearia Schroeder, Michael Toland, Anton Peeples",United States,"August 1, 2019",2018,TV-14,88 min,Thrillers,"Held hostage by men searching for a secret her late husband left behind, a recent widow and her family race against time to find a way out."
s362,TV Show,Charmed,Unknown,"Madeleine Mantock, Sarah Jeffery, Melonie Diaz, Rupert Evans, Ser'Darius Blain, Ellen Tamaki, Charlie Gillespie",United States,"July 31, 2021",2021,TV-14,3 Seasons,"TV Dramas, TV Sci-Fi & Fantasy","After their mother’s tragic death, a trio of sisters bond over their newfound powers, vanquish demons and band together to defend their magical legacy."
s7293,Movie,Leo the Lion,Mario Cambi,"Daniel Amerman, John Cygan, Matthew Mercer, Amanda Allan, Porter Hansen, Debi Derryberry, Mari Devon, Eileen Galindo, Cole Sand","United States, Italy","December 20, 2015",2013,TV-Y7-FV,78 min,"Children & Family Movies, Comedies","Eschewing the carnivorous ways of his fellow lions, maverick Leo follows a vegetarian diet – causing the other lions to shun him."
s2612,TV Show,Tjovitjo,Unknown,"Warren Masemola, Nobulali Dangazele, Rapulana Seiphemo, Sibulele Gcilitshana, Jabulile Mahlambi, Ntosh Madlingozi, Hlengiwe Lushaba, Kanyi Nokwe, Harriet Manamela, Soso Rungqu, Fisiwe Kubeka, Victor Mohale",South Africa,"April 29, 2020",2017,TV-MA,2 Seasons,"International TV Shows, TV Dramas","Amidst poverty and struggle, a hardened pantsula dance leader enters a dark space and searches for redemption and salvation in his community."
s3496,Movie,Jeff Dunham: Beside Himself,Troy Miller,Jeff Dunham,United States,"September 24, 2019",2019,TV-MA,58 min,Stand-Up Comedy,"Jeff Dunham takes the stage in Dallas with his old pals Peanut, Walter, José Jalapeño, Bubba J and Achmed to poke fun at himself and American culture."
s5587,Movie,Mike Birbiglia: Thank God for Jokes,"Seth Barrish, Mike Birbiglia",Mike Birbiglia,United States,"February 28, 2017",2017,TV-MA,71 min,Stand-Up Comedy,"Comedian Mike Birbiglia takes the stage in Brooklyn and hits on hard truths about puppets, late people and the very real dangers of being funny."
s6801,Movie,Freezer's Campaign,Sameh Abdulaziz,"Bayyumi Fuad, Chico, Hesham Maged, Ahmed Fathy, Nesreen Ameen, Dareen Haddad, Bushra, Samy Maghawry",Egypt,"June 6, 2019",2016,TV-MA,116 min,"Comedies, International Movies","When climate change makes Egypt freeze over, intelligence officers pose as a film crew on location to seek a device that can eliminate the frost."
s2365,Movie,A Whisker Away,"Junichi Sato, Tomotaka Shibayama","Mirai Shida, Natsuki Hanae, Hiroaki Ogi, Koichi Yamadera, Minako Kotobuki, Susumu Chiba, Ayako Kawasumi, Sayaka Ohara, Daisuke Namikawa",Japan,"June 18, 2020",2020,TV-PG,104 min,"Anime Features, Children & Family Movies, International Movies","A peculiar girl transforms into a cat to catch her crush's attention. But before she realizes it, the line between human and animal starts to blur."
s488,TV Show,The Cook of Castamar,Unknown,"Michelle Jenner, Roberto Enríquez, Hugo Silva, Maxi Iglesias, María Hervás, Agnès Llobet, Paula Usero, Jean Cruz, Óscar Rabadán, Fiorella Faltoyano, Nancho Novo, Silvia Abascal, Mónica López",Unknown,"July 9, 2021",2021,TV-MA,1 Season,"International TV Shows, Romantic TV Shows, Spanish-Language TV Shows","In 1720 Madrid, a talented cook catches the eye of a widowed duke just as he returns to aristocratic society. Based on the novel by Fernando J. Múñez."
s3122,TV Show,Don't F**k with Cats: Hunting an Internet Killer,Mark Lewis,Unknown,"United Kingdom, United States","December 18, 2019",2019,TV-MA,1 Season,"Crime TV Shows, Docuseries",A twisted criminal's gruesome videos drive a group of amateur online sleuths to launch a risky manhunt that pulls them into a dark underworld.
s2648,Movie,My Stupid Boss 2,Upi Avianto,"Reza Rahadian, Bunga Citra Lestari, Chew Kin Wah, Atikah Suhaime, Iedil Putra, Iskandar Zulkarnain, Alex Abbad, Melissa Karim",Indonesia,"April 23, 2020",2019,TV-14,95 min,"Comedies, International Movies","Having driven away many of his employees, Bossman and three of his long-suffering workers try to find cheap labor in Vietnam but find trouble instead."
s7669,Movie,Only the Dead,"Bill Guttentag, Michael Ware",Michael Ware,"Australia, Iraq","November 15, 2018",2015,TV-MA,76 min,"Documentaries, International Movies","Given unprecedented access to soldiers and terrorists alike, journalist Michael Ware presents an epic, uncensored, intimate account of the Iraq War."
s1180,TV Show,Mighty Morphin Power Rangers,Unknown,"Austin St. John, Thuy Trang, Walter Jones, Amy Jo Johnson, David Yost, Jason David Frank, Johnny Yong Bosch, Karan Ashley, Steve Cardenas, Catherine Sutherland, Paul Schrier, Jason Narvy, David Fielding, Richard Steven Horvitz, Barbara Goodson","United States, Japan","March 20, 2021",2010,TV-Y7,4 Seasons,Kids' TV,"Five average teens are chosen by an intergalactic wizard to become the Power Rangers, who must use their new powers to fight the evil Rita Repulsa."
s2005,Movie,Wish Upon a Unicorn,Steve Bencich,"Ryan Kiera Armstrong, Summer Fontana, Kevin J. O'Connor, Tait Blum, Jon Gries, Branscombe Richmond, Rick Overton, Jonathan Lajoie, Chloe Webb",Unknown,"September 15, 2020",2020,PG,93 min,Children & Family Movies,Sisters Mia and Emma move to their grandmother’s farm far from the city and save a magical unicorn from local cowboys seeking its powers for themselves.
s3162,Movie,A Family Reunion Christmas,Robbie Countryman,"Loretta Devine, Tia Mowry-Hardrict, Anthony Alabi, Talia Jackson, Isaiah Russell-Bailey, Cameron J. Wright, Jordyn Raya James, Jackée Harry, Richard Roundtree",United States,"December 9, 2019",2019,TV-PG,29 min,"Children & Family Movies, Comedies",M'Dear and her sisters struggle to keep their singing act together before a church Christmas pageant while Grandpa teaches the kids a valuable lesson.
s3189,Movie,A Cinderella Story: Christmas Wish,Michelle Johnston,"Laura Marano, Gregg Sulkin, Isabella Gomez, Johannah Newmarch, Lillian Doucet-Roche, Chanelle Peloso, Barclay Hope, Garfield Wilson",United States,"December 1, 2019",2019,PG,86 min,"Children & Family Movies, Comedies, Music & Musicals","Despite her vain stepmother and mean stepsisters, an aspiring singer works as an elf at a Christmas tree lot and finds her own holiday miracle."
s3639,Movie,Eerie,Mikhail Red,"Bea Alonzo, Jake Cuenca, Maxene Magalona, Charo Santos, Mary Joy Apostol, Gabby Padilla, Gillian Vicencio","Philippines, Singapore","July 26, 2019",2019,TV-14,100 min,"Horror Movies, International Movies","When a student's suicide rattles an all-girls Catholic school, a clairvoyant guidance counselor leans on a ghost to uncover the convent's abusive past."
s5402,TV Show,Spice Up,Unknown,"Jeanette Aw, Patrick Lee, Huang Qi Ming, Sora Ma, Hong Huifang, Xu Bin, Chen Shucheng",Unknown,"July 1, 2017",2014,TV-14,1 Season,"International TV Shows, Romantic TV Shows, TV Dramas",A spoiled young woman steps in to save her family’s restaurant with her cooking and tasting skills while balancing her complicated love life.
s1576,Movie,André & his olive tree,Josiah Ng,André Chiang,Singapore,"December 8, 2020",2020,TV-PG,104 min,"Documentaries, International Movies","As he prepares to close his restaurant, Michelin-starred Chef André Chiang embarks on a personal and emotional journey of reflection."
s2509,TV Show,Sweet Magnolias,Unknown,"JoAnna Garcia Swisher, Brooke Elliott, Heather Headley, Chris Klein, Justin Bruening, Logan Allen, Anneliese Judge, Carson Rowland, Jamie Lynn Spears, Dion Johnstone",United States,"May 19, 2020",2020,TV-14,1 Season,"Romantic TV Shows, TV Dramas","Lifelong friends Maddie, Helen and Dana Sue lift each other up as they juggle relationships, family and careers in the small, Southern town of Serenity."
s7726,TV Show,Penny Dreadful,Unknown,"Josh Hartnett, Eva Green, Timothy Dalton, Reeve Carney, Rory Kinnear, Billie Piper, Danny Sapani, Harry Treadaway","Ireland, United Kingdom, United States","September 17, 2016",2016,TV-MA,3 Seasons,"TV Dramas, TV Horror, TV Mysteries","The classic tales of Dracula, Frankenstein, Dorian Gray and more are woven together in this horror series set on the dark streets of Victorian London."
s1737,Movie,Operation Christmas Drop,Martin Wood,"Kat Graham, Alexander Ludwig, Virginia Madsen, Janet Kidder, Jeff Joseph, Bethany Brown, Trezzo Mahoro, Rohan Campbell, Aliza Vellani, Aaron Douglas, Xavier de Guzman, Bruce Best",United States,"November 5, 2020",2020,TV-G,96 min,"Children & Family Movies, Comedies, Romantic Movies",A by-the-book political aide falls for a big-hearted Air Force pilot while looking to shut down his tropical base and its airborne Christmas tradition.
s5644,Movie,LEGO: Marvel Super Heroes: Maximum Overload,Greg Richardson,"Troy Baker, Drake Bell, Fred Tatasciore, Dee Bradley Baker, Steve Blum, Adrian Pasdar, Greg Cipes, Chi McBride, Barry Dennen, Robin Atkin Downes",United States,"January 6, 2017",2013,TV-Y7,22 min,Children & Family Movies,Villainous Loki is amassing an army to conquer Earth! His antics are keeping Spider-Man and S.H.I.E.L.D. busy as they tackle a host of bad guys.
s7457,Movie,Milk,Gus Van Sant,"Sean Penn, Emile Hirsch, Josh Brolin, Diego Luna, James Franco, Alison Pill, Victor Garber, Denis O'Hare, Joseph Cross, Stephen Spinella, Lucas Grabeel, Brandon Boyce",United States,"February 16, 2017",2008,R,128 min,"Dramas, Independent Movies, LGBTQ Movies","Sean Penn stars in this biopic about Harvey Milk, the openly gay San Francisco politician who was murdered by a disgruntled city supervisor in 1978."
s2672,Movie,Rising High,Cüneyt Kaya,"David Kross, Frederick Lau, Janina Uhse, Anne Schäfer, Sophia Thomalla",Germany,"April 17, 2020",2020,TV-MA,95 min,"Dramas, International Movies","Ready to do anything to get rich, a young man upends the Berlin property market with his shady pal, till the good times threaten to destroy it all."
s3014,TV Show,Tiny House Nation,Unknown,Unknown,United States,"January 17, 2020",2019,TV-PG,2 Seasons,Reality TV,"Traveling the U.S., host John Weisbarth and expert Zack Giffin are helping families prep for the tiny lifestyle and create hypercustomized mini homes."
s4599,Movie,Pizza,Akshay Akkineni,"Akshay Oberoi, Parvathy Omanakuttan, Arunoday Singh, Dipannita Sharma, Rajesh Sharma, Omkar Das Manikpuri, Hussain Dalal, D. Santosh",India,"October 1, 2018",2014,TV-14,102 min,"Horror Movies, International Movies, Thrillers",A pizza delivery boy who doesn't believe in the supernatural is forced to confront his convictions after being trapped in a house on his route.
s5200,Movie,Pup Star: Better 2Gether,Robert Vince,"Kaitlyn Maher, Obba Babatundé, Lombardo Boyar, Molly Burnett, Chris Coppola, Reggie De Leon, David DeLuise, Matty Finochio, Josh Flitter, Benjamin Flores Jr.",Canada,"October 28, 2017",2017,PG,93 min,"Children & Family Movies, Comedies",Returning Pup Star champ Tiny has her Yorkie paws full after an evil rival replaces her with street dog Scrappy during the national competition.
s2136,TV Show,The Legend of Korra,Unknown,"Janet Varney, David Faustino, P.J. Byrne, J.K. Simmons, Dee Bradley Baker, Seychelle Gabriel, Logan Wells, Jeff Bennett, Kiernan Shipka",United States,"August 14, 2020",2014,TV-Y7,4 Seasons,"Kids' TV, TV Action & Adventure, TV Sci-Fi & Fantasy",A female avatar who can control the elements fights to keep her city safe from the evil forces of both the physical and spiritual worlds.
s7058,Movie,Imagine That,Karey Kirkpatrick,"Eddie Murphy, Thomas Haden Church, Yara Shahidi, Ronny Cox, Stephen Rannazzisi, Nicole Ari Parker, DeRay Davis, Vanessa Williams, Martin Sheen, Lauren Weedman, Timm Sharp, Bobb'e J. Thompson","United States, Germany","December 7, 2019",2009,PG,108 min,"Children & Family Movies, Comedies, Sci-Fi & Fantasy","Work problems are piling up for a businessman. But when he discovers a pathway to his daughter's imaginary world, he starts finding some solutions."
s1838,TV Show,Grand Army,Unknown,"Odessa A’zion, Odley Jean, Amir Bageria, Maliq Johnson, Amalia Yoo, Alphonso Romero Jones II, Thelonius Serrell-Freed, Anthony Ippolito, Brian Altemus",United States,"October 16, 2020",2020,TV-MA,1 Season,"TV Dramas, Teen TV Shows","Five students at the largest public high school in Brooklyn take on a chaotic world as they fight to succeed, survive, break free and seize the future."
s4253,Movie,A Twelve Year Night,Álvaro Brechner,"Antonio de la Torre, Chino Darín, Alfonso Tort, Soledad Villamil, César Troncoso, Silvia Pérez Cruz, César Bordón, Mirella Pascual, Nidia Telles, Eduardo Recabarren","Uruguay, Argentina, Spain","December 28, 2018",2018,TV-MA,122 min,"Dramas, International Movies",Future Uruguayan president José Mujica and his fellow Tupamaro political prisoners fight to survive 12 years of solitary confinement and torture.
s5389,TV Show,46,Serdar Akar,"Erdal Beşikçioğlu, Yasemin Allen, Melis Birkan, Saygın Soysal, Berkan Şal, Metin Belgin, Ayça Eren, Selin Uludoğan, Özay Fecht, Suna Yıldızoğlu",Turkey,"July 1, 2017",2016,TV-MA,1 Season,"International TV Shows, TV Dramas, TV Mysteries","A genetics professor experiments with a treatment for his comatose sister that blends medical and shamanic cures, but unlocks a shocking side effect."
s4363,TV Show,Bumping Mics with Jeff Ross & Dave Attell,Unknown,"Jeff Ross, Dave Attell",United States,"November 27, 2018",2018,TV-MA,1 Season,"Stand-Up Comedy & Talk Shows, TV Comedies","When Jeff Ross and Dave Attell take the stage, no one is safe. With the help of special guests, they're packing a lot of laughs into one epic weekend."
s2094,TV Show,Her Mother's Killer,Unknown,"Carolina Gómez, Marlon Moreno, George Slebi, Geraldine Zivic, Andrea Gómez, María Cecilia Botero, Juliana Galvis, Edwin Maya, Alejandro Gutiérrez, Viviana Santos, Michelle Manterola, Juan Alfonso Baptista, Carolina Cuervo, Santiago Felipe Gomez, Matias Maldonado, Kristina Lilley, Mauricio Figueroa, Ana Wills, Juan Manuel Diaz, Ricardo Mejia, Orlando Valenzuela, Ana-María Sánchez, Julieta Villar",Colombia,"August 26, 2020",2020,TV-MA,1 Season,"International TV Shows, Spanish-Language TV Shows, TV Dramas","Nearly 30 years after her mom's murder, a political strategist launches a calculated plan to ruin the Colombian presidential candidate who killed her."
s7587,TV Show,"Nightmare Tenants, Slum Landlords",Unknown,Wendi Peters,Unknown," July 12, 2019",2016,TV-MA,2 Seasons,"British TV Shows, International TV Shows, Reality TV",The ongoing housing crisis in Britain has led to an increased number of nasty conflicts between fed-up landlords and exasperated tenants.
s4630,TV Show,Maniac,Unknown,"Emma Stone, Jonah Hill, Justin Theroux, Sally Field, Gabriel Byrne, Sonoya Mizuno, Julia Garner, Billy Magnussen, Jemima Kirke",United States,"September 21, 2018",2018,TV-MA,1 Season,"TV Comedies, TV Dramas, TV Mysteries",Two struggling strangers connect during a mind-bending pharmaceutical trial involving a doctor with mother issues and an emotionally complex computer.
s2220,Movie,The Remix: Hip Hop X Fashion,"Lisa Cortés, Farah X",Unknown,United States,"July 22, 2020",2019,TV-MA,67 min,"Documentaries, Music & Musicals",This documentary profiles Black visionaries in fashion who rewrote narratives on the runway and turned hip-hop style into a global phenomenon.
s976,Movie,Shadow and Bone - The Afterparty,Unknown,"David Spade, London Hughes, Fortune Feimster, Ben Barnes, Jessie Mei Li, Archie Renaux, Amita Suman, Freddy Carter, Kit Young",United States,"April 24, 2021",2021,TV-14,33 min,"Action & Adventure, Comedies, Dramas","Stars of Netflix's ""Shadow and Bone"" discuss the show's epic combat scenes, answer some fan questions and play an ""Army vs. Crows"" trivia game."
s5131,Movie,Jaal,Umesh Mehra,"Jeetendra, Mithun Chakraborty, Rekha, Mandakini, Moon Moon Sen, Vinod Mehra, Tanuja, Amrit Pal",India,"December 8, 2017",1986,TV-14,162 min,"Action & Adventure, International Movies","When a mysterious woman hires Shankar to spy on a family, he must determine how his own father's abandonment figures into the situation."
s3673,Movie,Kidnapping Stella,Thomas Sieben,"Max von der Groeben, Jella Haase, Clemens Schick",Germany,"July 12, 2019",2019,TV-MA,90 min,"Dramas, International Movies, Thrillers","Snatched off the street and held for ransom, a bound and gagged woman uses her limited powers to derail her two masked abductors' carefully laid plans."
s100,TV Show,On the Verge,Unknown,"Julie Delpy, Elisabeth Shue, Sarah Jones, Alexia Landeau, Mathieu Demy, Troy Garity, Timm Sharp, Giovanni Ribisi","France, United States","September 7, 2021",2021,TV-MA,1 Season,"TV Comedies, TV Dramas","Four women — a chef, a single mom, an heiress and a job seeker — dig into love and work, with a generous side of midlife crises, in pre-pandemic LA."
s476,Movie,The Stand-Up,Daniel Růžička,"Iva Pazderková, Lukáš Pavlásek, Daniel Čech, Petr Cerha, Ondřej Havlík, Radek Petráš, Zbyněk Vičar, Pavel Tomeš, Nela Berg",Unknown,"July 10, 2021",2019,TV-MA,93 min,Stand-Up Comedy,Members of the comedy group Na Stojáka take the stage and the mic by storm for a special night of stand-up comedy.
s6079,Movie,Abhinetri,A. L. Vijay,"Tamannaah Bhatia, Prabhu Deva, Sonu Sood, Sapthagiri, Murli Sharma, R.V. Udhaykumar, Joy Mathew, Hema",India,"May 1, 2018",2016,TV-14,131 min,"Comedies, International Movies, Sci-Fi & Fantasy","Due to family pressure, a corporate man reluctantly marries a woman from the village, but in their new home, she abruptly assumes a different persona."
s3164,Movie,Saaho,Sujeeth,"Prabhas, Shraddha Kapoor, Jackie Shroff, Chunky Pandey, Neil Nitin Mukesh, Arun Vijay, Vennela Kishore, Murli Sharma, Lal, Prakash Belawadi, Mahesh Manjrekar, Tinnu Anand",India,"December 8, 2019",2019,TV-14,172 min,"Action & Adventure, International Movies","In a fictional megalopolis, a stunning underworld theft triggers a fierce power struggle among the gangsters, with an enigmatic cop on their trail."
s2771,Movie,True: Wuzzle Wegg Day,"Todd Kauffman, Mark Thornton","Michela Luci, Jamie Watson, Eric Peterson, Anna Claire Bartlam, Nicolas Aqui, Cory Doran, Julie Lemieux",Canada,"March 27, 2020",2020,TV-Y,24 min,Children & Family Movies,"Spring has sprung in Rainbow City, and Wuzzle Wegg Day is right around the corner! But Bartleby's convinced that a Wegg-stealing monster is on the loose."
s7168,Movie,Kalki,Dhilip Kumar,"Kishore Kumar G., Yasmin Ponnappa, Mithraboomi Saravanan",India,"March 1, 2018",2017,TV-14,41 min,"Dramas, Independent Movies, International Movies",A scientist trying to solve one of the universe's greatest puzzles begins a romance with a much younger colleague that's haunted by a dark secret.
s6329,Movie,Black Snow,Martin Hodara,"Ricardo Darín, Leonardo Sbaraglia, Laia Costa, Federico Luppi, Dolores Fonzi, Andrés Herrera","Argentina, Spain","July 1, 2017",2017,TV-MA,91 min,"Dramas, International Movies, Thrillers",An old tragedy and lingering animosity erupt when a man returns to Patagonia to convince his estranged brother to sell the family's isolated property.
s6109,Movie,Alarmoty in the Land of Fire,Unknown,Unknown,Egypt,"August 5, 2019",2017,TV-MA,94 min,"Comedies, International Movies","While vacationing at a resort, an ornery and outspoken man is held captive by a criminal organization."
s4688,TV Show,Take My Brother Away,Han Qing,"Sun Qian, Joseph Zeng, Lv Xiao Yu, Hu Yong Tao, Wang Xu Dong, Ma Bai Quan",China,"August 24, 2018",2018,TV-14,1 Season,"International TV Shows, TV Comedies, TV Dramas","Bickering siblings Shi Miao and Shi Fen tackle friendship matters, school drama and the pitfalls of growing up with little parental supervision."
s902,Movie,Deadly Switch,Svetlana Cvetko,"Teri Polo, Dylan Walsh, Danika Yarosh, Hayley McLaughlin, Bryce Durfee, Matt Passmore, Heather Mazur, Ashlyn Pearce",United States,"May 10, 2021",2019,TV-PG,86 min,"Independent Movies, Thrillers","In this indie thriller, a foreign exchange student moves in with her roommate's family who grieves over the daughter they would do anything to get back."
s3460,Movie,Ready to Mingle,Luis Javier Henaine,"Cassandra Ciangherotti, Gabriela de la Garza, Irán Castillo, Sophie Alexander-Katz, Flor Eduarda Gurrola, Mariana Cabrera, Juan Pablo Medina, Pablo Cruz Guerrero, Diana Bovio, Andrés Almeida",Mexico,"October 2, 2019",2019,TV-MA,98 min,"Comedies, International Movies, Romantic Movies","After the man she thought she'd marry breaks up with her, Ana joins a class for single women who are in search of a husband."
s5540,Movie,The Lighthouse of the Orcas,Gerardo Olivares,"Maribel Verdú, Joaquín Furriel, Joaquín Rapalini","Spain, Argentina","April 7, 2017",2016,TV-MA,110 min,"Dramas, International Movies, Romantic Movies",A mother travels to Patagonia with her autistic son with the hopes that a ranger and a pod of wild orcas can help him find an emotional connection.
s7244,Movie,Kuppivala,Suresh Pillai,"Nandu, Kochu Preman, Jayakrishnan, Mohan Ayroor, M.R. Gopakumar, Shanawas, Adoor Ajayan, Dinesh Panicker",Unknown,"August 1, 2018",2017,TV-14,133 min,"Dramas, International Movies, Romantic Movies",A young woman talented at traditional dance finds her life changed when her love for a man clashes with the wishes of her father.
s6915,Movie,Hamza's Suitcase,Akram Farouk,"Hamada Helal, Yousra El Lozy, Ahmed Fathy, Mohammed Tharwat, Samia Trabelsi, Diaa El-Merghani, Abdalah Mishrif, Mohamed Metwalli, Samy Maghawry, Bayoumi Fouad, Inas al-Najjar, Taher Abu Lela",Egypt,"May 2, 2019",2017,TV-14,79 min,"Comedies, International Movies","When a con man tries to retrieve a bag of money, he swoons for a woman with ties to a notorious crew of criminals."
s7183,TV Show,Khaani,Unknown,"Feroze Khan, Sana Javed, Mehmood Aslam, Saman Ansari, Qavi Khan, Salma Hasan, Rashid Farooqi, Muhammad Mubarik Ali",Pakistan,"August 1, 2019",2017,TV-14,1 Season,"Crime TV Shows, International TV Shows, Romantic TV Shows","After a rich politician's son kills a young woman's brother, an unlikely romantic connection complicates her pursuit of justice."
s5505,Movie,Kiss & Cry,Sean Cisterna,"Sarah Fisher, Luke Bilyk, Chantal Kreviazuk, Sergio Di Zio, Denis Akiyama, Julia Tomasone, Brittany Bristow, Zoë Belkin, Lauren Esdale, Naomi Snieckus",Canada,"May 1, 2017",2017,TV-MA,93 min,"Dramas, International Movies, Romantic Movies","Faced with a rare form of throat cancer, teen figure skater Carley Allison finds strength in singing for an online audience in this biopic."
s8334,Movie,The Great Raid,John Dahl,"Benjamin Bratt, James Franco, Connie Nielsen, Marton Csokas, Joseph Fiennes, Motoki Kobayashi, Robert Mammone, Natalie Mendoza, Cesar Montano, James Carpinello, Mark Consuelos, Sam Worthington, Craig McLachlan, Max Martini, Clayne Crawford","United States, Australia","November 1, 2019",2005,R,133 min,"Action & Adventure, Dramas","In World War II, a battalion goes on a daring rescue mission to liberate the Americans and Filipinos who've been captured by the Japanese."
s6002,TV Show,21 Sarfarosh: Saragarhi 1897,Unknown,"Luke Kenny, Mohit Raina, Mukul Dev",India,"December 1, 2018",2018,TV-14,1 Season,"International TV Shows, TV Dramas","In one of history's greatest last stands, a battalion of 21 Sikh soldiers fights to defend their outpost from attack by over 10,000 Afghans."
s1390,Movie,Friendsgiving,Nicol Paone,"Malin Akerman, Kat Dennings, Aisha Tyler, Jane Seymour, Jack Donnelly, Chelsea Peretti, Christine Taylor, Ryan Hansen, Deon Cole, Wanda Sykes",United States,"January 21, 2021",2020,R,95 min,Comedies,A quiet holiday dinner among friends turns into a chaotic night of illicit activity and compromising situations when uninvited guests crash the party.
s7678,Movie,Operator,Logan Kibens,"Martin Starr, Mae Whitman, Nat Faxon, Cameron Esposito, Retta, Christine Lahti, Kate Cobb, Kristopher Lofton, Tim Hopper, Trevor Dawkins",United States,"February 16, 2017",2016,TV-MA,91 min,"Comedies, Dramas, Independent Movies","When a programmer uses his wife's sympathetic voice for his company's customer service app, he starts to rely more on her idealized self than her."
s4552,TV Show,Monty Python's Flying Circus,Unknown,"John Cleese, Graham Chapman, Terry Jones, Eric Idle, Michael Palin, Terry Gilliam",United Kingdom,"October 2, 2018",1974,TV-14,4 Seasons,"British TV Shows, Classic & Cult TV, International TV Shows","The Monty Python players make their mark with a winning mix of wit, ingenuity and brilliant timing – and a penchant for mockery and cross-dressing."
s3131,TV Show,"Crazy, Lovely, Cool",Obi Emelonye,"Enyinna Nwigwe, Adesua Etomi, Uru Eke, Zynnell Zuh, Obi Okolie, Anthony Monjaro, Emmanuel Emelu, Chinonye Chidolue, Lorenzo Menakaya, King Bawa",Nigeria,"December 15, 2019",2018,TV-MA,1 Season,"International TV Shows, TV Dramas","For a group of charismatic undergraduates, the jolting revelations from a campus blog turn surviving university life into a serious matter."
s4669,Movie,Love and Shukla,Jatla Siddartha,"Saharsh Kumar Shukla, Taneea Rajawat, Hima Singh, Aparna Upadhyay, Loknath Tiwari, Sambhaji Sasane",India,"September 1, 2018",2017,TV-MA,110 min,"Dramas, Independent Movies, International Movies","A sexually inexperienced rickshaw driver struggles to build intimacy with his shy new wife in their tiny, overcrowded quarters."
s5410,TV Show,Yes We Can!,Unknown,"Romeo Tan, Rebecca Lim, Sora Ma, Xu Bin, Chen Liping, Chen Hanwei, Yao Wenlong, Eelyn Kok, Dennis Chew",Singapore,"July 1, 2017",2014,TV-14,1 Season,"International TV Shows, TV Dramas","When a frustrated businessman starts his own firm, it soon morphs into a way to help senior citizens refresh their dying traditional trades."
s8791,Movie,You Don't Mess with the Zohan,Dennis Dugan,"Adam Sandler, John Turturro, Emmanuelle Chriqui, Nick Swardson, Lainie Kazan, Ido Mosseri, Rob Schneider, Dave Matthews, Michael Buffer, Charlotte Rae",United States,"September 1, 2019",2008,UR,113 min,"Action & Adventure, Comedies",An Israeli counterterrorism soldier with a secretly fabulous ambition to become a Manhattan hairstylist will do anything to make his dreams come true.
s8323,Movie,The Golem,"Doron Paz, Yoav Paz","Hani Furstenberg, Ishai Golan, Kirill Cernyakov, Brynie Furstenberg, Lenny Ravitz, Alexey Tritenko, Adi Kvetner, Mariya Khomutova, Veronika Shostak, Konstantin Anikienko",Israel,"June 26, 2019",2018,TV-MA,95 min,"Horror Movies, Independent Movies, International Movies","As sickness spreads throughout the countryside, an infertile woman conjures a living child out of clay and sets it loose on her enemies."
s4854,TV Show,Mob Psycho 100,Unknown,"Tatsuomi Hamada, Kazuki Namioka, Yuki Yoda, Ayumu Mochizuki, Atsushi Arai, Akio Otsuka, Moro Morooka",Japan,"May 22, 2018",2018,TV-MA,1 Season,"International TV Shows, TV Action & Adventure, TV Comedies","There's an organization gathering espers for a nefarious purpose. Powerful psychic Mob, however, is just trying to be the protagonist of his own life."
s1847,Movie,El-Khawaga's Dilemma,Peter Mimi,"Hassan El Raddad, Mohamed Lotfy, Hana El Zahed, Hassan Hosny, Majed El Masry, Mohamed Ezz, Samia Trabelsi, Yasser Al Zankalouni, Ahmed El Sobky, Bayoumi Fouad",Egypt,"October 15, 2020",2018,TV-14,94 min,"Action & Adventure, Comedies, International Movies","After a car crash, sparks fly for a financially struggling man and the daughter of a business tycoon, unraveling dark secrets and loose ends."
s687,TV Show,Hospital Playlist,Unknown,"Cho Jung-seok, Yoo Yeon-seok, Jung Kyung-ho, Kim Dae-myeong, Jeon Mi-do, Kim Hae-suk, Kim Kap-soo, Jung Moon-sung",South Korea,"June 18, 2021",2021,TV-14,2 Seasons,"International TV Shows, Korean TV Shows, TV Comedies","Every day is extraordinary for five doctors and their patients inside a hospital, where birth, death and everything in between coexist."
s1141,Movie,Universal Soldier: The Return,Mic Rodgers,"Jean-Claude Van Damme, Michael Jai White, Heidi Schanz, Xander Berkeley, Justin Lazard, Kiana Tom, Daniel von Bargen, James Black, Karis Paige Bryant, Bill Goldberg",United States,"April 1, 2021",1999,R,83 min,Action & Adventure,An ex-Universal Soldier working to design smarter cyborg warriors discovers that the supercomputer controlling the soldiers has a sinister agenda.
s7631,Movie,Nymphomaniac: Volume 1,Lars von Trier,"Charlotte Gainsbourg, Stellan Skarsgård, Stacy Martin, Shia LaBeouf, Christian Slater, Uma Thurman, Sophie Kennedy Clark, Connie Nielsen","Denmark, Germany, Belgium, United Kingdom, France","January 1, 2018",2013,NR,117 min,"Dramas, Independent Movies, International Movies",A self-diagnosed nymphomaniac reveals a lifetime of sexual experiences to a man who saves her from being beaten in an alley.
s738,TV Show,Trese,Jay Oliva,"Shay Mitchell, Liza Soberano, Jon Jon Briones, Darren Criss, Manny Jacinto, Dante Basco, Nicole Scherzinger, Lou Diamond Phillips, Steve Blum","Philippines, Singapore, Indonesia","June 11, 2021",2021,TV-MA,1 Season,"Anime Series, Crime TV Shows, TV Horror","In Manila, where dark supernatural forces pervade the criminal underworld, it’s up to Alexandra Trese to keep the peace — but there’s a storm brewing."
